Truck_id,Route_id,Path_length,Completion_Time_alone,Pick_station,Drop_station
0,0,37,380.69218678810057,"(125, 0, 200)","(375, 0, 100)"
1,1,33,373.5234829545089,"(625, 0, 200)","(625, 0, 50)"
2,2,31,369.939131037713,"(125, 0, 100)","(125, 0, 200)"
3,3,27,362.77042720412135,"(375, 0, 200)","(375, 0, 150)"
4,4,21,352.01737145373386,"(125, 0, 0)","(375, 0, 200)"
