Truck_id,Route_id,Path_length,Completion_Time_alone,Pick_station,Drop_station
0,0,45,395.0295944552839,"(125, 0, 0)","(625, 0, 200)"
1,1,35,377.1078348713047,"(125, 0, 150)","(625, 0, 200)"
2,2,31,369.939131037713,"(375, 0, 200)","(375, 0, 0)"
3,3,31,369.939131037713,"(375, 0, 50)","(375, 0, 200)"
4,4,27,362.77042720412135,"(375, 0, 100)","(125, 0, 200)"
