Truck_id,Route_id,Path_length,Completion_Time_alone,Pick_station,Drop_station
0,0,37,380.69218678810057,"(625, 0, 150)","(625, 0, 200)"
1,1,25,359.18607528732554,"(375, 0, 200)","(125, 0, 50)"
2,2,43,391.44524253848806,"(375, 0, 100)","(125, 0, 200)"
3,3,27,362.77042720412135,"(125, 0, 100)","(375, 0, 200)"
4,4,21,352.01737145373386,"(625, 0, 200)","(625, 0, 0)"
