Truck_id,Route_id,Path_length,Completion_Time_alone,Pick_station,Drop_station
0,0,33,373.5234829545089,"(375, 0, 200)","(375, 0, 50)"
1,1,53,409.3670021224673,"(625, 0, 150)","(125, 0, 200)"
2,2,51,405.7826502056714,"(375, 0, 200)","(375, 0, 0)"
3,3,27,362.77042720412135,"(625, 0, 100)","(625, 0, 200)"
4,4,23,355.60172337052967,"(625, 0, 200)","(375, 0, 100)"
