Truck_id,Route_id,Path_length,Completion_Time_alone,Pick_station,Drop_station
0,0,31,369.939131037713,"(625, 0, 200)","(375, 0, 50)"
1,1,43,391.44524253848806,"(375, 0, 200)","(625, 0, 50)"
2,2,15,341.2643157033463,"(125, 0, 200)","(125, 0, 150)"
3,3,39,384.2765387048964,"(375, 0, 200)","(625, 0, 150)"
4,4,47,398.61394637207974,"(125, 0, 200)","(375, 0, 0)"
