Truck_id,Route_id,Path_length,Completion_Time_alone,Pick_station,Drop_station
0,0,19,348.433019536938,"(125, 0, 50)","(125, 0, 200)"
1,1,45,395.0295944552839,"(125, 0, 150)","(625, 0, 200)"
2,2,45,395.0295944552839,"(625, 0, 200)","(625, 0, 0)"
3,3,39,384.2765387048964,"(375, 0, 200)","(625, 0, 150)"
4,4,17,344.8486676201422,"(375, 0, 200)","(375, 0, 100)"
