Truck_id,Route_id,Path_length,Completion_Time_alone,Pick_station,Drop_station
0,0,37,380.69218678810057,"(125, 0, 150)","(375, 0, 200)"
1,1,45,395.0295944552839,"(125, 0, 200)","(375, 0, 100)"
2,2,71,441.6261693736298,"(125, 0, 200)","(625, 0, 100)"
3,3,65,430.8731136232423,"(625, 0, 200)","(125, 0, 0)"
4,4,51,405.7826502056714,"(625, 0, 200)","(375, 0, 50)"
