Truck_id,Route_id,Path_length,Completion_Time_alone,Pick_station,Drop_station
0,0,47,398.61394637207974,"(125, 0, 200)","(625, 0, 150)"
1,1,43,391.44524253848806,"(625, 0, 200)","(125, 0, 50)"
2,2,21,352.01737145373386,"(625, 0, 200)","(375, 0, 0)"
3,3,37,380.69218678810057,"(125, 0, 150)","(375, 0, 200)"
4,4,29,366.3547791209172,"(375, 0, 200)","(375, 0, 150)"
