Truck_id,Route_id,Path_length,Completion_Time_alone,Pick_station,Drop_station
0,0,27,362.77042720412135,"(625, 0, 200)","(625, 0, 150)"
1,1,33,373.5234829545089,"(125, 0, 200)","(125, 0, 50)"
2,2,27,362.77042720412135,"(375, 0, 0)","(375, 0, 200)"
3,3,49,402.1982982888756,"(125, 0, 200)","(625, 0, 50)"
4,4,35,377.1078348713047,"(625, 0, 200)","(625, 0, 0)"
