Truck_id,Route_id,Path_length,Completion_Time_alone,Pick_station,Drop_station
0,0,35,377.1078348713047,"(625, 0, 200)","(375, 0, 50)"
1,1,29,366.3547791209172,"(375, 0, 200)","(375, 0, 100)"
2,2,31,369.939131037713,"(125, 0, 200)","(125, 0, 50)"
3,3,47,398.61394637207974,"(375, 0, 200)","(625, 0, 0)"
4,4,53,409.3670021224673,"(625, 0, 100)","(625, 0, 200)"
