Truck_id,Route_id,Path_length,Completion_Time_alone,Pick_station,Drop_station
0,0,65,430.8731136232423,"(125, 0, 50)","(625, 0, 200)"
1,1,37,380.69218678810057,"(125, 0, 200)","(625, 0, 100)"
2,2,33,373.5234829545089,"(375, 0, 200)","(625, 0, 0)"
3,3,35,377.1078348713047,"(125, 0, 150)","(625, 0, 200)"
4,4,29,366.3547791209172,"(125, 0, 200)","(125, 0, 100)"
