Truck_id,Route_id,Path_length,Completion_Time_alone,Pick_station,Drop_station
0,0,53,409.3670021224673,"(125, 0, 200)","(625, 0, 100)"
1,1,21,352.01737145373386,"(375, 0, 0)","(375, 0, 200)"
2,2,43,391.44524253848806,"(375, 0, 200)","(625, 0, 50)"
3,3,15,341.2643157033463,"(125, 0, 200)","(125, 0, 150)"
4,4,35,377.1078348713047,"(375, 0, 150)","(625, 0, 200)"
