Truck_id,Route_id,Path_length,Completion_Time_alone,Pick_station,Drop_station
0,0,33,373.5234829545089,"(125, 0, 200)","(375, 0, 0)"
1,1,19,348.433019536938,"(375, 0, 200)","(375, 0, 50)"
2,2,45,395.0295944552839,"(625, 0, 0)","(125, 0, 200)"
3,3,21,352.01737145373386,"(125, 0, 0)","(375, 0, 200)"
4,4,23,355.60172337052967,"(625, 0, 150)","(625, 0, 200)"
