Truck_id,Route_id,Origin,Destination,Completion_Time_alone,Completion_Time,Congestion_ratio,TravelTime_by_Distance,PickupSta_AT,DropSta_AT,,,C_max_prev,C_max_now,C_max,Congestion_ratio_AVG_prev,Congestion_ratio_AVG_now,Congestion_ratio_AVG
Truck-0,Route-0,(175.0 0.0 -5.5),(625.0 0.0 200.0),362.7704,366.784,0.06394064,2.473481,16.64,45.152,,,431.12,437.32,437.32,0.135601,0.1609514,0.1482762
Truck-4,Route-4,(175.0 0.0 105.5),(125.0 0.0 0.0),377.1078,380.952,0.04985416,2.312914,34.328,41.808
Truck-104,Route-104,(675.0 0.0 155.5),(375.0 0.0 200.0),373.5235,378.28,0.06469405,2.372121,36.648,36.864
Truck-101,Route-101,(425.0 0.0 155.5),(375.0 0.0 100.0),366.3548,387.096,0.312581,3.003311,32.288,43.88
Truck-2,Route-2,(675.0 0.0 155.5),(625.0 0.0 100.0),384.2766,399.936,0.1858103,2.562462,30.16,64.88
Truck-1,Route-1,(425.0 0.0 55.5),(625.0 0.0 150.0),387.8609,403.632,0.1795006,2.52761,38.32,60.288
Truck-102,Route-102,(175.0 0.0 205.5),(625.0 0.0 150.0),377.1078,403.056,0.3365176,2.944457,7.232,90.84
Truck-103,Route-103,(175.0 0.0 55.5),(625.0 0.0 200.0),409.367,413.928,0.04170366,2.149585,62.304,46.592
Truck-3,Route-3,(425.0 0.0 105.5),(625.0 0.0 50.0),409.367,431.12,0.198899,2.473962,34.536,82.712
Truck-100,Route-100,(425.0 0.0 105.5),(125.0 0.0 200.0),430.8731,437.32,0.04926069,2.112616,76.536,56.024
