Truck_id,Route_id,Origin,Destination,Completion_Time_alone,Completion_Time,Congestion_ratio,TravelTime_by_Distance,PickupSta_AT,DropSta_AT,,,C_max_prev,C_max_now,C_max,Congestion_ratio_AVG_prev,Congestion_ratio_AVG_now,Congestion_ratio_AVG
Truck-1,Route-1,(175.0 0.0 155.5),(125.0 0.0 200.0),341.2643,340.752,-0.01241505,2.716801,7.44,28.264,,,399.824,410.032,410.032,0.03756893,0.01696599,0.02726746
Truck-0,Route-0,(175.0 0.0 205.5),(125.0 0.0 0.0),352.0174,351.728,-0.005562905,2.463238,7.44,39.296
Truck-100,Route-100,(675.0 0.0 205.5),(125.0 0.0 50.0),366.3548,364.04,-0.03488458,2.208276,7.28,51.72
Truck-104,Route-104,(675.0 0.0 55.5),(375.0 0.0 200.0),366.3548,367.824,0.02214217,2.338759,30.424,32.488
Truck-3,Route-3,(675.0 0.0 155.5),(625.0 0.0 200.0),384.2766,384.664,0.004597378,2.170872,29.904,49.72
Truck-102,Route-102,(425.0 0.0 155.5),(125.0 0.0 100.0),366.3548,374.992,0.1301676,2.585931,30.424,39.632
Truck-2,Route-2,(425.0 0.0 155.5),(625.0 0.0 150.0),380.6922,389.536,0.1095993,2.419892,30.584,53.928
Truck-4,Route-4,(425.0 0.0 55.5),(625.0 0.0 200.0),391.4453,399.824,0.0916259,2.321488,47.352,47.64
Truck-103,Route-103,(175.0 0.0 -5.5),(125.0 0.0 200.0),398.614,394.8,-0.03867571,2.017021,31.976,57.928
Truck-101,Route-101,(175.0 0.0 55.5),(625.0 0.0 100.0),409.367,410.032,0.006080523,2.076076,68.76,33.4
