Truck_id,Route_id,Origin,Destination,Completion_Time_alone,Completion_Time,Congestion_ratio,TravelTime_by_Distance,PickupSta_AT,DropSta_AT,,,C_max_prev,C_max_now,C_max,Congestion_ratio_AVG_prev,Congestion_ratio_AVG_now,Congestion_ratio_AVG
Truck-103,Route-103,(175.0 0.0 205.5),(375.0 0.0 0.0),352.0174,355.368,0.06441401,2.636572,7.4,43.096,,,432.928,401.808,432.928,0.09191348,0.08043782,0.08617564
Truck-1,Route-1,(425.0 0.0 155.5),(375.0 0.0 100.0),366.3548,370.848,0.06771518,2.443034,30.768,35.208
Truck-104,Route-104,(425.0 0.0 205.5),(125.0 0.0 200.0),362.7704,365.4,0.04189199,2.422222,32.76,27.624
Truck-2,Route-2,(175.0 0.0 155.5),(125.0 0.0 50.0),369.9391,375.968,0.08620168,2.45058,30.552,40.48
Truck-101,Route-101,(675.0 0.0 155.5),(625.0 0.0 200.0),377.1078,373.808,-0.04279506,2.1088,25.696,43.344
Truck-4,Route-4,(425.0 0.0 55.5),(625.0 0.0 0.0),380.6922,388.616,0.09819781,2.395027,39.272,44.4
Truck-102,Route-102,(675.0 0.0 -5.5),(375.0 0.0 200.0),362.7704,379.552,0.2673486,2.94637,28.496,46.168
Truck-0,Route-0,(675.0 0.0 55.5),(375.0 0.0 50.0),377.1078,389.688,0.1631499,2.562514,40.128,44.64
Truck-100,Route-100,(425.0 0.0 105.5),(625.0 0.0 200.0),395.0296,401.808,0.07132947,2.2624,35.544,61.336
Truck-3,Route-3,(175.0 0.0 55.5),(625.0 0.0 200.0),427.2888,432.928,0.04430282,2.109968,94.288,33.632
