Truck_id,Route_id,Origin,Destination,Completion_Time_alone,Completion_Time,Congestion_ratio,TravelTime_by_Distance,PickupSta_AT,DropSta_AT,,,C_max_prev,C_max_now,C_max,Congestion_ratio_AVG_prev,Congestion_ratio_AVG_now,Congestion_ratio_AVG
Truck-2,Route-2,(175.0 0.0 -5.5),(125.0 0.0 200.0),362.7704,368.968,0.09873395,2.55437,28.36,35.688,,,641.656,635.088,641.656,0.5625437,0.4304896,0.4965166
Truck-1,Route-1,(175.0 0.0 155.5),(125.0 0.0 0.0),373.5235,377.352,0.0520721,2.344,30.12,42.272
Truck-0,Route-0,(675.0 0.0 105.5),(625.0 0.0 0.0),377.1078,379.88,0.03595167,2.282286,33.816,41.048
Truck-104,Route-104,(675.0 0.0 5.5),(125.0 0.0 200.0),369.9391,370.848,0.01299522,2.285419,22.744,43.224
Truck-4,Route-4,(675.0 0.0 155.5),(625.0 0.0 100.0),384.2766,386.864,0.03070206,2.227282,29.896,52
Truck-102,Route-102,(675.0 0.0 55.5),(625.0 0.0 200.0),384.2766,381.032,-0.0384987,2.077744,30.664,45.376
Truck-103,Route-103,(425.0 0.0 55.5),(375.0 0.0 50.0),377.1078,383.776,0.08647825,2.3936,39.952,38.744
Truck-101,Route-101,(175.0 0.0 55.5),(625.0 0.0 200.0),391.4453,393.968,0.02758739,2.185302,31.72,57.152
Truck-3,Route-3,(425.0 0.0 55.5),(625.0 0.0 50.0),395.0296,641.656,2.595259,7.592356,40.016,296.616
Truck-100,Route-100,(175.0 0.0 105.5),(625.0 0.0 50.0),409.367,635.088,2.063886,6.322415,36.616,293.424
