Truck_id,Route_id,Origin,Destination,Completion_Time_alone,Completion_Time,Congestion_ratio,TravelTime_by_Distance,PickupSta_AT,DropSta_AT,,,C_max_prev,C_max_now,C_max,Congestion_ratio_AVG_prev,Congestion_ratio_AVG_now,Congestion_ratio_AVG
Truck-3,Route-3,(425.0 0.0 5.5),(125.0 0.0 200.0),352.0174,354.664,0.05087987,2.603048,7.456,42.336,,,427.784,398.288,427.784,0.0153502,0.07486486,0.04510753
Truck-100,Route-100,(425.0 0.0 205.5),(375.0 0.0 0.0),352.0174,354.736,0.05226385,2.606476,7.48,42.184
Truck-102,Route-102,(675.0 0.0 205.5),(375.0 0.0 50.0),348.433,356.08,0.1578876,2.951578,7.48,43.568
Truck-0,Route-0,(675.0 0.0 55.5),(125.0 0.0 200.0),384.2766,378.96,-0.06308468,2.024615,22.776,51.256
Truck-104,Route-104,(175.0 0.0 -5.5),(375.0 0.0 150.0),366.3548,370.456,0.06180757,2.429517,37.888,27.64
Truck-101,Route-101,(675.0 0.0 55.5),(125.0 0.0 200.0),366.3548,370.872,0.06807713,2.443862,7.48,58.4
Truck-4,Route-4,(675.0 0.0 -5.5),(125.0 0.0 100.0),387.8609,389.768,0.02170595,2.189464,35.904,48.88
Truck-1,Route-1,(175.0 0.0 55.5),(375.0 0.0 150.0),387.8609,390.872,0.03427131,2.21639,58.112,27.984
Truck-103,Route-103,(175.0 0.0 105.5),(625.0 0.0 0.0),395.0296,398.288,0.03428818,2.184178,36.536,53.856
Truck-2,Route-2,(175.0 0.0 155.5),(125.0 0.0 50.0),423.7044,427.784,0.03297853,2.09482,68.12,54.736
