Truck_id,Route_id,Path_length,Completion_Time_alone,Pick_station,Drop_station
0,0,33,373.5234829545089,"(375, 0, 200)","(625, 0, 50)"
1,1,31,369.939131037713,"(125, 0, 200)","(125, 0, 100)"
2,2,25,359.18607528732554,"(625, 0, 150)","(125, 0, 200)"
3,3,41,387.86089062169225,"(375, 0, 50)","(625, 0, 200)"
4,4,31,369.939131037713,"(125, 0, 0)","(625, 0, 200)"
