Truck_id,Route_id,Path_length,Completion_Time_alone,Pick_station,Drop_station
0,0,53,409.3670021224673,"(625, 0, 200)","(125, 0, 50)"
1,1,43,391.44524253848806,"(125, 0, 0)","(625, 0, 200)"
2,2,17,344.8486676201422,"(625, 0, 100)","(375, 0, 200)"
3,3,69,438.041817456834,"(125, 0, 200)","(625, 0, 150)"
4,4,31,369.939131037713,"(375, 0, 200)","(375, 0, 100)"
