Truck_id,Route_id,Path_length,Completion_Time_alone,Pick_station,Drop_station
0,0,59,420.1200578728548,"(125, 0, 200)","(375, 0, 100)"
1,1,35,377.1078348713047,"(625, 0, 200)","(625, 0, 0)"
2,2,59,420.1200578728548,"(125, 0, 200)","(375, 0, 50)"
3,3,39,384.2765387048964,"(375, 0, 200)","(125, 0, 150)"
4,4,25,359.18607528732554,"(375, 0, 200)","(625, 0, 150)"
