Truck_id,Route_id,Path_length,Completion_Time_alone,Pick_station,Drop_station
0,0,27,362.77042720412135,"(375, 0, 150)","(375, 0, 200)"
1,1,55,412.9513540392631,"(125, 0, 200)","(375, 0, 50)"
2,2,69,438.041817456834,"(125, 0, 100)","(625, 0, 200)"
3,3,25,359.18607528732554,"(125, 0, 150)","(375, 0, 200)"
4,4,53,409.3670021224673,"(125, 0, 50)","(625, 0, 200)"
