Truck_id,Route_id,Path_length,Completion_Time_alone,Pick_station,Drop_station
0,0,31,69.93913103771305,"(125, 0, 100)","(125, 0, 200)"
1,1,25,59.18607528732554,"(625, 0, 150)","(125, 0, 200)"
2,2,19,48.43301953693802,"(625, 0, 50)","(625, 0, 200)"
3,3,35,77.10783487130473,"(125, 0, 150)","(375, 0, 200)"
4,4,39,84.27653870489641,"(125, 0, 50)","(375, 0, 200)"
