Truck_id,Route_id,Path_length,Completion_Time_alone,Pick_station,Drop_station
0,0,41,87.86089062169225,"(375, 0, 200)","(625, 0, 100)"
1,1,25,59.18607528732554,"(375, 0, 200)","(625, 0, 150)"
2,2,43,91.44524253848809,"(125, 0, 200)","(625, 0, 0)"
3,3,37,80.69218678810057,"(625, 0, 200)","(375, 0, 0)"
4,4,43,91.44524253848809,"(125, 0, 200)","(375, 0, 50)"
