Truck_id,Route_id,Path_length,Completion_Time_alone,Pick_station,Drop_station
0,0,49,102.1982982888756,"(125, 0, 200)","(625, 0, 100)"
1,1,39,84.27653870489641,"(375, 0, 200)","(625, 0, 150)"
2,2,33,73.52348295450889,"(125, 0, 200)","(125, 0, 0)"
3,3,17,44.84866762014218,"(375, 0, 200)","(375, 0, 100)"
4,4,31,69.93913103771305,"(375, 0, 0)","(625, 0, 200)"
