Truck_id,Route_id,Path_length,Completion_Time_alone,Pick_station,Drop_station
0,0,47,398.61394637207974,"(125, 0, 200)","(375, 0, 0)"
1,1,39,384.2765387048964,"(125, 0, 200)","(125, 0, 0)"
2,2,31,369.939131037713,"(375, 0, 200)","(375, 0, 50)"
3,3,37,380.69218678810057,"(375, 0, 100)","(625, 0, 200)"
4,4,17,344.8486676201422,"(375, 0, 100)","(375, 0, 200)"
5,5,35,377.1078348713047,"(125, 0, 200)","(125, 0, 50)"
6,6,25,359.18607528732554,"(125, 0, 150)","(375, 0, 200)"
7,7,37,380.69218678810057,"(125, 0, 100)","(625, 0, 200)"
8,8,27,362.77042720412135,"(375, 0, 200)","(625, 0, 100)"
9,9,15,341.2643157033463,"(625, 0, 200)","(625, 0, 150)"
10,10,27,362.77042720412135,"(625, 0, 0)","(375, 0, 200)"
11,11,25,359.18607528732554,"(375, 0, 150)","(625, 0, 200)"
12,12,35,377.1078348713047,"(125, 0, 200)","(625, 0, 150)"
13,13,29,366.3547791209172,"(625, 0, 200)","(375, 0, 150)"
14,14,29,366.3547791209172,"(125, 0, 50)","(375, 0, 200)"
15,15,35,377.1078348713047,"(125, 0, 150)","(625, 0, 200)"
16,16,31,369.939131037713,"(625, 0, 200)","(625, 0, 100)"
17,17,47,398.61394637207974,"(125, 0, 200)","(625, 0, 0)"
18,18,55,412.9513540392631,"(125, 0, 200)","(625, 0, 50)"
19,19,31,369.939131037713,"(375, 0, 200)","(375, 0, 50)"
20,20,17,344.8486676201422,"(125, 0, 100)","(125, 0, 200)"
21,21,21,352.01737145373386,"(625, 0, 200)","(625, 0, 0)"
22,22,29,366.3547791209172,"(625, 0, 50)","(125, 0, 200)"
23,23,21,352.01737145373386,"(375, 0, 0)","(375, 0, 200)"
24,24,39,384.2765387048964,"(125, 0, 200)","(125, 0, 0)"
