Truck_id,Route_id,Origin,Destination,Completion_Time_alone,Completion_Time,Congestion_ratio,TravelTime_by_Distance,PickupSta_AT,DropSta_AT,,,C_max_prev,C_max_now,C_max,Congestion_ratio_AVG_prev,Congestion_ratio_AVG_now,Congestion_ratio_AVG
Truck-1,Route-1,(175.0 0.0 105.5),(125.0 0.0 200.0),344.8487,344.728,-0.002690526,2.631059,6.856,32.8,,,384.392,408.984,408.984,0.01701138,0.008259298,0.01263534
Truck-4,Route-4,(175.0 0.0 194.5),(125.0 0.0 150.0),352.0174,351.344,-0.01294511,2.444952,16.472,29.84
Truck-3,Route-3,(425.0 0.0 55.5),(375.0 0.0 100.0),373.5235,377.472,0.05370417,2.347636,39,33.392
Truck-2,Route-2,(425.0 0.0 155.5),(375.0 0.0 150.0),380.6922,380.784,0.001137618,2.183351,45.6,30.136
Truck-0,Route-0,(175.0 0.0 155.5),(125.0 0.0 200.0),380.6922,384.392,0.04585076,2.280865,36.76,42.584
Truck-104,Route-104,(425.0 0.0 55.5),(125.0 0.0 200.0),366.3548,362.504,-0.05803304,2.15531,22.792,34.624
Truck-102,Route-102,(425.0 0.0 -5.5),(375.0 0.0 200.0),362.7704,366.808,0.06432325,2.474371,29.544,32.272
Truck-100,Route-100,(675.0 0.0 155.5),(375.0 0.0 0.0),373.5235,377,0.04728466,2.333333,30.048,41.92
Truck-103,Route-103,(175.0 0.0 155.5),(375.0 0.0 150.0),380.6922,379.984,-0.008776449,2.16173,30.04,44.888
Truck-101,Route-101,(175.0 0.0 -5.5),(375.0 0.0 50.0),409.367,408.984,-0.00350193,2.056302,68.736,35.2
