Truck_id,Route_id,Origin,Destination,Completion_Time_alone,Completion_Time,Congestion_ratio,CompletionTime_by_Distance,PickupSta_AT,DropSta_AT,,,C_max_prev,C_max_now,C_max,Congestion_ratio_AVG_prev,Congestion_ratio_AVG_now,Congestion_ratio_AVG
Truck-4,Route-4,(675.0 0.0 155.5),(125.0 0.0 200.0),359.1861,356.16,-0.05112795,14.2464,22.928,28.072,,,405.208,397.384,405.208,0.01045857,0.05417756,0.03231807
Truck-2,Route-2,(175.0 0.0 194.5),(625.0 0.0 50.0),377.1078,374.008,-0.04020153,10.68594,31.76,37.2
Truck-0,Route-0,(175.0 0.0 -5.5),(375.0 0.0 200.0),380.6922,381.472,0.009663699,10.31005,32.008,44.192
Truck-3,Route-3,(675.0 0.0 55.5),(375.0 0.0 50.0),377.1078,387.856,0.139391,11.0816,40.544,42.096
Truck-1,Route-1,(175.0 0.0 105.5),(625.0 0.0 100.0),405.7827,405.208,-0.005432327,7.945255,35.976,64.248
Truck-102,Route-102,(425.0 0.0 105.5),(125.0 0.0 200.0),362.7704,360.68,-0.03330269,13.35852,7.48,48.04
Truck-103,Route-103,(175.0 0.0 194.5),(625.0 0.0 150.0),369.9391,378.416,0.1212035,12.20697,16.768,56.44
Truck-100,Route-100,(675.0 0.0 155.5),(375.0 0.0 0.0),373.5235,380.232,0.09124333,11.52218,30.36,44.808
Truck-101,Route-101,(425.0 0.0 -5.5),(125.0 0.0 200.0),380.6922,386.096,0.06696817,10.43503,16.768,64.184
Truck-104,Route-104,(175.0 0.0 55.5),(375.0 0.0 50.0),395.0296,397.384,0.02477545,8.830755,53.736,38.496
