Truck_id,Route_id,Origin,Destination,Completion_Time_alone,Completion_Time,Congestion_ratio,TravelTime_by_Distance,PickupSta_AT,DropSta_AT,,,C_max_prev,C_max_now,C_max,Congestion_ratio_AVG_prev,Congestion_ratio_AVG_now,Congestion_ratio_AVG
Truck-0,Route-0,(425.0 0.0 55.5),(125.0 0.0 200.0),348.433,347.272,-0.02397147,2.488,6.952,35.248,,,404.896,398.408,404.896,0.09726886,0.03026524,0.06376703
Truck-3,Route-3,(175.0 0.0 194.5),(125.0 0.0 150.0),352.0174,358.336,0.1214716,2.777905,16.384,36.92
Truck-2,Route-2,(675.0 0.0 105.5),(375.0 0.0 100.0),369.9391,379.536,0.1372178,2.565678,35.52,35.936
Truck-4,Route-4,(175.0 0.0 105.5),(125.0 0.0 200.0),377.1078,381.56,0.05773924,2.330286,33.64,42.816
Truck-1,Route-1,(425.0 0.0 -5.5),(125.0 0.0 100.0),387.8609,404.896,0.1938871,2.558439,39.16,54.696
Truck-102,Route-102,(675.0 0.0 205.5),(625.0 0.0 100.0),344.8487,348.424,0.07972028,2.848471,7.032,36.424
Truck-103,Route-103,(675.0 0.0 155.5),(375.0 0.0 150.0),362.7704,365.432,0.04240199,2.423408,30.224,30.176
Truck-101,Route-101,(175.0 0.0 205.5),(375.0 0.0 50.0),366.3548,366.152,-0.003055678,2.281104,7.032,54.096
Truck-100,Route-100,(175.0 0.0 155.5),(125.0 0.0 200.0),380.6922,386.288,0.0693474,2.332108,36.8,44.488
Truck-104,Route-104,(675.0 0.0 55.5),(375.0 0.0 200.0),402.1983,398.408,-0.03708784,2.008326,45.784,47.6
