Truck_id,Route_id,Origin,Destination,Completion_Time_alone,Completion_Time,Congestion_ratio,TravelTime_by_Distance,PickupSta_AT,DropSta_AT,,,C_max_prev,C_max_now,C_max,Congestion_ratio_AVG_prev,Congestion_ratio_AVG_now,Congestion_ratio_AVG
Truck-3,Route-3,(175.0 0.0 55.5),(125.0 0.0 200.0),348.433,348,-0.00894047,2.526316,6.888,36.024,,,390.072,408.504,408.504,0.02909186,0.02226497,0.02567842
Truck-4,Route-4,(425.0 0.0 194.5),(625.0 0.0 150.0),352.0174,351.328,-0.01325253,2.444191,16.472,29.84
Truck-1,Route-1,(425.0 0.0 105.5),(125.0 0.0 150.0),366.3548,371.552,0.07832497,2.46731,35.944,30.576
Truck-0,Route-0,(675.0 0.0 -5.5),(125.0 0.0 200.0),380.6922,389.112,0.1043447,2.408432,26.968,57.088
Truck-2,Route-2,(675.0 0.0 155.5),(625.0 0.0 200.0),391.4453,390.072,-0.0150173,2.094697,35.192,49.792
Truck-100,Route-100,(675.0 0.0 205.5),(375.0 0.0 0.0),352.0174,352.56,0.01043177,2.502857,7.08,40.528
Truck-102,Route-102,(175.0 0.0 194.5),(375.0 0.0 50.0),359.1861,356.616,-0.04342354,2.26464,16.528,35.072
Truck-104,Route-104,(675.0 0.0 55.5),(125.0 0.0 200.0),391.4453,398.264,0.07456654,2.285209,30.96,62.304
Truck-101,Route-101,(175.0 0.0 105.5),(625.0 0.0 100.0),405.7827,402.552,-0.03054047,2.010823,34.376,63.176
Truck-103,Route-103,(175.0 0.0 55.5),(125.0 0.0 0.0),398.614,408.504,0.1002905,2.308596,59.144,44.4
