Truck_id,Route_id,Origin,Destination,Completion_Time_alone,Completion_Time,Congestion_ratio,TravelTime_by_Distance,PickupSta_AT,DropSta_AT,,,C_max_prev,C_max_now,C_max,Congestion_ratio_AVG_prev,Congestion_ratio_AVG_now,Congestion_ratio_AVG
Truck-3,Route-3,(425.0 0.0 155.5),(375.0 0.0 200.0),377.1078,370.624,-0.08408815,2.017828,22.76,42.896,,,393.64,414.928,414.928,0.0243556,0.02616266,0.02525913
Truck-0,Route-0,(675.0 0.0 -5.5),(125.0 0.0 200.0),380.6922,383.552,0.03544088,2.258162,32.872,45.672
Truck-1,Route-1,(675.0 0.0 55.5),(375.0 0.0 50.0),377.1078,384.016,0.08959065,2.400457,37.008,38.952
Truck-4,Route-4,(675.0 0.0 105.5),(125.0 0.0 100.0),387.8609,389.184,0.01505891,2.175219,33.408,50.72
Truck-2,Route-2,(425.0 0.0 105.5),(375.0 0.0 200.0),387.8609,393.64,0.06577571,2.283903,29.28,59.296
Truck-104,Route-104,(425.0 0.0 105.5),(375.0 0.0 200.0),377.1078,382.224,0.06635057,2.349257,33.896,43.288
Truck-100,Route-100,(175.0 0.0 155.5),(375.0 0.0 50.0),387.8609,389.528,0.01897447,2.18361,29.856,54.688
Truck-103,Route-103,(425.0 0.0 155.5),(125.0 0.0 150.0),398.614,398.2,-0.004197585,2.089362,47.504,45.656
Truck-102,Route-102,(175.0 0.0 55.5),(375.0 0.0 200.0),409.367,409.24,-0.001161357,2.061132,62.408,41.888
Truck-101,Route-101,(175.0 0.0 194.5),(125.0 0.0 200.0),409.367,414.928,0.05084719,2.168453,67.04,42.872
