Truck_id,Route_id,Origin,Destination,Completion_Time_alone,Completion_Time,Congestion_ratio,TravelTime_by_Distance,PickupSta_AT,DropSta_AT,,,C_max_prev,C_max_now,C_max,Congestion_ratio_AVG_prev,Congestion_ratio_AVG_now,Congestion_ratio_AVG
Truck-1,Route-1,(675.0 0.0 5.5),(375.0 0.0 200.0),352.0174,350.112,-0.0366294,2.386286,6.832,38.24,,,385.68,455.52,455.52,-0.01201254,0.01175586,-0.0001283366
Truck-4,Route-4,(675.0 0.0 205.5),(125.0 0.0 150.0),359.1861,354.136,-0.08532548,2.165439,6.832,42.264
Truck-2,Route-2,(425.0 0.0 205.5),(375.0 0.0 150.0),377.1078,377.008,-0.001294985,2.200228,22.552,49.408
Truck-3,Route-3,(675.0 0.0 105.5),(375.0 0.0 200.0),377.1078,380.696,0.04653437,2.3056,34.224,41.424
Truck-0,Route-0,(675.0 0.0 155.5),(125.0 0.0 100.0),384.2766,385.68,0.01665282,2.196923,29.784,50.872
Truck-100,Route-100,(675.0 0.0 194.5),(625.0 0.0 200.0),362.7704,365.704,0.04673529,2.433482,28.144,32.512
Truck-104,Route-104,(175.0 0.0 194.5),(375.0 0.0 200.0),373.5235,371.816,-0.02322331,2.176243,23.504,43.312
Truck-101,Route-101,(175.0 0.0 55.5),(375.0 0.0 200.0),373.5235,375.84,0.03150733,2.298182,31.088,39.704
Truck-103,Route-103,(425.0 0.0 194.5),(125.0 0.0 200.0),391.4453,387.656,-0.04143731,2.038512,40.024,42.616
Truck-102,Route-102,(175.0 0.0 105.5),(125.0 0.0 200.0),448.7949,455.52,0.04519732,2.0736,94.84,55.64
