Truck_id,Route_id,Origin,Destination,Completion_Time_alone,Completion_Time,Congestion_ratio,TravelTime_by_Distance,PickupSta_AT,DropSta_AT,,,C_max_prev,C_max_now,C_max,Congestion_ratio_AVG_prev,Congestion_ratio_AVG_now,Congestion_ratio_AVG
Truck-0,Route-0,(175.0 0.0 205.5),(375.0 0.0 150.0),359.1861,358.712,-0.008009656,2.34848,6.88,46.76,,,405.472,406.408,406.408,0.04505096,0.04519441,0.04512268
Truck-1,Route-1,(425.0 0.0 155.5),(375.0 0.0 50.0),369.9391,374.56,0.06607004,2.405161,29.856,39.704
Truck-2,Route-2,(175.0 0.0 -5.5),(375.0 0.0 200.0),380.6922,383.56,0.03553996,2.258378,26.056,52.512
Truck-4,Route-4,(425.0 0.0 -5.5),(125.0 0.0 200.0),380.6922,385.704,0.06211022,2.316325,34.28,46.4
Truck-3,Route-3,(675.0 0.0 55.5),(125.0 0.0 0.0),398.614,405.472,0.06954424,2.244085,39.856,60.592
Truck-101,Route-101,(675.0 0.0 -5.5),(625.0 0.0 200.0),362.7704,367.592,0.07681316,2.503408,29.744,32.752
Truck-102,Route-102,(675.0 0.0 155.5),(625.0 0.0 150.0),380.6922,382.512,0.02255229,2.230054,30.232,47.216
Truck-104,Route-104,(425.0 0.0 55.5),(375.0 0.0 200.0),384.2766,384.056,-0.002616986,2.155282,30.232,48.76
Truck-100,Route-100,(175.0 0.0 5.5),(375.0 0.0 0.0),402.1983,403.168,0.009488377,2.105469,41.464,56.696
Truck-103,Route-103,(425.0 0.0 5.5),(375.0 0.0 100.0),395.0296,406.408,0.1197352,2.364622,44.064,51.248
