Truck_id,Route_id,Origin,Destination,Completion_Time_alone,Completion_Time,Congestion_ratio,CompletionTime_by_Distance,PickupSta_AT,DropSta_AT,,,C_max_prev,C_max_now,C_max,Congestion_ratio_AVG_prev,Congestion_ratio_AVG_now,Congestion_ratio_AVG
Truck-4,Route-4,(675.0 0.0 155.5),(375.0 0.0 200.0),341.2643,342.952,0.04089934,22.86347,7.368,30.48,,,398.544,399.616,399.616,0.04728401,-0.005199385,0.02104231
Truck-2,Route-2,(675.0 0.0 105.5),(125.0 0.0 200.0),362.7704,363.848,0.01716693,13.47585,7.368,51.432
Truck-1,Route-1,(175.0 0.0 -5.5),(125.0 0.0 200.0),362.7704,367.448,0.07451889,13.60919,34.744,27.632
Truck-0,Route-0,(175.0 0.0 105.5),(375.0 0.0 0.0),395.0296,397.52,0.02620643,8.833777,50.36,42.12
Truck-3,Route-3,(675.0 0.0 55.5),(125.0 0.0 100.0),391.4453,398.544,0.07762847,9.268465,40.296,53.168
Truck-103,Route-103,(425.0 0.0 105.5),(125.0 0.0 200.0),344.8487,345.296,0.009974136,20.31153,7.368,32.92
Truck-102,Route-102,(175.0 0.0 105.5),(375.0 0.0 200.0),362.7704,359.792,-0.04744949,13.32563,7.368,47.488
Truck-104,Route-104,(175.0 0.0 155.5),(625.0 0.0 200.0),377.1078,370.8,-0.0818057,10.59429,7.368,58.416
Truck-101,Route-101,(425.0 0.0 155.5),(625.0 0.0 100.0),384.2766,384.608,0.003932902,9.861744,31.048,48.424
Truck-100,Route-100,(425.0 0.0 -5.5),(625.0 0.0 50.0),391.4453,399.616,0.08935123,9.293395,52.432,42.152
