Truck_id,Route_id,Origin,Destination,Completion_Time_alone,Completion_Time,Congestion_ratio,TravelTime_by_Distance,PickupSta_AT,DropSta_AT,,,C_max_prev,C_max_now,C_max,Congestion_ratio_AVG_prev,Congestion_ratio_AVG_now,Congestion_ratio_AVG
Truck-0,Route-0,(425.0 0.0 105.5),(625.0 0.0 200.0),362.7704,363.368,0.009520332,2.346963,6.88,51.416,,,403.072,397.648,403.072,0.04515257,0.03062627,0.03788942
Truck-1,Route-1,(675.0 0.0 -5.5),(375.0 0.0 200.0),362.7704,369.544,0.1079106,2.575704,32.704,31.8
Truck-3,Route-3,(425.0 0.0 55.5),(375.0 0.0 200.0),384.2766,383.504,-0.009166874,2.141128,30.08,48.44
Truck-2,Route-2,(675.0 0.0 55.5),(125.0 0.0 200.0),391.4453,398.056,0.07229187,2.280372,30.776,62.256
Truck-4,Route-4,(175.0 0.0 155.5),(125.0 0.0 200.0),398.614,403.072,0.04520698,2.193021,52.728,45.312
Truck-102,Route-102,(175.0 0.0 155.5),(125.0 0.0 50.0),369.9391,370.384,0.006361036,2.270452,30.24,34.992
Truck-104,Route-104,(675.0 0.0 -5.5),(625.0 0.0 150.0),366.3548,372.952,0.09942359,2.515586,35.84,31.928
Truck-101,Route-101,(425.0 0.0 105.5),(375.0 0.0 50.0),373.5235,379.608,0.08275635,2.412364,37.064,37.36
Truck-103,Route-103,(175.0 0.0 -5.5),(625.0 0.0 200.0),398.614,396.088,-0.02561443,2.044426,48.104,42.744
Truck-100,Route-100,(175.0 0.0 55.5),(625.0 0.0 0.0),398.614,397.648,-0.00979519,2.077617,52.704,39.736
