Truck_id,Route_id,Origin,Destination,Completion_Time_alone,Completion_Time,Congestion_ratio,TravelTime_by_Distance,PickupSta_AT,DropSta_AT,,,C_max_prev,C_max_now,C_max,Congestion_ratio_AVG_prev,Congestion_ratio_AVG_now,Congestion_ratio_AVG
Truck-0,Route-0,(425.0 0.0 205.5),(625.0 0.0 100.0),362.7704,363.896,0.01793169,2.366518,7.064,51.752,,,392.816,398.064,398.064,0.04329196,0.0267315,0.03501173
Truck-2,Route-2,(175.0 0.0 105.5),(125.0 0.0 150.0),366.3548,366.472,0.001766535,2.292137,33.992,27.456
Truck-4,Route-4,(675.0 0.0 205.5),(375.0 0.0 50.0),366.3548,370.776,0.06663024,2.440552,7.064,58.616
Truck-1,Route-1,(675.0 0.0 5.5),(375.0 0.0 200.0),369.9391,377.992,0.1151414,2.515871,22.648,47.28
Truck-3,Route-3,(175.0 0.0 55.5),(375.0 0.0 100.0),391.4453,392.816,0.01498993,2.158512,37.344,50.32
Truck-104,Route-104,(675.0 0.0 55.5),(375.0 0.0 200.0),348.433,348.24,-0.003985374,2.538947,7.12,36.056
Truck-103,Route-103,(425.0 0.0 105.5),(125.0 0.0 200.0),362.7704,362.592,-0.002842195,2.318223,30.28,27.296
Truck-101,Route-101,(175.0 0.0 -5.5),(625.0 0.0 200.0),380.6922,379.656,-0.01284131,2.152865,35.448,39.152
Truck-102,Route-102,(675.0 0.0 -5.5),(125.0 0.0 200.0),380.6922,387.224,0.08094709,2.357405,29.768,52.408
Truck-100,Route-100,(175.0 0.0 105.5),(375.0 0.0 50.0),391.4453,398.064,0.07237931,2.280558,58.296,34.68
