Truck_id,Route_id,Origin,Destination,Completion_Time_alone,Completion_Time,Congestion_ratio,TravelTime_by_Distance,PickupSta_AT,DropSta_AT,,,C_max_prev,C_max_now,C_max,Congestion_ratio_AVG_prev,Congestion_ratio_AVG_now,Congestion_ratio_AVG
Truck-3,Route-3,(425.0 0.0 155.5),(375.0 0.0 200.0),377.1078,370.712,-0.08294673,2.020343,22.704,42.96,,,395.672,450.624,450.624,0.02846668,0.01913347,0.02380007
Truck-0,Route-0,(675.0 0.0 -5.5),(125.0 0.0 200.0),380.6922,380.488,-0.002530519,2.175352,32.8,42.664
Truck-1,Route-1,(675.0 0.0 55.5),(375.0 0.0 50.0),377.1078,385.808,0.1128311,2.451658,39.152,38.624
Truck-2,Route-2,(425.0 0.0 105.5),(375.0 0.0 200.0),387.8609,390.152,0.02607653,2.198829,29.216,55.864
Truck-4,Route-4,(675.0 0.0 105.5),(125.0 0.0 100.0),387.8609,395.672,0.08890298,2.333463,35.456,55.184
Truck-101,Route-101,(175.0 0.0 205.5),(375.0 0.0 50.0),366.3548,366.984,0.009482996,2.309793,6.976,54.984
Truck-103,Route-103,(425.0 0.0 155.5),(375.0 0.0 200.0),380.6922,386.136,0.06746361,2.328,38.544,42.536
Truck-100,Route-100,(175.0 0.0 155.5),(375.0 0.0 200.0),416.5357,418.568,0.01743918,2.08014,68.016,45.504
Truck-104,Route-104,(425.0 0.0 105.5),(125.0 0.0 200.0),430.8731,429.432,-0.01101144,1.991262,81.576,42.824
Truck-102,Route-102,(175.0 0.0 55.5),(125.0 0.0 150.0),448.7949,450.624,0.01229298,2.00832,97.848,47.72
