Truck_id,Route_id,Origin,Destination,Completion_Time_alone,Completion_Time,Congestion_ratio,TravelTime_by_Distance,PickupSta_AT,DropSta_AT,,,C_max_prev,C_max_now,C_max,Congestion_ratio_AVG_prev,Congestion_ratio_AVG_now,Congestion_ratio_AVG
Truck-3,Route-3,(675.0 0.0 194.5),(625.0 0.0 200.0),355.6017,357.888,0.04111897,2.51687,24.72,28.256,,,394.464,400.4,400.4,0.0663829,0.1058775,0.08613022
Truck-103,Route-103,(175.0 0.0 205.5),(125.0 0.0 100.0),344.8487,352.184,0.1635573,3.069647,7.544,39.576
Truck-4,Route-4,(175.0 0.0 194.5),(625.0 0.0 50.0),377.1078,374.688,-0.03138281,2.133943,16.544,53.312
Truck-1,Route-1,(425.0 0.0 -5.5),(375.0 0.0 200.0),362.7704,378.56,0.251545,2.90963,26.824,46.72
Truck-104,Route-104,(675.0 0.0 55.5),(125.0 0.0 200.0),366.3548,373.496,0.107622,2.534345,22.88,45.704
Truck-0,Route-0,(425.0 0.0 155.5),(375.0 0.0 150.0),380.6922,383.728,0.03762194,2.262919,45.904,32.928
Truck-101,Route-101,(425.0 0.0 155.5),(375.0 0.0 200.0),377.1078,378.272,0.01509774,2.236343,22.88,50.6
Truck-2,Route-2,(175.0 0.0 55.5),(375.0 0.0 100.0),391.4453,394.464,0.03301142,2.196837,39.184,50.416
Truck-102,Route-102,(425.0 0.0 105.5),(375.0 0.0 200.0),377.1078,391.496,0.1865978,2.614172,34.768,51.792
Truck-100,Route-100,(425.0 0.0 194.5),(625.0 0.0 200.0),395.0296,400.4,0.05651283,2.231111,51.92,43.664
