Truck_id,Route_id,Origin,Destination,Completion_Time_alone,Completion_Time,Congestion_ratio,TravelTime_by_Distance,PickupSta_AT,DropSta_AT,,,C_max_prev,C_max_now,C_max,Congestion_ratio_AVG_prev,Congestion_ratio_AVG_now,Congestion_ratio_AVG
Truck-100,Route-100,(675.0 0.0 205.5),(625.0 0.0 50.0),348.433,353.4,0.1025536,2.810526,7.504,40.936,,,409.16,412.92,412.92,0.1242942,0.08926745,0.1067808
Truck-4,Route-4,(425.0 0.0 5.5),(375.0 0.0 200.0),369.9391,375.736,0.08288459,2.443097,23.088,47.92
Truck-2,Route-2,(425.0 0.0 155.5),(125.0 0.0 50.0),369.9391,383,0.1867465,2.677419,30.768,47.304
Truck-1,Route-1,(675.0 0.0 55.5),(125.0 0.0 150.0),369.9391,383,0.1867465,2.677419,42.136,35.968
Truck-0,Route-0,(675.0 0.0 105.5),(625.0 0.0 0.0),377.1078,387.376,0.1331662,2.496457,37.32,45.208
Truck-102,Route-102,(675.0 0.0 155.5),(625.0 0.0 100.0),384.2766,395.448,0.132557,2.447385,37.576,52.968
Truck-3,Route-3,(175.0 0.0 55.5),(625.0 0.0 150.0),405.7827,409.16,0.03192725,2.140392,39.744,64.616
Truck-104,Route-104,(675.0 0.0 105.5),(375.0 0.0 0.0),395.0296,401.84,0.07166603,2.263111,50.536,46.408
Truck-101,Route-101,(675.0 0.0 5.5),(375.0 0.0 200.0),405.7827,409.448,0.03464977,2.146039,53.992,50.512
Truck-103,Route-103,(175.0 0.0 5.5),(625.0 0.0 0.0),402.1983,412.92,0.1049108,2.30449,45.408,62.528
