Truck_id,Route_id,Origin,Destination,Completion_Time_alone,Completion_Time,Congestion_ratio,TravelTime_by_Distance,PickupSta_AT,DropSta_AT,,,C_max_prev,C_max_now,C_max,Congestion_ratio_AVG_prev,Congestion_ratio_AVG_now,Congestion_ratio_AVG
Truck-0,Route-0,(675.0 0.0 105.5),(625.0 0.0 200.0),344.8487,347.216,0.05278508,2.777412,7.208,34.944,,,389.104,405.976,405.976,0.04513157,0.09595586,0.07054372
Truck-100,Route-100,(425.0 0.0 155.5),(125.0 0.0 200.0),341.2643,342.912,0.03992977,2.860799,7.664,30.448
Truck-4,Route-4,(675.0 0.0 155.5),(375.0 0.0 100.0),366.3548,373.888,0.1135297,2.547862,31.392,37.456
Truck-3,Route-3,(425.0 0.0 105.5),(375.0 0.0 200.0),380.6922,383.528,0.03514361,2.257514,31.392,47.304
Truck-104,Route-104,(425.0 0.0 105.5),(125.0 0.0 150.0),366.3548,375.784,0.1421033,2.613241,38.384,32.632
Truck-1,Route-1,(675.0 0.0 194.5),(125.0 0.0 200.0),387.8609,388.744,0.01005097,2.164488,33.36,50.592
Truck-2,Route-2,(175.0 0.0 55.5),(375.0 0.0 150.0),387.8609,389.104,0.01414854,2.173268,39.944,44.32
Truck-102,Route-102,(425.0 0.0 -5.5),(375.0 0.0 50.0),391.4453,394.208,0.03021214,2.190884,38.392,50.992
Truck-103,Route-103,(175.0 0.0 -5.5),(375.0 0.0 200.0),380.6922,396.256,0.1928788,2.601514,36.704,54.584
Truck-101,Route-101,(425.0 0.0 55.5),(625.0 0.0 0.0),398.614,405.976,0.07465536,2.254809,57.328,43.672
