Truck_id,Route_id,Origin,Destination,Completion_Time_alone,Completion_Time,Congestion_ratio,TravelTime_by_Distance,PickupSta_AT,DropSta_AT,,,C_max_prev,C_max_now,C_max,Congestion_ratio_AVG_prev,Congestion_ratio_AVG_now,Congestion_ratio_AVG
Truck-3,Route-3,(675.0 0.0 205.5),(625.0 0.0 0.0),352.0174,356.312,0.0825618,2.681524,7.24,44.168,,,392.08,410.816,410.816,0.06520642,0.1001478,0.08267711
Truck-100,Route-100,(675.0 0.0 205.5),(625.0 0.0 100.0),344.8487,350.064,0.1162873,2.944941,7.536,37.536
Truck-102,Route-102,(175.0 0.0 5.5),(125.0 0.0 200.0),352.0174,359.656,0.1468479,2.840762,7.536,47.208
Truck-1,Route-1,(675.0 0.0 105.5),(625.0 0.0 150.0),366.3548,370.536,0.06301346,2.432276,36.352,29.208
Truck-104,Route-104,(425.0 0.0 155.5),(375.0 0.0 100.0),366.3548,371.128,0.07193491,2.452689,31.224,34.992
Truck-4,Route-4,(425.0 0.0 105.5),(375.0 0.0 200.0),380.6922,383.52,0.03504415,2.257297,22.832,55.896
Truck-2,Route-2,(425.0 0.0 55.5),(375.0 0.0 200.0),384.2766,388.728,0.05281952,2.275077,22.832,61.056
Truck-0,Route-0,(175.0 0.0 155.5),(375.0 0.0 100.0),384.2766,392.08,0.09259321,2.361025,30.496,56.744
Truck-101,Route-101,(675.0 0.0 55.5),(625.0 0.0 150.0),387.8609,395.008,0.08134557,2.317268,39.32,47.888
Truck-103,Route-103,(425.0 0.0 55.5),(375.0 0.0 50.0),402.1983,410.816,0.08432338,2.261551,39.072,66.744
