Truck_id,Route_id,Origin,Destination,Completion_Time_alone,Completion_Time,Congestion_ratio,TravelTime_by_Distance,PickupSta_AT,DropSta_AT,,,C_max_prev,C_max_now,C_max,Congestion_ratio_AVG_prev,Congestion_ratio_AVG_now,Congestion_ratio_AVG
Truck-2,Route-2,(675.0 0.0 155.5),(125.0 0.0 200.0),359.1861,356.248,-0.04964141,2.249919,22.856,28.504,,,410.984,390.488,410.984,0.05307632,0.06458411,0.05883021
Truck-3,Route-3,(175.0 0.0 -5.5),(125.0 0.0 200.0),362.7704,368.872,0.09720492,2.550815,35.296,28.6
Truck-100,Route-100,(425.0 0.0 194.5),(625.0 0.0 50.0),359.1861,359.632,0.007534254,2.38528,16.88,37.76
Truck-102,Route-102,(175.0 0.0 155.5),(375.0 0.0 200.0),359.1861,361.832,0.04470537,2.47328,7.472,49.392
Truck-104,Route-104,(675.0 0.0 55.5),(125.0 0.0 200.0),366.3548,369.792,0.05180073,2.406621,31.408,33.72
Truck-103,Route-103,(425.0 0.0 -5.5),(375.0 0.0 200.0),380.6922,384.352,0.04535494,2.279783,49.28,30.16
Truck-101,Route-101,(175.0 0.0 105.5),(125.0 0.0 0.0),377.1078,390.488,0.1735252,2.585372,37.68,41.856
Truck-4,Route-4,(175.0 0.0 55.5),(125.0 0.0 0.0),398.614,405.624,0.07108568,2.247319,56.784,44.088
Truck-0,Route-0,(425.0 0.0 -5.5),(125.0 0.0 50.0),391.4453,406.456,0.16415,2.475721,38.616,62.936
Truck-1,Route-1,(175.0 0.0 105.5),(625.0 0.0 0.0),412.9514,410.984,-0.01741764,2.017891,67.352,38.952
