Truck_id,Route_id,Origin,Destination,Completion_Time_alone,Completion_Time,Congestion_ratio,TravelTime_by_Distance,PickupSta_AT,DropSta_AT,,,C_max_prev,C_max_now,C_max,Congestion_ratio_AVG_prev,Congestion_ratio_AVG_now,Congestion_ratio_AVG
Truck-3,Route-3,(175.0 0.0 55.5),(125.0 0.0 200.0),348.433,348.576,0.002952012,2.556631,7.152,36.584,,,394.328,416.872,416.872,0.03377046,0.09100077,0.06238562
Truck-1,Route-1,(425.0 0.0 194.5),(625.0 0.0 0.0),362.7704,366.136,0.05361714,2.449481,16.688,44.44
Truck-4,Route-4,(675.0 0.0 55.5),(375.0 0.0 200.0),366.3548,367.144,0.01189433,2.315311,22.688,39.424
Truck-0,Route-0,(175.0 0.0 -5.5),(125.0 0.0 200.0),362.7704,371.8,0.1438507,2.659259,16.688,50.08
Truck-100,Route-100,(425.0 0.0 205.5),(125.0 0.0 0.0),369.9391,370.648,0.01013586,2.278968,7.448,58.352
Truck-101,Route-101,(175.0 0.0 155.5),(125.0 0.0 150.0),362.7704,377.4,0.2330648,2.866667,31.6,28.744
Truck-2,Route-2,(175.0 0.0 155.5),(625.0 0.0 150.0),398.614,394.328,-0.0434619,2.006979,60.936,28.496
Truck-103,Route-103,(675.0 0.0 155.5),(125.0 0.0 100.0),384.2766,389.48,0.06174269,2.294359,31.592,52.896
Truck-104,Route-104,(425.0 0.0 155.5),(375.0 0.0 150.0),380.6922,390,0.1153494,2.432432,30.848,51.328
Truck-102,Route-102,(425.0 0.0 105.5),(375.0 0.0 200.0),412.9514,416.872,0.034711,2.124946,30.344,81.656
