Truck_id,Route_id,Origin,Destination,Completion_Time_alone,Completion_Time,Congestion_ratio,TravelTime_by_Distance,PickupSta_AT,DropSta_AT,,,C_max_prev,C_max_now,C_max,Congestion_ratio_AVG_prev,Congestion_ratio_AVG_now,Congestion_ratio_AVG
Truck-0,Route-0,(425.0 0.0 194.5),(625.0 0.0 0.0),362.7704,363.112,0.005441787,2.337481,16.816,41.384,,,427.104,433.232,433.232,0.05437487,0.07142879,0.06290183
Truck-104,Route-104,(425.0 0.0 205.5),(625.0 0.0 150.0),359.1861,359.592,0.00685879,2.38368,7.624,47.168
Truck-103,Route-103,(175.0 0.0 -5.5),(125.0 0.0 150.0),366.3548,369.864,0.05288613,2.409104,33.744,31.136
Truck-4,Route-4,(425.0 0.0 55.5),(375.0 0.0 50.0),377.1078,385.952,0.1146984,2.455771,40.224,40.976
Truck-101,Route-101,(675.0 0.0 -5.5),(625.0 0.0 0.0),377.1078,386.888,0.1268373,2.482514,38.064,43.872
Truck-1,Route-1,(425.0 0.0 105.5),(625.0 0.0 200.0),398.614,401.504,0.02930666,2.15966,22.76,73.88
Truck-3,Route-3,(425.0 0.0 -5.5),(125.0 0.0 200.0),398.614,401.744,0.03174029,2.164766,46.64,50.024
Truck-2,Route-2,(175.0 0.0 5.5),(625.0 0.0 50.0),416.5357,427.104,0.09068722,2.229895,43.04,79.072
Truck-100,Route-100,(175.0 0.0 105.5),(375.0 0.0 100.0),420.1201,427.496,0.06140478,2.160949,36.592,85.8
Truck-102,Route-102,(175.0 0.0 55.5),(375.0 0.0 50.0),420.1201,433.232,0.1091569,2.258169,39.664,82.832
