Truck_id,Route_id,Origin,Destination,Completion_Time_alone,Completion_Time,Congestion_ratio,TravelTime_by_Distance,PickupSta_AT,DropSta_AT,,,C_max_prev,C_max_now,C_max,Congestion_ratio_AVG_prev,Congestion_ratio_AVG_now,Congestion_ratio_AVG
Truck-3,Route-3,(175.0 0.0 55.5),(125.0 0.0 200.0),348.433,348.32,-0.002333255,2.543158,7.384,36.2,,,396.856,393.096,396.856,0.01099007,0.08511702,0.04805354
Truck-1,Route-1,(425.0 0.0 194.5),(625.0 0.0 0.0),362.7704,361.216,-0.02476346,2.267259,16.512,39.872
Truck-4,Route-4,(675.0 0.0 55.5),(375.0 0.0 200.0),366.3548,365.424,-0.01402696,2.256,22.576,37.952
Truck-0,Route-0,(175.0 0.0 -5.5),(125.0 0.0 200.0),362.7704,369.92,0.1139007,2.58963,16.512,48.664
Truck-101,Route-101,(175.0 0.0 155.5),(125.0 0.0 150.0),362.7704,371.392,0.137351,2.644148,31.408,31.968
Truck-100,Route-100,(425.0 0.0 205.5),(125.0 0.0 0.0),369.9391,372.872,0.04193493,2.35071,7.648,60.248
Truck-2,Route-2,(175.0 0.0 155.5),(625.0 0.0 150.0),398.614,396.856,-0.01782674,2.060766,61.136,30.872
Truck-103,Route-103,(675.0 0.0 155.5),(125.0 0.0 100.0),384.2766,387.28,0.03563801,2.237949,31.136,51.176
Truck-102,Route-102,(425.0 0.0 105.5),(375.0 0.0 200.0),387.8609,392.864,0.05694356,2.264976,31.136,56.856
Truck-104,Route-104,(425.0 0.0 155.5),(375.0 0.0 150.0),380.6922,393.096,0.1537176,2.516108,31.408,50.904
