Truck_id,Route_id,Origin,Destination,Completion_Time_alone,Completion_Time,Congestion_ratio,TravelTime_by_Distance,PickupSta_AT,DropSta_AT,,,C_max_prev,C_max_now,C_max,Congestion_ratio_AVG_prev,Congestion_ratio_AVG_now,Congestion_ratio_AVG
Truck-0,Route-0,(425.0 0.0 105.5),(125.0 0.0 200.0),344.8487,345.864,0.02263948,2.697883,7.064,33.776,,,435.624,395.328,435.624,0.04263956,0.01944293,0.03104125
Truck-102,Route-102,(425.0 0.0 205.5),(375.0 0.0 0.0),352.0174,356.808,0.09209712,2.705143,7.52,44.28
Truck-2,Route-2,(425.0 0.0 194.5),(125.0 0.0 150.0),369.9391,367.4,-0.03630477,2.174193,16.456,46.12
Truck-101,Route-101,(425.0 0.0 105.5),(625.0 0.0 200.0),362.7704,359.856,-0.04642997,2.216888,7.52,47.296
Truck-103,Route-103,(675.0 0.0 105.5),(125.0 0.0 150.0),366.3548,372.208,0.08821131,2.489931,36.56,27.632
Truck-3,Route-3,(425.0 0.0 55.5),(125.0 0.0 200.0),391.4453,400.496,0.09897453,2.337116,64.288,31.152
Truck-4,Route-4,(175.0 0.0 105.5),(625.0 0.0 0.0),395.0296,400.96,0.06240571,2.243555,57.336,38.672
Truck-104,Route-104,(425.0 0.0 55.5),(625.0 0.0 200.0),402.1983,394.112,-0.07912366,1.920653,22.92,66.336
Truck-100,Route-100,(425.0 0.0 5.5),(375.0 0.0 150.0),391.4453,395.328,0.04245985,2.21693,42.776,47.448
Truck-1,Route-1,(175.0 0.0 55.5),(125.0 0.0 100.0),427.2888,435.624,0.06548289,2.152762,77.64,53.04
