Truck_id,Route_id,Origin,Destination,Completion_Time_alone,Completion_Time,Congestion_ratio,TravelTime_by_Distance,PickupSta_AT,DropSta_AT,,,C_max_prev,C_max_now,C_max,Congestion_ratio_AVG_prev,Congestion_ratio_AVG_now,Congestion_ratio_AVG
Truck-3,Route-3,(175.0 0.0 194.5),(375.0 0.0 50.0),359.1861,357.832,-0.0228781,2.31328,16.536,36.408,,,411.224,410.112,411.224,0.1173551,0.1826494,0.1500023
Truck-2,Route-2,(675.0 0.0 105.5),(125.0 0.0 200.0),362.7704,366.84,0.06483277,2.475555,6.992,55.096
Truck-102,Route-102,(175.0 0.0 -5.5),(125.0 0.0 200.0),362.7704,371.392,0.137351,2.644148,16.712,49.728
Truck-0,Route-0,(425.0 0.0 105.5),(125.0 0.0 150.0),366.3548,383.112,0.25254,2.865931,35.208,42.904
Truck-4,Route-4,(675.0 0.0 -5.5),(125.0 0.0 200.0),380.6922,386.824,0.07599007,2.346595,33.664,48.472
Truck-103,Route-103,(675.0 0.0 105.5),(375.0 0.0 100.0),369.9391,380.768,0.1548331,2.60542,37.456,38.592
Truck-1,Route-1,(175.0 0.0 55.5),(625.0 0.0 200.0),391.4453,411.224,0.2162906,2.586605,31.28,74.952
Truck-104,Route-104,(175.0 0.0 105.5),(375.0 0.0 150.0),384.2766,401.344,0.2025171,2.598564,35.928,60.552
Truck-101,Route-101,(675.0 0.0 -5.5),(125.0 0.0 0.0),395.0296,405.672,0.1119903,2.348267,39.056,61.8
Truck-100,Route-100,(425.0 0.0 105.5),(625.0 0.0 150.0),384.2766,410.112,0.3065556,2.823385,37.96,58.264
