Truck_id,Route_id,Origin,Destination,Completion_Time_alone,Completion_Time,Congestion_ratio,TravelTime_by_Distance,PickupSta_AT,DropSta_AT,,,C_max_prev,C_max_now,C_max,Congestion_ratio_AVG_prev,Congestion_ratio_AVG_now,Congestion_ratio_AVG
Truck-0,Route-0,(425.0 0.0 105.5),(125.0 0.0 200.0),344.8487,345.736,0.01978496,2.690352,7.28,33.624,,,436.248,394.32,436.248,0.04301123,0.04358096,0.04329609
Truck-102,Route-102,(425.0 0.0 205.5),(375.0 0.0 0.0),352.0174,358.216,0.1191648,2.772191,7.744,45.616
Truck-2,Route-2,(425.0 0.0 194.5),(125.0 0.0 150.0),369.9391,369.496,-0.006335728,2.241807,16.84,48.016
Truck-101,Route-101,(425.0 0.0 105.5),(625.0 0.0 200.0),362.7704,367.464,0.07477365,2.498666,7.744,54.888
Truck-103,Route-103,(675.0 0.0 105.5),(125.0 0.0 150.0),366.3548,371.16,0.07241736,2.453793,37.928,28.384
Truck-3,Route-3,(425.0 0.0 55.5),(125.0 0.0 200.0),391.4453,395.752,0.04709662,2.226791,62.984,27.904
Truck-4,Route-4,(175.0 0.0 105.5),(625.0 0.0 0.0),395.0296,403.024,0.08412521,2.289422,56.56,41.424
Truck-100,Route-100,(425.0 0.0 5.5),(375.0 0.0 150.0),391.4453,394.064,0.02863729,2.187535,41.96,47.264
Truck-104,Route-104,(425.0 0.0 55.5),(625.0 0.0 200.0),402.1983,394.32,-0.07708833,1.924898,23.048,66.472
Truck-1,Route-1,(175.0 0.0 55.5),(125.0 0.0 100.0),427.2888,436.248,0.07038508,2.162667,76.888,54.528
