Truck_id,Route_id,Origin,Destination,Completion_Time_alone,Completion_Time,Congestion_ratio,TravelTime_by_Distance,PickupSta_AT,DropSta_AT,,,C_max_prev,C_max_now,C_max,Congestion_ratio_AVG_prev,Congestion_ratio_AVG_now,Congestion_ratio_AVG
Truck-4,Route-4,(425.0 0.0 105.5),(375.0 0.0 200.0),344.8487,349.576,0.1054062,2.916235,7.2,37.352,,,416.36,394.352,416.36,0.07685806,0.0557286,0.06629334
Truck-101,Route-101,(675.0 0.0 -5.5),(375.0 0.0 200.0),362.7704,367.528,0.07579365,2.501038,33.776,28.824
Truck-1,Route-1,(675.0 0.0 155.5),(625.0 0.0 0.0),373.5235,378.712,0.07056981,2.385212,32.04,41.664
Truck-104,Route-104,(675.0 0.0 55.5),(625.0 0.0 200.0),373.5235,381.344,0.1063678,2.46497,33.24,43.176
Truck-103,Route-103,(425.0 0.0 205.5),(625.0 0.0 50.0),373.5235,382.408,0.1208393,2.497212,7.704,69.936
Truck-102,Route-102,(175.0 0.0 205.5),(625.0 0.0 0.0),387.8609,382.928,-0.05614433,2.022634,7.704,70.448
Truck-100,Route-100,(175.0 0.0 55.5),(625.0 0.0 200.0),391.4453,394.352,0.03178665,2.194232,31.92,57.488
Truck-0,Route-0,(675.0 0.0 5.5),(375.0 0.0 200.0),405.7827,407.16,0.01302056,2.101177,47.192,55.088
Truck-3,Route-3,(425.0 0.0 155.5),(625.0 0.0 50.0),405.7827,415.864,0.09530258,2.271843,32.04,78.888
Truck-2,Route-2,(175.0 0.0 105.5),(625.0 0.0 100.0),405.7827,416.36,0.09999117,2.281568,36.96,71.6
