Truck_id,Route_id,Origin,Destination,Completion_Time_alone,Completion_Time,Congestion_ratio,TravelTime_by_Distance,PickupSta_AT,DropSta_AT,,,C_max_prev,C_max_now,C_max,Congestion_ratio_AVG_prev,Congestion_ratio_AVG_now,Congestion_ratio_AVG
Truck-4,Route-4,(175.0 0.0 155.5),(125.0 0.0 200.0),341.2643,340.424,-0.02036388,2.694934,7.272,28.264,,,389.344,395.456,395.456,0.05656968,0.08102629,0.06879799
Truck-3,Route-3,(675.0 0.0 -5.5),(375.0 0.0 200.0),362.7704,373.512,0.1711248,2.722667,27.544,41.032
Truck-101,Route-101,(175.0 0.0 194.5),(125.0 0.0 0.0),362.7704,363.976,0.01920645,2.369482,16.984,42.088
Truck-2,Route-2,(425.0 0.0 194.5),(125.0 0.0 100.0),373.5235,374.344,0.01116006,2.252848,16.608,52.696
Truck-102,Route-102,(425.0 0.0 194.5),(375.0 0.0 0.0),362.7704,367.336,0.07273462,2.493926,16.984,45.512
Truck-104,Route-104,(425.0 0.0 -5.5),(125.0 0.0 200.0),362.7704,369.4,0.1056163,2.57037,27.688,36.96
Truck-1,Route-1,(425.0 0.0 -5.5),(625.0 0.0 200.0),380.6922,389.088,0.1040474,2.407784,27.296,56.976
Truck-103,Route-103,(425.0 0.0 155.5),(125.0 0.0 200.0),373.5235,379.032,0.07492226,2.394909,37.464,36.616
Truck-0,Route-0,(425.0 0.0 105.5),(625.0 0.0 100.0),387.8609,389.344,0.01688001,2.179122,36.984,47.608
Truck-100,Route-100,(675.0 0.0 155.5),(125.0 0.0 100.0),384.2766,395.456,0.1326519,2.44759,31.28,59.352
