Truck_id,Route_id,Origin,Destination,Completion_Time_alone,Completion_Time,Congestion_ratio,TravelTime_by_Distance,PickupSta_AT,DropSta_AT,,,C_max_prev,C_max_now,C_max,Congestion_ratio_AVG_prev,Congestion_ratio_AVG_now,Congestion_ratio_AVG
Truck-4,Route-4,(425.0 0.0 205.5),(125.0 0.0 50.0),348.433,348.016,-0.008610299,2.527158,7.136,35.992,,,387.16,415.928,415.928,0.02735762,0.06608444,0.04672103
Truck-100,Route-100,(425.0 0.0 205.5),(125.0 0.0 150.0),341.2643,345.744,0.1085605,3.049599,7.632,33.336
Truck-3,Route-3,(175.0 0.0 105.5),(375.0 0.0 200.0),362.7704,359.952,-0.04490046,2.220444,7.136,48.08
Truck-0,Route-0,(675.0 0.0 -5.5),(375.0 0.0 150.0),366.3548,369.36,0.04529017,2.391724,36.584,27.952
Truck-2,Route-2,(675.0 0.0 105.5),(625.0 0.0 100.0),369.9391,377.688,0.1107945,2.506064,36.848,33.048
Truck-103,Route-103,(675.0 0.0 205.5),(125.0 0.0 0.0),369.9391,377.072,0.1019869,2.486193,7.632,64.592
Truck-1,Route-1,(425.0 0.0 5.5),(125.0 0.0 0.0),384.2766,387.16,0.03421418,2.234872,42.456,39.664
Truck-102,Route-102,(425.0 0.0 55.5),(375.0 0.0 200.0),391.4453,395.248,0.04158482,2.21507,46.32,44.04
Truck-101,Route-101,(175.0 0.0 55.5),(375.0 0.0 100.0),405.7827,414.616,0.08350465,2.247372,39.768,69.752
Truck-104,Route-104,(175.0 0.0 -5.5),(125.0 0.0 200.0),416.5357,415.928,-0.005214681,2.033825,59.816,51.376
