Truck_id,Route_id,Origin,Destination,Completion_Time_alone,Completion_Time,Congestion_ratio,TravelTime_by_Distance,PickupSta_AT,DropSta_AT,,,C_max_prev,C_max_now,C_max,Congestion_ratio_AVG_prev,Congestion_ratio_AVG_now,Congestion_ratio_AVG
Truck-1,Route-1,(425.0 0.0 194.5),(625.0 0.0 50.0),359.1861,360.256,0.01807767,2.41024,16.664,38.624,,,424.36,408.928,424.36,0.03388271,0.05668924,0.04528598
Truck-2,Route-2,(675.0 0.0 105.5),(125.0 0.0 200.0),362.7704,360.256,-0.04005716,2.231704,22.528,32.848
Truck-101,Route-101,(675.0 0.0 55.5),(125.0 0.0 200.0),366.3548,368.496,0.0322695,2.361931,31.936,31.768
Truck-104,Route-104,(675.0 0.0 155.5),(625.0 0.0 0.0),373.5235,379.968,0.08765254,2.423272,32.192,42.904
Truck-103,Route-103,(175.0 0.0 -5.5),(375.0 0.0 200.0),380.6922,383.28,0.03207,2.250811,34.16,44.24
Truck-3,Route-3,(175.0 0.0 55.5),(625.0 0.0 0.0),398.614,405.456,0.06938208,2.243745,54.496,45.952
Truck-100,Route-100,(675.0 0.0 105.5),(125.0 0.0 0.0),395.0296,404.696,0.10172,2.326578,35.632,64.04
Truck-4,Route-4,(675.0 0.0 55.5),(125.0 0.0 200.0),409.367,415.368,0.05487036,2.176755,63.384,46.976
Truck-102,Route-102,(175.0 0.0 105.5),(625.0 0.0 100.0),405.7827,408.928,0.02973413,2.135843,38.088,65.872
Truck-0,Route-0,(425.0 0.0 155.5),(625.0 0.0 200.0),416.5357,424.36,0.06714062,2.181754,30.352,89.136
