Truck_id,Route_id,Origin,Destination,Completion_Time_alone,Completion_Time,Congestion_ratio,TravelTime_by_Distance,PickupSta_AT,DropSta_AT,,,C_max_prev,C_max_now,C_max,Congestion_ratio_AVG_prev,Congestion_ratio_AVG_now,Congestion_ratio_AVG
Truck-4,Route-4,(675.0 0.0 -5.5),(375.0 0.0 200.0),362.7704,368.248,0.08726355,2.527703,27.08,36.536,,,404.296,423.816,423.816,0.0921616,0.05738193,0.07477176
Truck-100,Route-100,(175.0 0.0 155.5),(375.0 0.0 200.0),359.1861,359.936,0.01267087,2.39744,7.552,47.496
Truck-101,Route-101,(175.0 0.0 205.5),(375.0 0.0 100.0),362.7704,365.192,0.0385782,2.414518,7.552,52.72
Truck-0,Route-0,(425.0 0.0 194.5),(125.0 0.0 200.0),369.9391,375.904,0.08528667,2.448516,33.08,37.96
Truck-2,Route-2,(175.0 0.0 -5.5),(375.0 0.0 200.0),380.6922,391.112,0.1291302,2.462487,31.72,54.536
Truck-3,Route-3,(175.0 0.0 55.5),(625.0 0.0 0.0),398.614,400.448,0.01859823,2.137192,39.232,56.352
Truck-104,Route-104,(425.0 0.0 155.5),(375.0 0.0 50.0),387.8609,392.312,0.05066088,2.251513,46.52,41.024
Truck-1,Route-1,(175.0 0.0 194.5),(625.0 0.0 200.0),391.4453,404.296,0.1405293,2.425488,24.152,75.304
Truck-102,Route-102,(175.0 0.0 55.5),(625.0 0.0 100.0),409.367,419.08,0.0888109,2.246792,40.072,74.2
Truck-103,Route-103,(175.0 0.0 -5.5),(125.0 0.0 0.0),412.9514,423.816,0.09618879,2.2512,50.632,65.168
