Truck_id,Route_id,Origin,Destination,Completion_Time_alone,Completion_Time,Congestion_ratio,TravelTime_by_Distance,PickupSta_AT,DropSta_AT,,,C_max_prev,C_max_now,C_max,Congestion_ratio_AVG_prev,Congestion_ratio_AVG_now,Congestion_ratio_AVG
Truck-0,Route-0,(675.0 0.0 55.5),(125.0 0.0 150.0),369.9391,370.856,0.01310955,2.285677,38.472,27.584,,,396.632,404.224,404.224,0.08579101,0.06037536,0.07308318
Truck-104,Route-104,(675.0 0.0 105.5),(375.0 0.0 200.0),362.7704,362.656,-0.00182268,2.320593,23.072,34.704
Truck-1,Route-1,(425.0 0.0 55.5),(625.0 0.0 200.0),366.3548,374.576,0.123898,2.571586,7.28,62.4
Truck-3,Route-3,(175.0 0.0 55.5),(125.0 0.0 100.0),373.5235,382.432,0.1211659,2.49794,39.808,38
Truck-100,Route-100,(175.0 0.0 194.5),(125.0 0.0 200.0),369.9391,377.088,0.102216,2.48671,35.024,37.072
Truck-102,Route-102,(425.0 0.0 55.5),(625.0 0.0 200.0),373.5235,382.208,0.1181193,2.491152,7.656,69.528
Truck-4,Route-4,(675.0 0.0 -5.5),(125.0 0.0 50.0),391.4453,393.656,0.02417571,2.178047,36.352,52.304
Truck-2,Route-2,(425.0 0.0 5.5),(375.0 0.0 0.0),384.2766,396.632,0.1466059,2.477743,46.312,45.472
Truck-101,Route-101,(675.0 0.0 205.5),(625.0 0.0 100.0),380.6922,388.608,0.09809873,2.394811,23.072,60.808
Truck-103,Route-103,(675.0 0.0 5.5),(625.0 0.0 200.0),405.7827,404.224,-0.0147345,2.043608,38.232,61.224
