Truck_id,Route_id,Origin,Destination,Completion_Time_alone,Completion_Time,Congestion_ratio,TravelTime_by_Distance,PickupSta_AT,DropSta_AT,,,C_max_prev,C_max_now,C_max,Congestion_ratio_AVG_prev,Congestion_ratio_AVG_now,Congestion_ratio_AVG
Truck-0,Route-0,(425.0 0.0 105.5),(125.0 0.0 200.0),344.8487,351.648,0.1516065,3.038118,7.12,39.688,,,434.072,411.88,434.072,0.05437411,0.05739541,0.05588476
Truck-102,Route-102,(425.0 0.0 205.5),(375.0 0.0 0.0),352.0174,355.456,0.06610541,2.640762,7.496,43
Truck-2,Route-2,(425.0 0.0 194.5),(125.0 0.0 150.0),369.9391,367.872,-0.02955582,2.18942,16.608,46.32
Truck-101,Route-101,(425.0 0.0 105.5),(625.0 0.0 200.0),362.7704,363.744,0.01551004,2.360888,7.496,51.376
Truck-103,Route-103,(675.0 0.0 105.5),(125.0 0.0 150.0),366.3548,371.592,0.07892792,2.46869,36.672,27.016
Truck-3,Route-3,(425.0 0.0 55.5),(125.0 0.0 200.0),391.4453,395.936,0.04910865,2.23107,63.552,27.64
Truck-4,Route-4,(175.0 0.0 105.5),(625.0 0.0 0.0),395.0296,399.536,0.04742111,2.211911,56.688,37.952
Truck-100,Route-100,(425.0 0.0 5.5),(375.0 0.0 150.0),391.4453,394.344,0.03169921,2.194046,42.28,47.072
Truck-104,Route-104,(425.0 0.0 55.5),(625.0 0.0 200.0),402.1983,411.88,0.09473447,2.283265,23.008,84.008
Truck-1,Route-1,(175.0 0.0 55.5),(125.0 0.0 100.0),427.2888,434.072,0.05329012,2.128127,77.296,51.952
