Truck_id,Route_id,Origin,Destination,Completion_Time_alone,Completion_Time,Congestion_ratio,TravelTime_by_Distance,PickupSta_AT,DropSta_AT,,,C_max_prev,C_max_now,C_max,Congestion_ratio_AVG_prev,Congestion_ratio_AVG_now,Congestion_ratio_AVG
Truck-102,Route-102,(675.0 0.0 105.5),(375.0 0.0 200.0),344.8487,346.912,0.04600637,2.759529,7.44,34.472,,,425.392,445.432,445.432,0.06689581,0.04784239,0.05736909
Truck-3,Route-3,(175.0 0.0 205.5),(375.0 0.0 150.0),359.1861,358.992,-0.003278834,2.35968,7.288,46.768
Truck-1,Route-1,(425.0 0.0 155.5),(375.0 0.0 0.0),373.5235,379.392,0.07981846,2.405818,31.576,42.96
Truck-104,Route-104,(425.0 0.0 105.5),(375.0 0.0 100.0),369.9391,374.552,0.06595571,2.404903,34.808,34.776
Truck-0,Route-0,(425.0 0.0 55.5),(625.0 0.0 0.0),398.614,400.504,0.0191661,2.138383,56.44,39.272
Truck-4,Route-4,(675.0 0.0 155.5),(125.0 0.0 0.0),391.4453,403.208,0.1286317,2.400186,31.576,66.8
Truck-101,Route-101,(425.0 0.0 55.5),(625.0 0.0 200.0),391.4453,396.232,0.05234545,2.237953,30.664,60.712
Truck-100,Route-100,(425.0 0.0 -5.5),(125.0 0.0 50.0),409.367,411.704,0.02136847,2.107623,52.36,54.432
Truck-2,Route-2,(175.0 0.0 55.5),(625.0 0.0 50.0),412.9514,425.392,0.1101416,2.279855,45.072,72.528
Truck-103,Route-103,(175.0 0.0 155.5),(625.0 0.0 150.0),438.0418,445.432,0.05353594,2.10771,30.656,109.936
