Truck_id,Route_id,Origin,Destination,Completion_Time_alone,Completion_Time,Congestion_ratio,TravelTime_by_Distance,PickupSta_AT,DropSta_AT,,,C_max_prev,C_max_now,C_max,Congestion_ratio_AVG_prev,Congestion_ratio_AVG_now,Congestion_ratio_AVG
Truck-1,Route-1,(675.0 0.0 55.5),(375.0 0.0 200.0),348.433,349.512,0.02227777,2.605894,7.296,37.312,,,424,410.608,424,0.0508037,0.0771872,0.06399545
Truck-101,Route-101,(675.0 0.0 205.5),(375.0 0.0 100.0),344.8487,346.584,0.0386935,2.740236,7.712,33.96
Truck-103,Route-103,(175.0 0.0 55.5),(125.0 0.0 200.0),348.433,350.984,0.05267058,2.683369,7.712,38.376
Truck-3,Route-3,(425.0 0.0 155.5),(375.0 0.0 50.0),369.9391,371.552,0.02306126,2.308129,30.688,36.072
Truck-4,Route-4,(175.0 0.0 105.5),(125.0 0.0 0.0),377.1078,382.136,0.06520915,2.346742,35.792,41.504
Truck-2,Route-2,(675.0 0.0 105.5),(625.0 0.0 200.0),380.6922,384.376,0.04565258,2.280433,22.688,56.888
Truck-102,Route-102,(175.0 0.0 105.5),(375.0 0.0 200.0),377.1078,384.52,0.09612692,2.414857,36.12,43.64
Truck-104,Route-104,(425.0 0.0 55.5),(375.0 0.0 200.0),373.5235,384.76,0.1528293,2.568485,31.208,48.896
Truck-100,Route-100,(425.0 0.0 105.5),(625.0 0.0 200.0),405.7827,410.608,0.04561568,2.168784,62.112,43.536
Truck-0,Route-0,(425.0 0.0 55.5),(125.0 0.0 50.0),412.9514,424,0.09781773,2.254545,55.368,63.736
