Truck_id,Route_id,Origin,Destination,Completion_Time_alone,Completion_Time,Congestion_ratio,TravelTime_by_Distance,PickupSta_AT,DropSta_AT,,,C_max_prev,C_max_now,C_max,Congestion_ratio_AVG_prev,Congestion_ratio_AVG_now,Congestion_ratio_AVG
Truck-3,Route-3,(425.0 0.0 105.5),(375.0 0.0 200.0),344.8487,346.808,0.04368805,2.753412,7.28,34.648,,,422.624,428.192,428.192,0.04533137,0.0687334,0.05703239
Truck-100,Route-100,(425.0 0.0 194.5),(375.0 0.0 100.0),355.6017,358.888,0.05910403,2.560348,16.888,37.24
Truck-0,Route-0,(425.0 0.0 55.5),(125.0 0.0 200.0),373.5235,380.008,0.0881967,2.424485,31.624,43.448
Truck-104,Route-104,(175.0 0.0 194.5),(625.0 0.0 50.0),377.1078,376.728,-0.004926247,2.192229,32.088,39.736
Truck-101,Route-101,(675.0 0.0 -5.5),(375.0 0.0 200.0),362.7704,377.704,0.2379082,2.877926,30.584,42.344
Truck-4,Route-4,(175.0 0.0 -5.5),(625.0 0.0 200.0),398.614,396.792,-0.01847569,2.059404,58.104,33.792
Truck-1,Route-1,(175.0 0.0 105.5),(625.0 0.0 150.0),402.1983,401.384,-0.007967848,2.069061,67.128,29.424
Truck-2,Route-2,(175.0 0.0 55.5),(625.0 0.0 100.0),409.367,422.624,0.1212156,2.31366,56.736,61.032
Truck-103,Route-103,(175.0 0.0 105.5),(375.0 0.0 200.0),412.9514,417.976,0.04448515,2.145018,69.04,44.072
Truck-102,Route-102,(175.0 0.0 55.5),(125.0 0.0 200.0),427.2888,428.192,0.007095904,2.034793,72.016,51.408
