Truck_id,Route_id,Origin,Destination,Completion_Time_alone,Completion_Time,Congestion_ratio,TravelTime_by_Distance,PickupSta_AT,DropSta_AT,,,C_max_prev,C_max_now,C_max,Congestion_ratio_AVG_prev,Congestion_ratio_AVG_now,Congestion_ratio_AVG
Truck-3,Route-3,(675.0 0.0 205.5),(375.0 0.0 100.0),344.8487,346.128,0.02852543,2.713411,7.024,34.336,,,400.264,411.192,411.192,0.0730971,0.05951228,0.0663047
Truck-102,Route-102,(425.0 0.0 205.5),(375.0 0.0 0.0),352.0174,355.424,0.06549057,2.639239,7.32,43.368
Truck-100,Route-100,(675.0 0.0 55.5),(125.0 0.0 200.0),366.3548,362.936,-0.05152248,2.170207,7.32,50.776
Truck-2,Route-2,(425.0 0.0 155.5),(375.0 0.0 150.0),380.6922,382.72,0.02513008,2.235676,30.536,47.32
Truck-101,Route-101,(675.0 0.0 5.5),(375.0 0.0 200.0),369.9391,375.552,0.08025386,2.437161,36.4,34.24
Truck-0,Route-0,(675.0 0.0 105.5),(375.0 0.0 0.0),377.1078,387.816,0.1388725,2.509029,35.912,47.008
Truck-4,Route-4,(425.0 0.0 5.5),(625.0 0.0 200.0),387.8609,394.584,0.07651997,2.306927,22.608,67.152
Truck-1,Route-1,(425.0 0.0 105.5),(375.0 0.0 50.0),391.4453,400.264,0.09643755,2.331721,35.664,56.776
Truck-104,Route-104,(675.0 0.0 155.5),(125.0 0.0 50.0),387.8609,394.52,0.07579125,2.305366,29.848,59.784
Truck-103,Route-103,(175.0 0.0 155.5),(625.0 0.0 200.0),398.614,411.192,0.1275482,2.365787,37.72,68.576
