Truck_id,Route_id,Origin,Destination,Completion_Time_alone,Completion_Time,Congestion_ratio,TravelTime_by_Distance,PickupSta_AT,DropSta_AT,,,C_max_prev,C_max_now,C_max,Congestion_ratio_AVG_prev,Congestion_ratio_AVG_now,Congestion_ratio_AVG
Truck-0,Route-0,(675.0 0.0 105.5),(625.0 0.0 200.0),344.8487,346.04,0.02656367,2.708236,6.992,34.16,,,400.68,402.304,402.304,0.08731672,0.08863355,0.08797514
Truck-100,Route-100,(425.0 0.0 155.5),(125.0 0.0 200.0),341.2643,341.16,-0.002527828,2.744,7.424,28.72
Truck-4,Route-4,(675.0 0.0 155.5),(375.0 0.0 100.0),366.3548,372.032,0.08555898,2.483862,30.704,36.392
Truck-3,Route-3,(425.0 0.0 105.5),(375.0 0.0 200.0),380.6922,391.424,0.1329969,2.470919,30.704,55.8
Truck-2,Route-2,(175.0 0.0 55.5),(375.0 0.0 150.0),387.8609,391.864,0.04556194,2.240586,39.496,47.552
Truck-103,Route-103,(175.0 0.0 -5.5),(125.0 0.0 150.0),366.3548,382.192,0.2386749,2.834206,46.024,31.384
Truck-102,Route-102,(425.0 0.0 -5.5),(375.0 0.0 50.0),373.5235,382.192,0.1179014,2.490666,38.376,39.016
Truck-104,Route-104,(425.0 0.0 105.5),(375.0 0.0 200.0),380.6922,384.864,0.05170034,2.293622,22.856,57.024
Truck-1,Route-1,(675.0 0.0 194.5),(125.0 0.0 200.0),387.8609,400.68,0.1459021,2.45561,34.472,61.344
Truck-101,Route-101,(425.0 0.0 55.5),(625.0 0.0 0.0),398.614,402.304,0.03741897,2.176681,56.624,40.808
