Truck_id,Route_id,Origin,Destination,Completion_Time_alone,Completion_Time,Congestion_ratio,TravelTime_by_Distance,PickupSta_AT,DropSta_AT,,,C_max_prev,C_max_now,C_max,Congestion_ratio_AVG_prev,Congestion_ratio_AVG_now,Congestion_ratio_AVG
Truck-102,Route-102,(675.0 0.0 205.5),(375.0 0.0 150.0),341.2643,339.624,-0.03975154,2.641599,7.456,27.496,,,411.336,385.576,411.336,0.07630286,0.09848808,0.08739547
Truck-103,Route-103,(675.0 0.0 55.5),(625.0 0.0 200.0),348.433,351.944,0.07249159,2.733895,7.456,39.84
Truck-1,Route-1,(675.0 0.0 194.5),(375.0 0.0 200.0),362.7704,369.824,0.1123712,2.586074,32.136,32.728
Truck-104,Route-104,(425.0 0.0 194.5),(375.0 0.0 200.0),362.7704,371.208,0.1344199,2.637334,31.04,35.44
Truck-101,Route-101,(675.0 0.0 5.5),(125.0 0.0 200.0),369.9391,381.224,0.1613529,2.620129,31.824,44.672
Truck-4,Route-4,(675.0 0.0 5.5),(625.0 0.0 200.0),387.8609,393.432,0.06340825,2.278829,30.488,58.08
Truck-100,Route-100,(175.0 0.0 55.5),(375.0 0.0 200.0),373.5235,385.576,0.1639275,2.593212,31.304,49.416
Truck-2,Route-2,(175.0 0.0 105.5),(125.0 0.0 50.0),391.4453,404.136,0.1387796,2.421767,52.096,46.96
Truck-0,Route-0,(175.0 0.0 55.5),(625.0 0.0 150.0),405.7827,407.312,0.01445755,2.104157,39.76,62.672
Truck-3,Route-3,(175.0 0.0 155.5),(625.0 0.0 50.0),405.7827,411.336,0.05249769,2.183059,30.488,75.872
