Truck_id,Route_id,Origin,Destination,Completion_Time_alone,Completion_Time,Congestion_ratio,TravelTime_by_Distance,PickupSta_AT,DropSta_AT,,,C_max_prev,C_max_now,C_max,Congestion_ratio_AVG_prev,Congestion_ratio_AVG_now,Congestion_ratio_AVG
Truck-3,Route-3,(425.0 0.0 105.5),(375.0 0.0 200.0),344.8487,349.568,0.1052279,2.915764,7.08,37.76,,,421,435.6,435.6,0.1081613,0.05672425,0.08244278
Truck-100,Route-100,(425.0 0.0 194.5),(375.0 0.0 100.0),355.6017,358.36,0.04960765,2.537391,16.808,36.712
Truck-0,Route-0,(425.0 0.0 55.5),(125.0 0.0 200.0),373.5235,381.128,0.1034299,2.458424,30.896,45.344
Truck-101,Route-101,(675.0 0.0 -5.5),(375.0 0.0 200.0),362.7704,374.264,0.1831052,2.750519,32.864,36.504
Truck-104,Route-104,(175.0 0.0 194.5),(625.0 0.0 50.0),377.1078,376.736,-0.004822553,2.192457,32.152,39.824
Truck-2,Route-2,(175.0 0.0 55.5),(625.0 0.0 150.0),405.7827,408.424,0.02496967,2.125961,70.992,32.4
Truck-4,Route-4,(175.0 0.0 -5.5),(625.0 0.0 200.0),398.614,414.72,0.1633242,2.440851,58.192,51.624
Truck-1,Route-1,(175.0 0.0 105.5),(625.0 0.0 100.0),405.7827,421,0.1438548,2.372549,50.632,65.368
Truck-102,Route-102,(175.0 0.0 55.5),(375.0 0.0 200.0),409.367,411.512,0.01961276,2.104,62.312,44.352
Truck-103,Route-103,(175.0 0.0 105.5),(125.0 0.0 200.0),430.8731,435.6,0.03611818,2.086154,78.128,52.656
