Truck_id,Route_id,Origin,Destination,Completion_Time_alone,Completion_Time,Congestion_ratio,TravelTime_by_Distance,PickupSta_AT,DropSta_AT,,,C_max_prev,C_max_now,C_max,Congestion_ratio_AVG_prev,Congestion_ratio_AVG_now,Congestion_ratio_AVG
Truck-1,Route-1,(425.0 0.0 105.5),(625.0 0.0 200.0),362.7704,361.704,-0.01698899,2.285334,6.992,49.96,,,394.472,428.616,428.616,0.07643223,0.07125165,0.07384194
Truck-104,Route-104,(675.0 0.0 194.5),(375.0 0.0 200.0),355.6017,359.088,0.06270126,2.569044,25.376,28.816
Truck-2,Route-2,(675.0 0.0 -5.5),(375.0 0.0 200.0),362.7704,374.144,0.1811936,2.746074,28.92,40.504
Truck-3,Route-3,(175.0 0.0 105.5),(375.0 0.0 0.0),377.1078,379.96,0.036989,2.284571,36.536,38.576
Truck-100,Route-100,(425.0 0.0 105.5),(625.0 0.0 200.0),362.7704,371.624,0.141047,2.65274,7.384,59.384
Truck-103,Route-103,(175.0 0.0 155.5),(125.0 0.0 50.0),369.9391,374.504,0.06526934,2.403355,31.504,38.056
Truck-0,Route-0,(425.0 0.0 155.5),(625.0 0.0 100.0),384.2766,385.136,0.01019781,2.182974,46.264,33.952
Truck-4,Route-4,(425.0 0.0 55.5),(125.0 0.0 0.0),380.6922,394.472,0.1707697,2.553297,40.472,49.024
Truck-102,Route-102,(425.0 0.0 -5.5),(125.0 0.0 200.0),380.6922,384.528,0.04753638,2.284541,27.592,51.92
Truck-101,Route-101,(175.0 0.0 55.5),(625.0 0.0 0.0),423.7044,428.616,0.03970425,2.108459,84.024,39.696
