Truck_id,Route_id,Origin,Destination,Completion_Time_alone,Completion_Time,Congestion_ratio,TravelTime_by_Distance,PickupSta_AT,DropSta_AT,,,C_max_prev,C_max_now,C_max,Congestion_ratio_AVG_prev,Congestion_ratio_AVG_now,Congestion_ratio_AVG
Truck-3,Route-3,(425.0 0.0 105.5),(375.0 0.0 200.0),344.8487,345.88,0.02299604,2.698824,7.184,33.848,,,391.216,397.448,397.448,0.08179257,0.069369,0.07558079
Truck-0,Route-0,(675.0 0.0 205.5),(625.0 0.0 0.0),352.0174,357.104,0.09778734,2.719238,7.184,45.048
Truck-100,Route-100,(175.0 0.0 205.5),(125.0 0.0 100.0),344.8487,350.2,0.1193201,2.952942,7.504,38.104
Truck-101,Route-101,(425.0 0.0 55.5),(125.0 0.0 200.0),348.433,351.496,0.06324174,2.710316,7.504,39.192
Truck-103,Route-103,(675.0 0.0 194.5),(375.0 0.0 200.0),355.6017,358.992,0.06097455,2.56487,25.584,28.536
Truck-4,Route-4,(175.0 0.0 -5.5),(125.0 0.0 200.0),362.7704,373.168,0.1656446,2.709926,34.36,33.96
Truck-1,Route-1,(175.0 0.0 205.5),(625.0 0.0 100.0),380.6922,380.056,-0.007884281,2.163676,7.184,68.024
Truck-104,Route-104,(675.0 0.0 55.5),(625.0 0.0 200.0),373.5235,379.248,0.07785974,2.401454,31.36,43.024
Truck-2,Route-2,(425.0 0.0 55.5),(375.0 0.0 0.0),380.6922,391.216,0.1304191,2.465297,40.392,42.976
Truck-102,Route-102,(175.0 0.0 105.5),(625.0 0.0 200.0),395.0296,397.448,0.02544887,2.165511,34.36,58.112
