Truck_id,Route_id,Origin,Destination,Completion_Time_alone,Completion_Time,Congestion_ratio,TravelTime_by_Distance,PickupSta_AT,DropSta_AT,,,C_max_prev,C_max_now,C_max,Congestion_ratio_AVG_prev,Congestion_ratio_AVG_now,Congestion_ratio_AVG
Truck-3,Route-3,(175.0 0.0 205.5),(125.0 0.0 50.0),348.433,352.928,0.09280849,2.785685,7.144,40.736,,,435.168,420.256,435.168,0.09032188,0.1754195,0.1328707
Truck-4,Route-4,(175.0 0.0 105.5),(375.0 0.0 200.0),362.7704,359.928,-0.04528259,2.219556,7.144,47.888
Truck-2,Route-2,(675.0 0.0 105.5),(625.0 0.0 150.0),366.3548,373.352,0.1054517,2.529379,39.224,29.24
Truck-104,Route-104,(175.0 0.0 205.5),(375.0 0.0 150.0),359.1861,363.808,0.07809183,2.55232,7.68,51.256
Truck-101,Route-101,(425.0 0.0 5.5),(375.0 0.0 200.0),352.0174,368.688,0.3204819,3.270857,7.68,56.024
Truck-102,Route-102,(675.0 0.0 -5.5),(375.0 0.0 200.0),362.7704,378.472,0.2501428,2.90637,32.376,41.176
Truck-0,Route-0,(675.0 0.0 -5.5),(125.0 0.0 200.0),380.6922,391.888,0.138747,2.483459,27.216,59.768
Truck-100,Route-100,(675.0 0.0 55.5),(375.0 0.0 100.0),373.5235,385.56,0.16371,2.592727,40.48,40.12
Truck-103,Route-103,(175.0 0.0 -5.5),(625.0 0.0 200.0),412.9514,420.256,0.06467082,2.186473,30.272,85.136
Truck-1,Route-1,(425.0 0.0 55.5),(125.0 0.0 0.0),416.5357,435.168,0.1598849,2.371368,55.688,71.528
