Truck_id,Route_id,Origin,Destination,Completion_Time_alone,Completion_Time,Congestion_ratio,TravelTime_by_Distance,PickupSta_AT,DropSta_AT,,,C_max_prev,C_max_now,C_max,Congestion_ratio_AVG_prev,Congestion_ratio_AVG_now,Congestion_ratio_AVG
Truck-1,Route-1,(175.0 0.0 194.5),(125.0 0.0 50.0),359.1861,358.488,-0.01179431,2.33952,17.64,35.944,,,433.016,417.36,433.016,0.03746667,0.04082022,0.03914345
Truck-104,Route-104,(675.0 0.0 5.5),(625.0 0.0 200.0),352.0174,356.264,0.08163895,2.679239,7.448,43.792
Truck-0,Route-0,(675.0 0.0 105.5),(125.0 0.0 200.0),369.9391,373.512,0.05108552,2.371355,29.592,39.008
Truck-4,Route-4,(675.0 0.0 155.5),(375.0 0.0 0.0),373.5235,378.672,0.07002565,2.384,31.224,42.528
Truck-103,Route-103,(425.0 0.0 194.5),(375.0 0.0 200.0),373.5235,374.696,0.01594792,2.263515,40.792,28.92
Truck-102,Route-102,(425.0 0.0 155.5),(625.0 0.0 200.0),395.0296,388.008,-0.07388862,1.955733,22.88,60.224
Truck-100,Route-100,(425.0 0.0 -5.5),(125.0 0.0 200.0),380.6922,389.352,0.1073188,2.414919,27.512,56.832
Truck-2,Route-2,(425.0 0.0 155.5),(625.0 0.0 200.0),416.5357,420.384,0.03302247,2.112,78.952,36.52
Truck-101,Route-101,(175.0 0.0 105.5),(625.0 0.0 50.0),409.367,417.36,0.07308403,2.214339,36.344,76.16
Truck-3,Route-3,(175.0 0.0 55.5),(125.0 0.0 200.0),427.2888,433.016,0.04499403,2.111365,62.536,65.584
