Truck_id,Route_id,Origin,Destination,Completion_Time_alone,Completion_Time,Congestion_ratio,TravelTime_by_Distance,PickupSta_AT,DropSta_AT,,,C_max_prev,C_max_now,C_max,Congestion_ratio_AVG_prev,Congestion_ratio_AVG_now,Congestion_ratio_AVG
Truck-3,Route-3,(425.0 0.0 105.5),(375.0 0.0 200.0),344.8487,346.272,0.0317365,2.721883,7.336,34.096,,,392.984,406.712,406.712,0.08267453,0.1044734,0.09357397
Truck-0,Route-0,(675.0 0.0 205.5),(625.0 0.0 0.0),352.0174,358.784,0.1300841,2.799238,7.336,46.408
Truck-101,Route-101,(425.0 0.0 55.5),(125.0 0.0 200.0),348.433,350.584,0.04441188,2.662317,7.576,38.2
Truck-100,Route-100,(175.0 0.0 205.5),(125.0 0.0 100.0),344.8487,351.392,0.1458981,3.023059,7.576,39.016
Truck-2,Route-2,(425.0 0.0 55.5),(125.0 0.0 200.0),366.3548,370.664,0.06494235,2.43669,31.336,34.496
Truck-103,Route-103,(675.0 0.0 194.5),(375.0 0.0 200.0),355.6017,361.672,0.1091744,2.681391,25.712,31.112
Truck-1,Route-1,(175.0 0.0 205.5),(625.0 0.0 100.0),380.6922,379.136,-0.0192858,2.13881,7.336,66.904
Truck-104,Route-104,(675.0 0.0 55.5),(625.0 0.0 200.0),373.5235,380.872,0.09994824,2.450667,31.704,44.216
Truck-4,Route-4,(175.0 0.0 -5.5),(375.0 0.0 0.0),377.1078,392.984,0.2058955,2.656686,46.984,41.024
Truck-102,Route-102,(175.0 0.0 105.5),(625.0 0.0 200.0),395.0296,406.712,0.1229344,2.371378,34.752,66.888
