Truck_id,Route_id,Origin,Destination,Completion_Time_alone,Completion_Time,Congestion_ratio,TravelTime_by_Distance,PickupSta_AT,DropSta_AT,,,C_max_prev,C_max_now,C_max,Congestion_ratio_AVG_prev,Congestion_ratio_AVG_now,Congestion_ratio_AVG
Truck-3,Route-3,(675.0 0.0 205.5),(375.0 0.0 100.0),344.8487,345.904,0.02353088,2.700235,7.176,33.712,,,397.232,418.968,418.968,0.05655248,0.08304191,0.06979719
Truck-102,Route-102,(425.0 0.0 205.5),(375.0 0.0 0.0),352.0174,356.968,0.0951725,2.712761,7.712,44.272
Truck-2,Route-2,(425.0 0.0 155.5),(375.0 0.0 150.0),380.6922,381.728,0.0128364,2.208865,30.136,46.576
Truck-104,Route-104,(675.0 0.0 155.5),(375.0 0.0 200.0),366.3548,372.728,0.09604781,2.507862,30.152,34.784
Truck-0,Route-0,(675.0 0.0 105.5),(375.0 0.0 0.0),377.1078,388.304,0.145201,2.522971,35.584,47.64
Truck-4,Route-4,(425.0 0.0 5.5),(625.0 0.0 200.0),387.8609,391.192,0.03791317,2.224195,22.768,63.544
Truck-1,Route-1,(425.0 0.0 105.5),(375.0 0.0 50.0),391.4453,397.232,0.06328095,2.261209,35.312,54.096
Truck-100,Route-100,(675.0 0.0 55.5),(125.0 0.0 200.0),384.2766,393.552,0.1100597,2.398769,7.712,80.928
Truck-103,Route-103,(175.0 0.0 155.5),(625.0 0.0 200.0),398.614,401.192,0.02614268,2.153021,37.52,58.744
Truck-101,Route-101,(675.0 0.0 -5.5),(125.0 0.0 50.0),409.367,418.968,0.08778683,2.244679,36.536,77.376
