Truck_id,Route_id,Origin,Destination,Completion_Time_alone,Completion_Time,Congestion_ratio,TravelTime_by_Distance,PickupSta_AT,DropSta_AT,,,C_max_prev,C_max_now,C_max,Congestion_ratio_AVG_prev,Congestion_ratio_AVG_now,Congestion_ratio_AVG
Truck-2,Route-2,(425.0 0.0 205.5),(625.0 0.0 0.0),352.0174,354.976,0.0568781,2.617905,7.168,42.96,,,387.744,408.32,408.32,0.04391694,0.08180677,0.06286184
Truck-101,Route-101,(425.0 0.0 5.5),(375.0 0.0 200.0),352.0174,355.352,0.064106,2.635809,7.68,42.928
Truck-4,Route-4,(175.0 0.0 194.5),(625.0 0.0 150.0),369.9391,367.048,-0.04133757,2.162839,16.576,45.472
Truck-1,Route-1,(675.0 0.0 155.5),(125.0 0.0 200.0),366.3548,370.64,0.06458086,2.435863,29.776,36.008
Truck-103,Route-103,(675.0 0.0 -5.5),(625.0 0.0 200.0),362.7704,366.632,0.06151899,2.467851,33.36,28.32
Truck-3,Route-3,(175.0 0.0 155.5),(125.0 0.0 0.0),373.5235,377.352,0.0520721,2.344,30.296,42.24
Truck-0,Route-0,(425.0 0.0 -5.5),(625.0 0.0 200.0),380.6922,387.744,0.08739121,2.371459,42.808,40.104
Truck-102,Route-102,(175.0 0.0 155.5),(125.0 0.0 150.0),380.6922,389.584,0.1101942,2.42119,46.296,32.272
Truck-100,Route-100,(175.0 0.0 105.5),(375.0 0.0 100.0),387.8609,394.432,0.07478987,2.30322,36.768,52.624
Truck-104,Route-104,(425.0 0.0 194.5),(125.0 0.0 0.0),398.614,408.32,0.09842476,2.304681,16.864,86.64
