Truck_id,Route_id,Origin,Destination,Completion_Time_alone,Completion_Time,Congestion_ratio,TravelTime_by_Distance,PickupSta_AT,DropSta_AT,,,C_max_prev,C_max_now,C_max,Congestion_ratio_AVG_prev,Congestion_ratio_AVG_now,Congestion_ratio_AVG
Truck-2,Route-2,(675.0 0.0 205.5),(625.0 0.0 100.0),344.8487,352.232,0.1646277,3.07247,7.176,40.168,,,409.16,392.344,409.16,0.09546091,0.05788539,0.07667314
Truck-102,Route-102,(675.0 0.0 155.5),(125.0 0.0 200.0),359.1861,357.032,-0.03639459,2.281281,7.36,44.784
Truck-101,Route-101,(175.0 0.0 105.5),(125.0 0.0 100.0),369.9391,372.408,0.0353003,2.335742,35.848,31.712
Truck-3,Route-3,(425.0 0.0 105.5),(375.0 0.0 200.0),380.6922,382.816,0.02631989,2.238271,31.256,46.632
Truck-0,Route-0,(425.0 0.0 -5.5),(625.0 0.0 0.0),377.1078,383.704,0.08554461,2.391543,38.304,40.48
Truck-104,Route-104,(175.0 0.0 5.5),(625.0 0.0 200.0),369.9391,373.96,0.05749106,2.385806,7.36,61.792
Truck-100,Route-100,(425.0 0.0 205.5),(625.0 0.0 50.0),373.5235,380.04,0.08863211,2.425455,7.36,67.768
Truck-1,Route-1,(175.0 0.0 105.5),(375.0 0.0 100.0),387.8609,392.44,0.05211763,2.254634,37.072,50.496
Truck-103,Route-103,(425.0 0.0 -5.5),(625.0 0.0 200.0),380.6922,392.344,0.144398,2.495784,27.384,59.952
Truck-4,Route-4,(425.0 0.0 55.5),(625.0 0.0 50.0),395.0296,409.16,0.1486947,2.425778,43.864,60.28
