Truck_id,Route_id,Origin,Destination,Completion_Time_alone,Completion_Time,Congestion_ratio,TravelTime_by_Distance,PickupSta_AT,DropSta_AT,,,C_max_prev,C_max_now,C_max,Congestion_ratio_AVG_prev,Congestion_ratio_AVG_now,Congestion_ratio_AVG
Truck-101,Route-101,(175.0 0.0 155.5),(125.0 0.0 200.0),341.2643,341.28,0.0003801356,2.752,7.32,29.096,,,404.088,394.768,404.088,0.0280161,0.03714308,0.03257959
Truck-104,Route-104,(425.0 0.0 194.5),(375.0 0.0 150.0),352.0174,352.616,0.01150833,2.505524,16.808,30.976
Truck-0,Route-0,(425.0 0.0 155.5),(125.0 0.0 0.0),373.5235,378.216,0.06382364,2.370182,31.832,41.648
Truck-4,Route-4,(675.0 0.0 -5.5),(125.0 0.0 200.0),380.6922,385.76,0.06280421,2.317838,31.336,49.616
Truck-2,Route-2,(425.0 0.0 55.5),(625.0 0.0 200.0),402.1983,395.624,-0.06432896,1.95151,22.696,67.96
Truck-103,Route-103,(675.0 0.0 55.5),(125.0 0.0 200.0),384.2766,385.424,0.01361542,2.190359,46.936,33.432
Truck-3,Route-3,(175.0 0.0 155.5),(375.0 0.0 50.0),395.0296,400.664,0.05929099,2.236978,31.016,64.744
Truck-100,Route-100,(425.0 0.0 -5.5),(375.0 0.0 200.0),380.6922,390.688,0.1238755,2.451027,46.464,39.52
Truck-1,Route-1,(425.0 0.0 105.5),(125.0 0.0 150.0),402.1983,404.088,0.01849061,2.124245,52.44,46.792
Truck-102,Route-102,(175.0 0.0 55.5),(625.0 0.0 200.0),391.4453,394.768,0.03633599,2.203907,31.408,58.576
