Truck_id,Route_id,Origin,Destination,Completion_Time_alone,Completion_Time,Congestion_ratio,TravelTime_by_Distance,PickupSta_AT,DropSta_AT,,,C_max_prev,C_max_now,C_max,Congestion_ratio_AVG_prev,Congestion_ratio_AVG_now,Congestion_ratio_AVG
Truck-1,Route-1,(675.0 0.0 155.5),(125.0 0.0 200.0),359.1861,359.368,0.003074132,2.374721,7.144,47.16,,,379.168,417.376,417.376,0.05030575,0.07669902,0.06350239
Truck-100,Route-100,(425.0 0.0 205.5),(375.0 0.0 0.0),352.0174,351.304,-0.01371425,2.443047,7.448,38.928
Truck-103,Route-103,(675.0 0.0 205.5),(625.0 0.0 100.0),344.8487,351.832,0.1557089,3.048941,7.448,39.44
Truck-2,Route-2,(675.0 0.0 205.5),(125.0 0.0 50.0),366.3548,363.856,-0.03765787,2.201931,7.144,51.624
Truck-0,Route-0,(425.0 0.0 205.5),(625.0 0.0 50.0),366.3548,372.704,0.09568632,2.507035,7.144,60.488
Truck-3,Route-3,(425.0 0.0 -5.5),(375.0 0.0 100.0),369.9391,377.888,0.1136543,2.512516,37.648,35.304
Truck-4,Route-4,(425.0 0.0 155.5),(375.0 0.0 0.0),373.5235,379.168,0.07677183,2.39903,31.368,43.072
Truck-102,Route-102,(675.0 0.0 155.5),(625.0 0.0 200.0),377.1078,381.032,0.05089188,2.3152,22.752,53.56
Truck-104,Route-104,(175.0 0.0 5.5),(375.0 0.0 100.0),395.0296,406.184,0.117378,2.359644,43.928,57.24
Truck-101,Route-101,(675.0 0.0 105.5),(375.0 0.0 50.0),409.367,417.376,0.07323052,2.214642,52.784,59.736
