Truck_id,Route_id,Origin,Destination,Completion_Time_alone,Completion_Time,Congestion_ratio,TravelTime_by_Distance,PickupSta_AT,DropSta_AT,,,C_max_prev,C_max_now,C_max,Congestion_ratio_AVG_prev,Congestion_ratio_AVG_now,Congestion_ratio_AVG
Truck-0,Route-0,(175.0 0.0 5.5),(125.0 0.0 200.0),352.0174,355.992,0.07640987,2.666286,7.608,43.384,,,405.376,412.592,412.592,0.1102753,0.08190078,0.09608803
Truck-100,Route-100,(425.0 0.0 155.5),(375.0 0.0 150.0),362.7704,363.384,0.009775089,2.347556,30.456,28.064
Truck-4,Route-4,(425.0 0.0 105.5),(375.0 0.0 100.0),369.9391,375.112,0.07396264,2.422968,36,34.224
Truck-104,Route-104,(675.0 0.0 194.5),(125.0 0.0 200.0),373.5235,373.832,0.004196384,2.237333,26.104,42.704
Truck-3,Route-3,(425.0 0.0 155.5),(625.0 0.0 100.0),384.2766,387.272,0.03554314,2.237744,47.696,34.624
Truck-1,Route-1,(425.0 0.0 -5.5),(625.0 0.0 200.0),380.6922,394.096,0.1661103,2.543135,26.952,62.2
Truck-103,Route-103,(175.0 0.0 105.5),(375.0 0.0 0.0),377.1078,385.432,0.1079547,2.440914,34.384,43.312
Truck-2,Route-2,(175.0 0.0 55.5),(375.0 0.0 150.0),387.8609,405.376,0.1993504,2.570147,40.968,59.472
Truck-101,Route-101,(675.0 0.0 5.5),(625.0 0.0 200.0),395.0296,408.888,0.1458324,2.419733,31.072,72.832
Truck-102,Route-102,(175.0 0.0 155.5),(625.0 0.0 200.0),398.614,412.592,0.1417452,2.395575,7.544,100.104
