Truck_id,Route_id,Origin,Destination,Completion_Time_alone,Completion_Time,Congestion_ratio,TravelTime_by_Distance,PickupSta_AT,DropSta_AT,,,C_max_prev,C_max_now,C_max,Congestion_ratio_AVG_prev,Congestion_ratio_AVG_now,Congestion_ratio_AVG
Truck-101,Route-101,(175.0 0.0 155.5),(125.0 0.0 200.0),341.2643,343.984,0.06590915,2.932267,7.472,31.648,,,401.864,413.264,413.264,0.04162765,0.05779495,0.04971129
Truck-104,Route-104,(425.0 0.0 194.5),(375.0 0.0 150.0),352.0174,352.944,0.01781397,2.521143,16.68,31.44
Truck-100,Route-100,(425.0 0.0 5.5),(125.0 0.0 200.0),369.9391,375.192,0.07510631,2.425548,37.656,32.848
Truck-3,Route-3,(175.0 0.0 155.5),(375.0 0.0 50.0),387.8609,387.176,-0.007795345,2.126244,31.288,51.08
Truck-4,Route-4,(675.0 0.0 -5.5),(125.0 0.0 200.0),380.6922,387.176,0.08035219,2.356108,30.504,51.672
Truck-1,Route-1,(425.0 0.0 105.5),(125.0 0.0 0.0),377.1078,388.768,0.1512188,2.536229,34.752,49.104
Truck-2,Route-2,(425.0 0.0 55.5),(625.0 0.0 200.0),402.1983,397.232,-0.04859482,1.984326,22.736,69.456
Truck-0,Route-0,(425.0 0.0 155.5),(125.0 0.0 150.0),398.614,401.864,0.03295742,2.16732,46.512,50.544
Truck-103,Route-103,(675.0 0.0 55.5),(375.0 0.0 200.0),391.4453,400.088,0.09451296,2.327628,60.696,34.344
Truck-102,Route-102,(175.0 0.0 55.5),(625.0 0.0 200.0),409.367,413.264,0.03563235,2.137057,32,76.384
