Truck_id,Route_id,Origin,Destination,Completion_Time_alone,Completion_Time,Congestion_ratio,TravelTime_by_Distance,PickupSta_AT,DropSta_AT,,,C_max_prev,C_max_now,C_max,Congestion_ratio_AVG_prev,Congestion_ratio_AVG_now,Congestion_ratio_AVG
Truck-2,Route-2,(675.0 0.0 205.5),(625.0 0.0 150.0),341.2643,345.168,0.094602,3.0112,7.176,32.984,,,417.088,388.168,417.088,0.07017894,0.08758213,0.07888053
Truck-1,Route-1,(425.0 0.0 194.5),(375.0 0.0 100.0),355.6017,357.144,0.0277383,2.484522,16.68,35.64
Truck-102,Route-102,(175.0 0.0 205.5),(375.0 0.0 0.0),369.9391,369.32,-0.008852129,2.236129,7.48,56.872
Truck-0,Route-0,(175.0 0.0 205.5),(625.0 0.0 100.0),380.6922,380.016,-0.008380097,2.162594,7.176,67.864
Truck-103,Route-103,(175.0 0.0 -5.5),(125.0 0.0 200.0),362.7704,375.744,0.2066829,2.805333,35.712,35.024
Truck-101,Route-101,(425.0 0.0 55.5),(375.0 0.0 50.0),377.1078,382.432,0.0690482,2.3552,40.528,37.096
Truck-100,Route-100,(425.0 0.0 105.5),(625.0 0.0 200.0),377.1078,383.152,0.07838578,2.375772,7.488,70.64
Truck-104,Route-104,(675.0 0.0 155.5),(375.0 0.0 200.0),380.6922,388.168,0.09264588,2.382919,39.016,44.392
Truck-3,Route-3,(425.0 0.0 55.5),(375.0 0.0 200.0),391.4453,406.656,0.1663373,2.480372,67.984,33.872
Truck-4,Route-4,(175.0 0.0 105.5),(625.0 0.0 50.0),409.367,417.088,0.07059724,2.209208,35.92,76.224
