Truck_id,Route_id,Origin,Destination,Completion_Time_alone,Completion_Time,Congestion_ratio,TravelTime_by_Distance,PickupSta_AT,DropSta_AT,,,C_max_prev,C_max_now,C_max,Congestion_ratio_AVG_prev,Congestion_ratio_AVG_now,Congestion_ratio_AVG
Truck-2,Route-2,(675.0 0.0 205.5),(625.0 0.0 150.0),341.2643,347.424,0.1492742,3.161601,7.168,35.32,,,413.544,381.456,413.544,0.06598282,0.03104928,0.04851605
Truck-1,Route-1,(425.0 0.0 194.5),(375.0 0.0 100.0),355.6017,358.912,0.05953543,2.561391,16.648,37.168
Truck-100,Route-100,(425.0 0.0 105.5),(625.0 0.0 200.0),362.7704,366.192,0.05450927,2.451555,7.48,53.984
Truck-102,Route-102,(175.0 0.0 205.5),(375.0 0.0 0.0),369.9391,367.704,-0.0319579,2.184,7.48,55.352
Truck-101,Route-101,(425.0 0.0 55.5),(125.0 0.0 200.0),366.3548,367.992,0.024674,2.344552,30.8,32.304
Truck-0,Route-0,(175.0 0.0 205.5),(625.0 0.0 100.0),380.6922,381.888,0.01481929,2.213189,7.168,69.92
Truck-104,Route-104,(675.0 0.0 155.5),(375.0 0.0 50.0),369.9391,376.832,0.09855548,2.478452,30.8,41.28
Truck-103,Route-103,(175.0 0.0 -5.5),(375.0 0.0 200.0),380.6922,381.456,0.009465524,2.201513,32.256,44.264
Truck-3,Route-3,(425.0 0.0 55.5),(375.0 0.0 200.0),391.4453,397.672,0.06809261,2.271442,64.44,28.312
Truck-4,Route-4,(175.0 0.0 105.5),(625.0 0.0 50.0),409.367,413.544,0.03819253,2.14234,36.848,71.816
