Truck_id,Route_id,Origin,Destination,Completion_Time_alone,Completion_Time,Congestion_ratio,TravelTime_by_Distance,PickupSta_AT,DropSta_AT,,,C_max_prev,C_max_now,C_max,Congestion_ratio_AVG_prev,Congestion_ratio_AVG_now,Congestion_ratio_AVG
Truck-2,Route-2,(425.0 0.0 55.5),(375.0 0.0 200.0),348.433,352.576,0.08554031,2.767157,7.12,40.648,,,414.072,410.864,414.072,0.07183681,0.09595583,0.08389632
Truck-103,Route-103,(425.0 0.0 155.5),(375.0 0.0 200.0),341.2643,346.208,0.1198056,3.080534,7.456,33.92
Truck-101,Route-101,(175.0 0.0 55.5),(125.0 0.0 200.0),348.433,348.192,-0.004976519,2.53642,7.456,36.032
Truck-3,Route-3,(675.0 0.0 155.5),(375.0 0.0 100.0),366.3548,369.36,0.04529017,2.391724,30.48,33.808
Truck-4,Route-4,(175.0 0.0 194.5),(625.0 0.0 150.0),369.9391,370.336,0.005674666,2.268903,34.864,30.496
Truck-102,Route-102,(425.0 0.0 -5.5),(375.0 0.0 200.0),362.7704,367.48,0.07502889,2.49926,17.024,45.624
Truck-1,Route-1,(675.0 0.0 105.5),(125.0 0.0 200.0),395.0296,408.744,0.144317,2.416533,35.112,68.616
Truck-100,Route-100,(675.0 0.0 55.5),(625.0 0.0 200.0),391.4453,402.72,0.1232951,2.388837,22.968,74.704
Truck-0,Route-0,(175.0 0.0 155.5),(625.0 0.0 50.0),405.7827,414.072,0.07836197,2.236706,45.752,57.616
Truck-104,Route-104,(175.0 0.0 5.5),(375.0 0.0 100.0),395.0296,410.864,0.1666261,2.463645,45.36,60.544
