Truck_id,Route_id,Origin,Destination,Completion_Time_alone,Completion_Time,Congestion_ratio,TravelTime_by_Distance,PickupSta_AT,DropSta_AT,,,C_max_prev,C_max_now,C_max,Congestion_ratio_AVG_prev,Congestion_ratio_AVG_now,Congestion_ratio_AVG
Truck-4,Route-4,(175.0 0.0 155.5),(125.0 0.0 200.0),341.2643,340.448,-0.01978258,2.696533,7.2,28.344,,,424.04,415.52,424.04,0.08017173,0.06295521,0.07156347
Truck-100,Route-100,(425.0 0.0 205.5),(375.0 0.0 0.0),352.0174,351.752,-0.005101188,2.464382,7.48,39.368
Truck-104,Route-104,(675.0 0.0 5.5),(625.0 0.0 200.0),352.0174,359.84,0.150385,2.849524,7.48,47.576
Truck-103,Route-103,(175.0 0.0 194.5),(375.0 0.0 200.0),373.5235,373.448,-0.001026475,2.225697,24.656,43.88
Truck-0,Route-0,(675.0 0.0 155.5),(375.0 0.0 0.0),373.5235,384.136,0.1443419,2.549575,31.48,47.68
Truck-2,Route-2,(425.0 0.0 105.5),(625.0 0.0 0.0),377.1078,388.776,0.1513225,2.536457,37.384,46.512
Truck-1,Route-1,(175.0 0.0 105.5),(375.0 0.0 100.0),387.8609,390.216,0.0268049,2.20039,36.888,48.392
Truck-101,Route-101,(675.0 0.0 194.5),(125.0 0.0 200.0),380.6922,389.912,0.1142587,2.430054,31.992,52.992
Truck-3,Route-3,(175.0 0.0 -5.5),(125.0 0.0 0.0),412.9514,424.04,0.09817194,2.255273,53.4,65.88
Truck-102,Route-102,(175.0 0.0 55.5),(125.0 0.0 200.0),409.367,415.52,0.05625997,2.179622,72.384,38.168
