Truck_id,Route_id,Origin,Destination,Completion_Time_alone,Completion_Time,Congestion_ratio,TravelTime_by_Distance,PickupSta_AT,DropSta_AT,,,C_max_prev,C_max_now,C_max,Congestion_ratio_AVG_prev,Congestion_ratio_AVG_now,Congestion_ratio_AVG
Truck-1,Route-1,(675.0 0.0 55.5),(625.0 0.0 200.0),348.433,353.24,0.09925,2.802105,7.344,40.88,,,409.72,436.768,436.768,0.09006603,0.09181105,0.09093855
Truck-102,Route-102,(425.0 0.0 105.5),(375.0 0.0 200.0),344.8487,347.208,0.05260679,2.776942,7.44,34.808
Truck-0,Route-0,(675.0 0.0 105.5),(375.0 0.0 100.0),369.9391,378.704,0.1253217,2.538839,35.16,38.528
Truck-103,Route-103,(175.0 0.0 105.5),(125.0 0.0 100.0),369.9391,372.072,0.03049615,2.324903,35.64,31.448
Truck-104,Route-104,(675.0 0.0 -5.5),(125.0 0.0 200.0),380.6922,384.072,0.04188498,2.272216,33.656,45.48
Truck-4,Route-4,(425.0 0.0 5.5),(375.0 0.0 200.0),387.8609,399.392,0.1312426,2.424195,41.696,52.608
Truck-100,Route-100,(675.0 0.0 55.5),(125.0 0.0 50.0),377.1078,389.48,0.1604527,2.556572,38.216,37.224
Truck-3,Route-3,(175.0 0.0 -5.5),(625.0 0.0 200.0),398.614,404.264,0.05729468,2.218383,27.112,72.144
Truck-2,Route-2,(175.0 0.0 105.5),(625.0 0.0 100.0),405.7827,409.72,0.03722111,2.151373,35.904,68.776
Truck-101,Route-101,(175.0 0.0 155.5),(625.0 0.0 200.0),416.5357,436.768,0.1736146,2.399439,7.44,124.28
