Truck_id,Route_id,Origin,Destination,Completion_Time_alone,Completion_Time,Congestion_ratio,TravelTime_by_Distance,PickupSta_AT,DropSta_AT,,,C_max_prev,C_max_now,C_max,Congestion_ratio_AVG_prev,Congestion_ratio_AVG_now,Congestion_ratio_AVG
Truck-3,Route-3,(425.0 0.0 105.5),(375.0 0.0 200.0),344.8487,348.232,0.07543884,2.837176,7.176,36.216,,,431.024,437.28,437.28,0.09514908,0.09873759,0.09694333
Truck-4,Route-4,(175.0 0.0 -5.5),(125.0 0.0 200.0),362.7704,366.176,0.05425452,2.450963,16.768,44.488
Truck-100,Route-100,(425.0 0.0 194.5),(375.0 0.0 100.0),355.6017,359.064,0.06226931,2.568,16.856,37.36
Truck-101,Route-101,(675.0 0.0 -5.5),(375.0 0.0 200.0),362.7704,378.76,0.2547314,2.917037,30.224,43.528
Truck-104,Route-104,(175.0 0.0 194.5),(625.0 0.0 50.0),377.1078,386.24,0.1184334,2.464,31.984,49.336
Truck-0,Route-0,(425.0 0.0 55.5),(625.0 0.0 200.0),409.367,413.192,0.03497382,2.135698,72.144,36.28
Truck-2,Route-2,(175.0 0.0 55.5),(625.0 0.0 150.0),405.7827,413.448,0.07246315,2.224471,70.392,38.184
Truck-102,Route-102,(175.0 0.0 55.5),(375.0 0.0 200.0),409.367,410.384,0.00929895,2.082717,61.856,43.528
Truck-1,Route-1,(175.0 0.0 105.5),(625.0 0.0 100.0),405.7827,431.024,0.2386151,2.569098,51.088,74.96
Truck-103,Route-103,(175.0 0.0 105.5),(125.0 0.0 200.0),430.8731,437.28,0.04895498,2.112,77.104,55.176
