Truck_id,Route_id,Origin,Destination,Completion_Time_alone,Completion_Time,Congestion_ratio,TravelTime_by_Distance,PickupSta_AT,DropSta_AT,,,C_max_prev,C_max_now,C_max,Congestion_ratio_AVG_prev,Congestion_ratio_AVG_now,Congestion_ratio_AVG
Truck-2,Route-2,(425.0 0.0 55.5),(375.0 0.0 200.0),348.433,353.248,0.09941508,2.802526,7.384,41.008,,,405.976,406.264,406.264,0.07515536,0.09078076,0.08296806
Truck-103,Route-103,(425.0 0.0 155.5),(375.0 0.0 200.0),341.2643,346.928,0.1372541,3.128534,7.56,34.528
Truck-101,Route-101,(175.0 0.0 55.5),(125.0 0.0 200.0),348.433,349.288,0.01765285,2.594105,7.56,36.688
Truck-3,Route-3,(675.0 0.0 155.5),(375.0 0.0 100.0),366.3548,372.336,0.09014019,2.494345,30.904,36.464
Truck-4,Route-4,(175.0 0.0 194.5),(625.0 0.0 50.0),377.1078,384.216,0.09218457,2.406172,16.96,62.256
Truck-0,Route-0,(175.0 0.0 155.5),(625.0 0.0 150.0),398.614,396.528,-0.02115256,2.053787,61.904,29.704
Truck-102,Route-102,(425.0 0.0 -5.5),(375.0 0.0 200.0),380.6922,389.912,0.1142587,2.430054,16.928,68.104
Truck-1,Route-1,(675.0 0.0 105.5),(125.0 0.0 200.0),395.0296,405.976,0.1151895,2.355022,35.536,65.368
Truck-100,Route-100,(675.0 0.0 55.5),(625.0 0.0 200.0),391.4453,397.528,0.06651809,2.268093,22.752,69.856
Truck-104,Route-104,(175.0 0.0 5.5),(375.0 0.0 100.0),395.0296,406.264,0.1182201,2.361422,43.424,55.04
