Truck_id,Route_id,Origin,Destination,Completion_Time_alone,Completion_Time,Congestion_ratio,TravelTime_by_Distance,PickupSta_AT,DropSta_AT,,,C_max_prev,C_max_now,C_max,Congestion_ratio_AVG_prev,Congestion_ratio_AVG_now,Congestion_ratio_AVG
Truck-1,Route-1,(425.0 0.0 105.5),(625.0 0.0 200.0),362.7704,363.344,0.009137711,2.346074,7.088,51.328,,,398.712,414.984,414.984,0.1124489,0.08620348,0.09932618
Truck-104,Route-104,(675.0 0.0 194.5),(375.0 0.0 200.0),355.6017,358.696,0.05565115,2.552001,24.976,28.848
Truck-100,Route-100,(425.0 0.0 105.5),(625.0 0.0 200.0),362.7704,363.712,0.01500053,2.359704,7.4,51.432
Truck-2,Route-2,(675.0 0.0 -5.5),(375.0 0.0 200.0),362.7704,379.024,0.2589368,2.926814,27.688,46.432
Truck-0,Route-0,(425.0 0.0 155.5),(125.0 0.0 0.0),373.5235,381.128,0.1034299,2.458424,30.416,45.768
Truck-102,Route-102,(425.0 0.0 -5.5),(125.0 0.0 200.0),362.7704,375.208,0.1981442,2.785482,27.152,43.128
Truck-3,Route-3,(175.0 0.0 105.5),(375.0 0.0 0.0),377.1078,385.688,0.1112745,2.448228,35.416,45.248
Truck-103,Route-103,(175.0 0.0 155.5),(125.0 0.0 50.0),369.9391,382.216,0.1755368,2.652129,30.424,46.736
Truck-4,Route-4,(425.0 0.0 55.5),(625.0 0.0 100.0),391.4453,398.712,0.07946563,2.295628,56.832,33.856
Truck-101,Route-101,(175.0 0.0 55.5),(625.0 0.0 0.0),416.5357,414.984,-0.0133152,2.017263,69.656,40.504
