Truck_id,Route_id,Origin,Destination,Completion_Time_alone,Completion_Time,Congestion_ratio,TravelTime_by_Distance,PickupSta_AT,DropSta_AT,,,C_max_prev,C_max_now,C_max,Congestion_ratio_AVG_prev,Congestion_ratio_AVG_now,Congestion_ratio_AVG
Truck-0,Route-0,(175.0 0.0 5.5),(125.0 0.0 200.0),352.0174,355.304,0.06318315,2.633523,7.168,43.288,,,389.912,602.432,602.432,0.05625409,0.4490856,0.2526699
Truck-4,Route-4,(425.0 0.0 105.5),(375.0 0.0 100.0),369.9391,378.136,0.1172001,2.520516,35.088,38.136
Truck-100,Route-100,(425.0 0.0 155.5),(375.0 0.0 150.0),362.7704,368.44,0.09032258,2.534815,30.896,32.68
Truck-1,Route-1,(425.0 0.0 -5.5),(625.0 0.0 200.0),380.6922,383.912,0.03990209,2.267892,26.592,52.392
Truck-2,Route-2,(175.0 0.0 55.5),(375.0 0.0 150.0),387.8609,387.344,-0.00588324,2.130341,39.512,43.04
Truck-3,Route-3,(425.0 0.0 155.5),(625.0 0.0 100.0),384.2766,389.912,0.06686839,2.305436,46.504,38.376
Truck-104,Route-104,(675.0 0.0 194.5),(125.0 0.0 200.0),373.5235,382.296,0.1193159,2.493818,26.52,50.824
Truck-102,Route-102,(175.0 0.0 155.5),(625.0 0.0 200.0),377.1078,382.544,0.0705007,2.3584,7.272,70.384
Truck-103,Route-103,(175.0 0.0 105.5),(375.0 0.0 0.0),377.1078,385.304,0.1062945,2.437257,36.048,38.184
Truck-101,Route-101,(675.0 0.0 -5.5),(625.0 0.0 200.0),405.7827,602.432,1.858994,5.930039,42.704,254.872
