Truck_id,Route_id,Origin,Destination,Completion_Time_alone,Completion_Time,Congestion_ratio,TravelTime_by_Distance,PickupSta_AT,DropSta_AT,,,C_max_prev,C_max_now,C_max,Congestion_ratio_AVG_prev,Congestion_ratio_AVG_now,Congestion_ratio_AVG
Truck-101,Route-101,(175.0 0.0 155.5),(125.0 0.0 200.0),341.2643,343.744,0.06009249,2.916266,7.56,31.224,,,404.144,406.664,406.664,0.01343109,0.05609524,0.03476317
Truck-104,Route-104,(425.0 0.0 194.5),(375.0 0.0 150.0),352.0174,353.336,0.02534988,2.539809,16.8,31.568
Truck-0,Route-0,(425.0 0.0 155.5),(125.0 0.0 0.0),373.5235,379.112,0.07601018,2.397333,32.256,42.16
Truck-4,Route-4,(675.0 0.0 -5.5),(125.0 0.0 200.0),380.6922,385.296,0.05705372,2.305297,32.256,48.264
Truck-3,Route-3,(175.0 0.0 155.5),(375.0 0.0 50.0),387.8609,386.352,-0.01717386,2.106146,31.144,50.392
Truck-100,Route-100,(425.0 0.0 5.5),(125.0 0.0 200.0),369.9391,377.976,0.1149127,2.515355,39.2,33.744
Truck-2,Route-2,(425.0 0.0 55.5),(625.0 0.0 200.0),402.1983,395.272,-0.06777314,1.944327,22.76,67.512
Truck-1,Route-1,(425.0 0.0 105.5),(125.0 0.0 150.0),402.1983,404.144,0.01903857,2.125388,53,46.288
Truck-103,Route-103,(675.0 0.0 55.5),(375.0 0.0 200.0),391.4453,401.032,0.1048361,2.349582,61.96,33.992
Truck-102,Route-102,(175.0 0.0 55.5),(625.0 0.0 200.0),409.367,406.664,-0.02471498,2.012528,31.552,70.272
