Truck_id,Route_id,Origin,Destination,Completion_Time_alone,Completion_Time,Congestion_ratio,TravelTime_by_Distance,PickupSta_AT,DropSta_AT,,,C_max_prev,C_max_now,C_max,Congestion_ratio_AVG_prev,Congestion_ratio_AVG_now,Congestion_ratio_AVG
Truck-1,Route-1,(175.0 0.0 194.5),(125.0 0.0 50.0),359.1861,359.296,0.001857267,2.37184,16.632,37.816,,,436.224,426.04,436.224,0.05086623,0.05182089,0.05134355
Truck-104,Route-104,(675.0 0.0 5.5),(625.0 0.0 200.0),352.0174,360.208,0.1574598,2.867048,7.424,47.984
Truck-0,Route-0,(675.0 0.0 105.5),(125.0 0.0 200.0),369.9391,372.176,0.03198321,2.328258,29.632,37.776
Truck-103,Route-103,(425.0 0.0 194.5),(375.0 0.0 200.0),373.5235,374.224,0.009527992,2.249212,41,28.392
Truck-2,Route-2,(425.0 0.0 155.5),(375.0 0.0 0.0),391.4453,393.184,0.01901399,2.167069,46.096,42.216
Truck-100,Route-100,(425.0 0.0 -5.5),(125.0 0.0 200.0),380.6922,386.08,0.06676961,2.326486,27.808,53.272
Truck-102,Route-102,(425.0 0.0 155.5),(625.0 0.0 200.0),395.0296,389.688,-0.05621,1.993066,23.008,61.864
Truck-4,Route-4,(675.0 0.0 155.5),(625.0 0.0 200.0),398.614,411.56,0.13128,2.373617,66.584,39.952
Truck-101,Route-101,(175.0 0.0 105.5),(625.0 0.0 50.0),416.5357,426.04,0.08155701,2.211228,35.128,85.968
Truck-3,Route-3,(175.0 0.0 55.5),(125.0 0.0 200.0),427.2888,436.224,0.07019663,2.162286,61.872,69.48
