Truck_id,Route_id,Origin,Destination,Completion_Time_alone,Completion_Time,Congestion_ratio,TravelTime_by_Distance,PickupSta_AT,DropSta_AT,,,C_max_prev,C_max_now,C_max,Congestion_ratio_AVG_prev,Congestion_ratio_AVG_now,Congestion_ratio_AVG
Truck-1,Route-1,(175.0 0.0 55.5),(125.0 0.0 200.0),348.433,357.544,0.1881153,3.028632,6.936,45.832,,,441.416,430.312,441.416,0.07433568,0.08644567,0.08039068
Truck-0,Route-0,(425.0 0.0 105.5),(625.0 0.0 200.0),362.7704,360.4,-0.03776337,2.237037,6.936,48.68
Truck-3,Route-3,(175.0 0.0 194.5),(125.0 0.0 100.0),355.6017,361.152,0.09982233,2.658783,16.432,39.712
Truck-100,Route-100,(425.0 0.0 5.5),(625.0 0.0 200.0),352.0174,355,0.05733923,2.619048,7.6,42.528
Truck-101,Route-101,(425.0 0.0 205.5),(625.0 0.0 100.0),362.7704,371.6,0.1406648,2.651852,7.592,53.016
Truck-4,Route-4,(675.0 0.0 55.5),(375.0 0.0 50.0),377.1078,384.592,0.09706096,2.416915,36.784,43.056
Truck-103,Route-103,(675.0 0.0 -5.5),(375.0 0.0 100.0),369.9391,375.816,0.08402868,2.445678,37.552,33.424
Truck-104,Route-104,(425.0 0.0 105.5),(375.0 0.0 50.0),391.4453,403.008,0.1264444,2.395535,37.048,61.12
Truck-102,Route-102,(675.0 0.0 105.5),(625.0 0.0 50.0),427.2888,430.312,0.02375115,2.068445,53.048,72.664
Truck-2,Route-2,(175.0 0.0 155.5),(125.0 0.0 200.0),438.0418,441.416,0.02444315,2.049507,90.784,45.744
