Truck_id,Route_id,Origin,Destination,Completion_Time_alone,Completion_Time,Congestion_ratio,TravelTime_by_Distance,PickupSta_AT,DropSta_AT,,,C_max_prev,C_max_now,C_max,Congestion_ratio_AVG_prev,Congestion_ratio_AVG_now,Congestion_ratio_AVG
Truck-2,Route-2,(675.0 0.0 205.5),(625.0 0.0 100.0),344.8487,352.616,0.1731899,3.095059,7.312,40.432,,,400.368,386.352,400.368,0.07565625,0.08136763,0.07851194
Truck-102,Route-102,(675.0 0.0 155.5),(125.0 0.0 200.0),359.1861,360.528,0.0226734,2.421121,7.736,47.928
Truck-104,Route-104,(175.0 0.0 5.5),(625.0 0.0 200.0),369.9391,374.608,0.0667564,2.40671,7.736,61.856
Truck-0,Route-0,(425.0 0.0 -5.5),(625.0 0.0 0.0),377.1078,385.168,0.1045309,2.433371,38.632,41.632
Truck-4,Route-4,(425.0 0.0 55.5),(375.0 0.0 200.0),384.2766,385.4,0.01333044,2.189744,36.656,43.816
Truck-1,Route-1,(175.0 0.0 105.5),(375.0 0.0 100.0),387.8609,386.952,-0.01034482,2.12078,35.08,47.056
Truck-101,Route-101,(175.0 0.0 105.5),(125.0 0.0 100.0),369.9391,377.2,0.1038174,2.490323,37.64,34.792
Truck-103,Route-103,(425.0 0.0 -5.5),(625.0 0.0 200.0),380.6922,383.848,0.03910901,2.266162,26.408,52.704
Truck-100,Route-100,(425.0 0.0 205.5),(625.0 0.0 50.0),373.5235,386.352,0.174482,2.616727,7.736,73.752
Truck-3,Route-3,(425.0 0.0 105.5),(625.0 0.0 50.0),391.4453,400.368,0.09757489,2.33414,36.928,58.64
