Truck_id,Route_id,Origin,Destination,Completion_Time_alone,Completion_Time,Congestion_ratio,TravelTime_by_Distance,PickupSta_AT,DropSta_AT,,,C_max_prev,C_max_now,C_max,Congestion_ratio_AVG_prev,Congestion_ratio_AVG_now,Congestion_ratio_AVG
Truck-4,Route-4,(425.0 0.0 5.5),(625.0 0.0 200.0),352.0174,356.648,0.08902115,2.697524,7.288,44.56,,,423.168,417.184,423.168,0.09146716,0.09676994,0.09411855
Truck-0,Route-0,(675.0 0.0 205.5),(375.0 0.0 150.0),359.1861,360.512,0.0224027,2.42048,22.624,33.048
Truck-2,Route-2,(675.0 0.0 155.5),(375.0 0.0 200.0),366.3548,370.56,0.06337496,2.433103,31.44,34.392
Truck-101,Route-101,(175.0 0.0 155.5),(375.0 0.0 200.0),359.1861,378.296,0.3228788,3.13184,7.464,66.176
Truck-1,Route-1,(175.0 0.0 5.5),(125.0 0.0 50.0),380.6922,396.192,0.1920853,2.599783,43.24,45.032
Truck-102,Route-102,(425.0 0.0 155.5),(625.0 0.0 100.0),384.2766,386.08,0.02139903,2.207179,32.392,48.968
Truck-100,Route-100,(175.0 0.0 -5.5),(375.0 0.0 50.0),409.367,409.488,0.001106387,2.065811,68.552,35.952
Truck-104,Route-104,(175.0 0.0 55.5),(625.0 0.0 0.0),398.614,411.72,0.1329026,2.377021,39,64.896
Truck-3,Route-3,(425.0 0.0 55.5),(625.0 0.0 50.0),412.9514,423.168,0.09045172,2.239418,38.496,79.784
Truck-103,Route-103,(425.0 0.0 -5.5),(125.0 0.0 200.0),416.5357,417.184,0.005562972,2.05586,49.424,62.976
