Truck_id,Route_id,Origin,Destination,Completion_Time_alone,Completion_Time,Congestion_ratio,TravelTime_by_Distance,PickupSta_AT,DropSta_AT,,,C_max_prev,C_max_now,C_max,Congestion_ratio_AVG_prev,Congestion_ratio_AVG_now,Congestion_ratio_AVG
Truck-1,Route-1,(675.0 0.0 55.5),(625.0 0.0 200.0),348.433,349.752,0.02723349,2.618527,7.256,37.544,,,414.984,425.824,425.824,0.05623209,0.07478374,0.06550791
Truck-102,Route-102,(425.0 0.0 105.5),(375.0 0.0 200.0),344.8487,348.184,0.07436848,2.834352,7.512,35.704
Truck-0,Route-0,(675.0 0.0 105.5),(375.0 0.0 100.0),369.9391,380.144,0.1459111,2.585291,35.376,39.744
Truck-3,Route-3,(175.0 0.0 -5.5),(375.0 0.0 200.0),380.6922,383.56,0.03553996,2.258378,35.12,43.392
Truck-103,Route-103,(175.0 0.0 105.5),(125.0 0.0 100.0),369.9391,375.24,0.07579268,2.427096,36.624,33.592
Truck-104,Route-104,(675.0 0.0 -5.5),(125.0 0.0 200.0),380.6922,383.952,0.04039791,2.268973,32.872,46.112
Truck-4,Route-4,(425.0 0.0 5.5),(625.0 0.0 200.0),405.7827,404.248,-0.01450775,2.044078,30.696,68.592
Truck-2,Route-2,(175.0 0.0 105.5),(625.0 0.0 100.0),405.7827,414.984,0.08698359,2.254588,35.88,74.176
Truck-100,Route-100,(675.0 0.0 55.5),(125.0 0.0 50.0),395.0296,404.88,0.1036562,2.330667,59.416,40.6
Truck-101,Route-101,(175.0 0.0 155.5),(625.0 0.0 200.0),416.5357,425.824,0.07970347,2.207439,7.512,113.36
