Truck_id,Route_id,Origin,Destination,Completion_Time_alone,Completion_Time,Congestion_ratio,TravelTime_by_Distance,PickupSta_AT,DropSta_AT,,,C_max_prev,C_max_now,C_max,Congestion_ratio_AVG_prev,Congestion_ratio_AVG_now,Congestion_ratio_AVG
Truck-3,Route-3,(175.0 0.0 194.5),(125.0 0.0 150.0),352.0174,351.944,-0.00141038,2.473524,16.592,30.496,,,424,423.208,424,0.1134024,0.08704381,0.1002231
Truck-2,Route-2,(675.0 0.0 105.5),(125.0 0.0 200.0),362.7704,365.64,0.04571578,2.431112,7.128,53.504
Truck-0,Route-0,(425.0 0.0 105.5),(375.0 0.0 50.0),373.5235,383.24,0.1321554,2.522424,37.416,40.848
Truck-4,Route-4,(675.0 0.0 -5.5),(125.0 0.0 200.0),380.6922,383.48,0.03454871,2.256217,33.784,44.72
Truck-100,Route-100,(425.0 0.0 105.5),(375.0 0.0 100.0),369.9391,380.8,0.1552904,2.606451,37.296,32.672
Truck-104,Route-104,(175.0 0.0 105.5),(375.0 0.0 150.0),384.2766,385.216,0.01114727,2.185026,36.304,44.144
Truck-103,Route-103,(675.0 0.0 105.5),(625.0 0.0 150.0),384.2766,388.744,0.05300926,2.275487,35.568,48.224
Truck-102,Route-102,(175.0 0.0 -5.5),(125.0 0.0 200.0),380.6922,390.776,0.1249662,2.453405,16.88,68.992
Truck-1,Route-1,(175.0 0.0 55.5),(625.0 0.0 200.0),391.4453,424,0.3560026,2.883721,31.48,87.568
Truck-101,Route-101,(675.0 0.0 -5.5),(125.0 0.0 0.0),412.9514,423.208,0.09080593,2.240146,37.296,81.08
