Truck_id,Route_id,Origin,Destination,Completion_Time_alone,Completion_Time,Congestion_ratio,TravelTime_by_Distance,PickupSta_AT,DropSta_AT,,,C_max_prev,C_max_now,C_max,Congestion_ratio_AVG_prev,Congestion_ratio_AVG_now,Congestion_ratio_AVG
Truck-2,Route-2,(675.0 0.0 205.5),(375.0 0.0 50.0),348.433,348.88,0.009229056,2.572632,7.072,36.872,,,400.224,398.68,400.224,0.08923373,0.06125334,0.07524353
Truck-101,Route-101,(175.0 0.0 194.5),(375.0 0.0 50.0),359.1861,358.328,-0.01449772,2.33312,16.864,36.584
Truck-0,Route-0,(175.0 0.0 55.5),(375.0 0.0 200.0),373.5235,377.528,0.05446624,2.349334,31.264,41.24
Truck-4,Route-4,(175.0 0.0 205.5),(625.0 0.0 100.0),380.6922,385.696,0.06201113,2.316108,7.072,73.72
Truck-102,Route-102,(675.0 0.0 -5.5),(375.0 0.0 100.0),369.9391,376.056,0.0874601,2.453419,36.744,34.48
Truck-104,Route-104,(425.0 0.0 194.5),(125.0 0.0 100.0),373.5235,379.784,0.08515007,2.417697,16.864,58.064
Truck-1,Route-1,(425.0 0.0 105.5),(625.0 0.0 200.0),377.1078,390.968,0.17975,2.599085,35.528,50.64
Truck-100,Route-100,(425.0 0.0 55.5),(375.0 0.0 200.0),373.5235,381.592,0.109741,2.472485,31.608,45.144
Truck-3,Route-3,(675.0 0.0 155.5),(625.0 0.0 50.0),387.8609,400.224,0.1407122,2.444488,32.04,63.224
Truck-103,Route-103,(175.0 0.0 105.5),(625.0 0.0 0.0),395.0296,398.68,0.03841319,2.192889,36.16,57.576
