Truck_id,Route_id,Origin,Destination,Completion_Time_alone,Completion_Time,Congestion_ratio,TravelTime_by_Distance,PickupSta_AT,DropSta_AT,,,C_max_prev,C_max_now,C_max,Congestion_ratio_AVG_prev,Congestion_ratio_AVG_now,Congestion_ratio_AVG
Truck-0,Route-0,(425.0 0.0 105.5),(125.0 0.0 200.0),344.8487,345.184,0.007476859,2.657882,7.344,32.928,,,412.736,408.568,412.736,0.04219216,0.06767311,0.05493264
Truck-102,Route-102,(425.0 0.0 205.5),(125.0 0.0 150.0),341.2643,346.896,0.1364783,3.1264,7.416,34.68
Truck-101,Route-101,(425.0 0.0 105.5),(625.0 0.0 200.0),362.7704,358.696,-0.06490958,2.173926,7.416,46.424
Truck-2,Route-2,(425.0 0.0 194.5),(125.0 0.0 100.0),373.5235,374.424,0.01224838,2.255273,16.568,53.032
Truck-103,Route-103,(675.0 0.0 105.5),(375.0 0.0 0.0),377.1078,390.16,0.1692714,2.576,36.16,46.024
Truck-100,Route-100,(425.0 0.0 5.5),(375.0 0.0 150.0),391.4453,394.664,0.03519865,2.201488,42.44,47.408
Truck-4,Route-4,(175.0 0.0 105.5),(625.0 0.0 0.0),395.0296,404.856,0.1034034,2.330133,57.136,42.8
Truck-1,Route-1,(175.0 0.0 55.5),(125.0 0.0 200.0),409.367,411.784,0.02209983,2.109132,78.832,28.088
Truck-3,Route-3,(425.0 0.0 55.5),(125.0 0.0 150.0),405.7827,412.736,0.06573232,2.21051,55.68,52.192
Truck-104,Route-104,(425.0 0.0 55.5),(625.0 0.0 200.0),402.1983,408.568,0.06232677,2.215673,22.888,80.648
