Truck_id,Route_id,Origin,Destination,Completion_Time_alone,Completion_Time,Congestion_ratio,TravelTime_by_Distance,PickupSta_AT,DropSta_AT,,,C_max_prev,C_max_now,C_max,Congestion_ratio_AVG_prev,Congestion_ratio_AVG_now,Congestion_ratio_AVG
Truck-103,Route-103,(175.0 0.0 205.5),(125.0 0.0 100.0),344.8487,350.504,0.1260982,2.970823,7.576,38.08,,,406.056,384.544,406.056,0.09782034,0.06095446,0.0793874
Truck-3,Route-3,(675.0 0.0 194.5),(625.0 0.0 200.0),355.6017,361.464,0.1054333,2.672347,24.904,31.664
Truck-1,Route-1,(425.0 0.0 -5.5),(375.0 0.0 200.0),362.7704,376.216,0.2142026,2.822815,26.784,44.608
Truck-4,Route-4,(175.0 0.0 194.5),(625.0 0.0 50.0),377.1078,377.064,-0.0005687327,2.201828,16.688,55.456
Truck-104,Route-104,(675.0 0.0 55.5),(125.0 0.0 200.0),366.3548,370.992,0.06988552,2.448,23.048,43.184
Truck-0,Route-0,(425.0 0.0 155.5),(375.0 0.0 150.0),380.6922,381.52,0.0102586,2.203243,45.488,31.128
Truck-101,Route-101,(425.0 0.0 155.5),(375.0 0.0 200.0),377.1078,376.032,-0.01395236,2.172343,23.048,48.2
Truck-102,Route-102,(425.0 0.0 105.5),(375.0 0.0 200.0),377.1078,379.136,0.0263026,2.261028,35.624,38.544
Truck-100,Route-100,(425.0 0.0 194.5),(625.0 0.0 200.0),377.1078,384.544,0.09643839,2.415543,35.4,44.144
Truck-2,Route-2,(175.0 0.0 55.5),(375.0 0.0 100.0),391.4453,406.056,0.1597759,2.466419,38.24,62.856
