Truck_id,Route_id,Origin,Destination,Completion_Time_alone,Completion_Time,Congestion_ratio,TravelTime_by_Distance,PickupSta_AT,DropSta_AT,,,C_max_prev,C_max_now,C_max,Congestion_ratio_AVG_prev,Congestion_ratio_AVG_now,Congestion_ratio_AVG
Truck-1,Route-1,(425.0 0.0 55.5),(625.0 0.0 200.0),366.3548,372.824,0.09749471,2.511173,7.2,60.648,,,392.816,403.04,403.04,0.08936484,0.03013732,0.05975108
Truck-104,Route-104,(675.0 0.0 105.5),(375.0 0.0 200.0),362.7704,363.104,0.005314409,2.337185,22.84,35.36
Truck-0,Route-0,(675.0 0.0 55.5),(125.0 0.0 150.0),369.9391,373.408,0.04959846,2.368,38.168,30.152
Truck-102,Route-102,(425.0 0.0 55.5),(625.0 0.0 200.0),366.3548,368.016,0.02503549,2.345379,7.36,55.776
Truck-100,Route-100,(175.0 0.0 194.5),(125.0 0.0 200.0),369.9391,373.176,0.04628136,2.360516,32.984,35.408
Truck-2,Route-2,(425.0 0.0 5.5),(125.0 0.0 100.0),377.1078,389.336,0.158585,2.552457,44.96,39.64
Truck-3,Route-3,(175.0 0.0 55.5),(375.0 0.0 0.0),380.6922,390.872,0.1261561,2.456,39.184,46.664
Truck-4,Route-4,(675.0 0.0 -5.5),(125.0 0.0 50.0),391.4453,392.816,0.01498993,2.158512,36.12,51.752
Truck-101,Route-101,(675.0 0.0 205.5),(625.0 0.0 100.0),380.6922,388.76,0.09998253,2.398919,22.84,61.12
Truck-103,Route-103,(675.0 0.0 5.5),(625.0 0.0 200.0),405.7827,403.04,-0.02592717,2.020392,38.056,60.272
