Truck_id,Route_id,Origin,Destination,Completion_Time_alone,Completion_Time,Congestion_ratio,TravelTime_by_Distance,PickupSta_AT,DropSta_AT,,,C_max_prev,C_max_now,C_max,Congestion_ratio_AVG_prev,Congestion_ratio_AVG_now,Congestion_ratio_AVG
Truck-3,Route-3,(175.0 0.0 194.5),(125.0 0.0 150.0),352.0174,351.976,-0.0007949522,2.475048,16.552,30.6,,,399.192,434.248,434.248,0.04251149,0.05003607,0.04627378
Truck-2,Route-2,(675.0 0.0 105.5),(125.0 0.0 200.0),362.7704,364.064,0.0206081,2.372741,7.2,51.92
Truck-0,Route-0,(425.0 0.0 105.5),(375.0 0.0 50.0),373.5235,378.824,0.07209313,2.388606,37.904,36.064
Truck-4,Route-4,(675.0 0.0 -5.5),(125.0 0.0 200.0),380.6922,383.592,0.03593669,2.259243,34.344,44.408
Truck-102,Route-102,(175.0 0.0 -5.5),(125.0 0.0 200.0),380.6922,385.168,0.05546756,2.301838,17.104,62.984
Truck-104,Route-104,(175.0 0.0 105.5),(375.0 0.0 150.0),384.2766,387.832,0.0421879,2.252103,36.384,46.552
Truck-1,Route-1,(175.0 0.0 55.5),(625.0 0.0 200.0),391.4453,399.192,0.08471446,2.30679,31.296,62.976
Truck-101,Route-101,(675.0 0.0 5.5),(625.0 0.0 150.0),391.4453,394.88,0.03756076,2.206512,41.96,48.216
Truck-100,Route-100,(425.0 0.0 105.5),(375.0 0.0 100.0),402.1983,411.312,0.08917671,2.271674,70.176,36.224
Truck-103,Route-103,(675.0 0.0 105.5),(125.0 0.0 0.0),430.8731,434.248,0.02578741,2.065354,37.184,92.104
