Truck_id,Route_id,Origin,Destination,Completion_Time_alone,Completion_Time,Congestion_ratio,TravelTime_by_Distance,PickupSta_AT,DropSta_AT,,,C_max_prev,C_max_now,C_max,Congestion_ratio_AVG_prev,Congestion_ratio_AVG_now,Congestion_ratio_AVG
Truck-104,Route-104,(675.0 0.0 205.5),(625.0 0.0 150.0),341.2643,344.416,0.07637767,2.961066,7.416,32.176,,,422.592,416.96,422.592,0.05971536,0.1100617,0.08488854
Truck-3,Route-3,(675.0 0.0 -5.5),(375.0 0.0 200.0),362.7704,367.216,0.07082297,2.489482,33.904,28.384
Truck-1,Route-1,(675.0 0.0 55.5),(125.0 0.0 200.0),366.3548,374.144,0.1173879,2.55669,30.648,38.504
Truck-103,Route-103,(175.0 0.0 -5.5),(375.0 0.0 200.0),362.7704,372.576,0.1562133,2.687999,16.728,50.976
Truck-102,Route-102,(675.0 0.0 -5.5),(625.0 0.0 200.0),362.7704,372.8,0.1597818,2.696296,27.976,39.92
Truck-0,Route-0,(175.0 0.0 155.5),(625.0 0.0 0.0),391.4453,388.792,-0.02901473,2.06493,30.648,53.216
Truck-100,Route-100,(425.0 0.0 155.5),(375.0 0.0 100.0),384.2766,397.28,0.154295,2.494359,31.024,61.336
Truck-4,Route-4,(425.0 0.0 55.5),(625.0 0.0 200.0),409.367,422.36,0.1188017,2.308679,22.768,94.648
Truck-2,Route-2,(175.0 0.0 105.5),(125.0 0.0 150.0),420.1201,422.592,0.02057903,2.077831,66.528,51.152
Truck-101,Route-101,(425.0 0.0 -5.5),(125.0 0.0 200.0),416.5357,416.96,0.003640823,2.05193,46.44,65.632
