Truck_id,Route_id,Path_length,Completion_Time_alone,Pick_station,Drop_station
0,0,35,377.1078348713047,"(375, 0, 200)","(375, 0, 0)"
1,1,53,409.3670021224673,"(125, 0, 200)","(375, 0, 50)"
2,2,37,380.69218678810057,"(125, 0, 200)","(375, 0, 150)"
3,3,17,344.8486676201422,"(625, 0, 200)","(375, 0, 100)"
4,4,41,387.86089062169225,"(125, 0, 0)","(625, 0, 200)"
