Truck_id,Route_id,Origin,Destination,Completion_Time_alone,Completion_Time,Congestion_ratio,TravelTime_by_Distance,PickupSta_AT,DropSta_AT,,,C_max_prev,C_max_now,C_max,Congestion_ratio_AVG_prev,Congestion_ratio_AVG_now,Congestion_ratio_AVG
Truck-3,Route-3,(425.0 0.0 155.5),(375.0 0.0 200.0),341.2643,338.888,-0.05758759,2.592533,7.016,26.808,,,402.008,384.392,402.008,0.02660556,0.05682299,0.04171427
Truck-2,Route-2,(175.0 0.0 194.5),(125.0 0.0 100.0),355.6017,358.2,0.04673052,2.530435,16.52,36.64
Truck-4,Route-4,(425.0 0.0 105.5),(125.0 0.0 200.0),369.9391,372.904,0.04239222,2.351742,29.24,38.64
Truck-0,Route-0,(175.0 0.0 105.5),(625.0 0.0 200.0),395.0296,397.696,0.02805876,2.171023,49.072,43.6
Truck-1,Route-1,(675.0 0.0 105.5),(125.0 0.0 0.0),395.0296,402.008,0.07343389,2.266844,35.912,60.984
Truck-100,Route-100,(425.0 0.0 -5.5),(375.0 0.0 200.0),362.7704,366.768,0.06368588,2.472889,29.48,32.272
Truck-102,Route-102,(175.0 0.0 5.5),(625.0 0.0 200.0),369.9391,374.264,0.06183793,2.395613,7.04,62.184
Truck-104,Route-104,(425.0 0.0 155.5),(625.0 0.0 0.0),373.5235,375.312,0.02432616,2.282182,31.536,38.8
Truck-101,Route-101,(675.0 0.0 -5.5),(375.0 0.0 50.0),373.5235,380.024,0.0884142,2.424969,35.784,39.248
Truck-103,Route-103,(175.0 0.0 155.5),(375.0 0.0 150.0),380.6922,384.392,0.04585076,2.280865,30.496,48.848
