Truck_id,Route_id,Origin,Destination,Completion_Time_alone,Completion_Time,Congestion_ratio,TravelTime_by_Distance,PickupSta_AT,DropSta_AT,,,C_max_prev,C_max_now,C_max,Congestion_ratio_AVG_prev,Congestion_ratio_AVG_now,Congestion_ratio_AVG
Truck-1,Route-1,(675.0 0.0 205.5),(375.0 0.0 150.0),341.2643,338.2,-0.07426031,2.546668,6.936,26.272,,,393.712,402.592,402.592,-0.02630405,-0.01652197,-0.02141301
Truck-0,Route-0,(425.0 0.0 155.5),(125.0 0.0 200.0),359.1861,354.84,-0.07343062,2.1936,22.688,27.144
Truck-3,Route-3,(675.0 0.0 155.5),(375.0 0.0 0.0),373.5235,379.008,0.07459561,2.394182,30.424,43.568
Truck-2,Route-2,(675.0 0.0 105.5),(375.0 0.0 200.0),398.614,390.408,-0.083213,1.923574,38.152,47.256
Truck-4,Route-4,(425.0 0.0 55.5),(625.0 0.0 200.0),391.4453,393.712,0.0247881,2.179349,29.12,59.56
Truck-104,Route-104,(425.0 0.0 205.5),(125.0 0.0 50.0),348.433,348.256,-0.003654572,2.53979,7.064,36.176
Truck-103,Route-103,(425.0 0.0 155.5),(625.0 0.0 200.0),359.1861,355.216,-0.06707765,2.20864,7.072,43.112
Truck-101,Route-101,(175.0 0.0 55.5),(375.0 0.0 50.0),395.0296,396.904,0.01972427,2.153422,37.456,54.376
Truck-102,Route-102,(175.0 0.0 -5.5),(625.0 0.0 200.0),398.614,398.472,-0.001439632,2.095149,61.104,32.336
Truck-100,Route-100,(175.0 0.0 155.5),(625.0 0.0 50.0),405.7827,402.592,-0.03016225,2.011608,30.352,67.216
