Truck_id,Route_id,Origin,Destination,Completion_Time_alone,Completion_Time,Congestion_ratio,TravelTime_by_Distance,PickupSta_AT,DropSta_AT,,,C_max_prev,C_max_now,C_max,Congestion_ratio_AVG_prev,Congestion_ratio_AVG_now,Congestion_ratio_AVG
Truck-3,Route-3,(425.0 0.0 155.5),(375.0 0.0 200.0),377.1078,370.528,-0.08533287,2.015086,22.92,42.592,,,394.144,430.552,430.552,0.03245159,-0.01075249,0.01084955
Truck-0,Route-0,(675.0 0.0 -5.5),(125.0 0.0 200.0),380.6922,383.6,0.03603578,2.25946,33.072,45.56
Truck-1,Route-1,(675.0 0.0 55.5),(375.0 0.0 50.0),377.1078,387.384,0.1332699,2.496686,39.672,39.696
Truck-2,Route-2,(425.0 0.0 105.5),(375.0 0.0 200.0),387.8609,388.456,0.006773124,2.157463,29.4,54.048
Truck-4,Route-4,(675.0 0.0 105.5),(125.0 0.0 100.0),387.8609,394.144,0.07151203,2.296196,36.112,53.048
Truck-101,Route-101,(175.0 0.0 205.5),(375.0 0.0 50.0),366.3548,366.088,-0.00402012,2.278897,6.944,54.144
Truck-103,Route-103,(425.0 0.0 155.5),(125.0 0.0 150.0),398.614,396.064,-0.02585798,2.043915,45.496,45.536
Truck-100,Route-100,(175.0 0.0 155.5),(375.0 0.0 200.0),398.614,396.24,-0.02407329,2.047659,52.368,38.904
Truck-102,Route-102,(175.0 0.0 55.5),(375.0 0.0 200.0),409.367,409.656,0.002642492,2.068981,62.456,42.168
Truck-104,Route-104,(425.0 0.0 105.5),(125.0 0.0 200.0),430.8731,430.552,-0.002453567,2.008492,81.32,44.224
