Truck_id,Route_id,Origin,Destination,Completion_Time_alone,Completion_Time,Congestion_ratio,CompletionTime_by_Distance,PickupSta_AT,DropSta_AT,,,C_max_prev,C_max_now,C_max,Congestion_ratio_AVG_prev,Congestion_ratio_AVG_now,Congestion_ratio_AVG
Truck-2,Route-2,(675.0 0.0 105.5),(375.0 0.0 200.0),344.8487,347.008,0.04814708,20.41224,7.408,34.472,,,414.688,408.312,414.688,0.03170303,0.01341261,0.02255782
Truck-1,Route-1,(425.0 0.0 -5.5),(125.0 0.0 200.0),362.7704,367.592,0.07681316,13.61452,34.44,27.912
Truck-4,Route-4,(425.0 0.0 194.5),(125.0 0.0 100.0),373.5235,378.968,0.07405145,11.48388,16.536,57.288
Truck-0,Route-0,(175.0 0.0 194.5),(375.0 0.0 0.0),398.614,396.184,-0.02464116,8.429446,31.896,59.152
Truck-3,Route-3,(175.0 0.0 -5.5),(125.0 0.0 200.0),416.5357,414.688,-0.01585538,7.275228,65.136,44.424
Truck-103,Route-103,(425.0 0.0 155.5),(625.0 0.0 200.0),359.1861,357.336,-0.03125849,14.29344,7.544,44.728
Truck-104,Route-104,(425.0 0.0 -5.5),(625.0 0.0 200.0),362.7704,363.136,0.005823923,13.44948,16.912,41.176
Truck-101,Route-101,(175.0 0.0 205.5),(375.0 0.0 100.0),362.7704,365.128,0.03755869,13.52326,7.544,52.4
Truck-102,Route-102,(675.0 0.0 155.5),(125.0 0.0 0.0),373.5235,378.272,0.0645853,11.46279,30.8,42.32
Truck-100,Route-100,(175.0 0.0 55.5),(625.0 0.0 100.0),409.367,408.312,-0.009646352,7.704,38.656,64.464
