Truck_id,Route_id,Origin,Destination,Completion_Time_alone,Completion_Time,Congestion_ratio,TravelTime_by_Distance,PickupSta_AT,DropSta_AT,,,C_max_prev,C_max_now,C_max,Congestion_ratio_AVG_prev,Congestion_ratio_AVG_now,Congestion_ratio_AVG
Truck-0,Route-0,(175.0 0.0 194.5),(625.0 0.0 100.0),373.5235,371.056,-0.03356028,2.153212,16.488,49.632,,,402.928,430.168,430.168,0.08417827,0.05480621,0.0645969
Truck-3,Route-3,(175.0 0.0 -5.5),(125.0 0.0 200.0),362.7704,372.976,0.1625861,2.702815,16.488,51.568
Truck-1,Route-1,(175.0 0.0 105.5),(125.0 0.0 50.0),373.5235,380.968,0.1012536,2.453575,36.432,39.376
Truck-2,Route-2,(675.0 0.0 155.5),(625.0 0.0 200.0),384.2766,393.336,0.1074967,2.393231,29.224,58.952
Truck-4,Route-4,(675.0 0.0 -5.5),(125.0 0.0 0.0),395.0296,402.928,0.08311523,2.287289,37.936,59.976
Truck-101,Route-101,(175.0 0.0 155.5),(125.0 0.0 200.0),341.2643,341,-0.006405359,2.733333,7.528,28.448
Truck-106,Route-106,(425.0 0.0 155.5),(125.0 0.0 200.0),341.2643,341.216,-0.001170729,2.747734,7.528,28.664
Truck-100,Route-100,(425.0 0.0 205.5),(125.0 0.0 0.0),352.0174,352.192,0.003356986,2.485333,7.528,39.768
Truck-105,Route-105,(675.0 0.0 105.5),(625.0 0.0 200.0),344.8487,353.112,0.1842493,3.124235,7.528,40.656
Truck-108,Route-108,(175.0 0.0 194.5),(375.0 0.0 50.0),359.1861,360.728,0.02605227,2.42912,17.128,38.584
Truck-104,Route-104,(675.0 0.0 205.5),(125.0 0.0 100.0),362.7704,362.784,0.0002163491,2.325333,7.528,50.224
Truck-102,Route-102,(675.0 0.0 5.5),(375.0 0.0 200.0),369.9391,375.76,0.08322799,2.443871,39.912,30.952
Truck-103,Route-103,(175.0 0.0 -5.5),(625.0 0.0 0.0),377.1078,387.048,0.1289124,2.487086,43.08,39
Truck-109,Route-109,(425.0 0.0 55.5),(625.0 0.0 200.0),402.1983,396.008,-0.06057153,1.959347,23.016,68.144
Truck-107,Route-107,(175.0 0.0 105.5),(625.0 0.0 50.0),409.367,430.168,0.1901944,2.456,37.904,87.304
