Truck_id,Route_id,Origin,Destination,Completion_Time_alone,Completion_Time,Congestion_ratio,TravelTime_by_Distance,PickupSta_AT,DropSta_AT,,,C_max_prev,C_max_now,C_max,Congestion_ratio_AVG_prev,Congestion_ratio_AVG_now,Congestion_ratio_AVG
Truck-1,Route-1,(675.0 0.0 205.5),(125.0 0.0 150.0),359.1861,368.112,0.1508114,2.72448,7.24,41.944,,,444.496,412.128,444.496,0.2550336,0.2757135,0.2688201
Truck-2,Route-2,(425.0 0.0 155.5),(125.0 0.0 50.0),369.9391,396.504,0.3798287,3.113032,33.12,43.032
Truck-4,Route-4,(175.0 0.0 -5.5),(375.0 0.0 200.0),380.6922,399,0.2268844,2.675676,45.104,33.648
Truck-3,Route-3,(425.0 0.0 -5.5),(625.0 0.0 200.0),405.7827,435.16,0.2777143,2.650196,42.392,72.52
Truck-0,Route-0,(175.0 0.0 105.5),(375.0 0.0 50.0),416.5357,444.496,0.239929,2.535017,35.872,94.256
Truck-109,Route-109,(425.0 0.0 205.5),(125.0 0.0 100.0),344.8487,360.448,0.3478216,3.555765,7.36,33.784
Truck-106,Route-106,(425.0 0.0 5.5),(625.0 0.0 200.0),352.0174,373.376,0.410606,3.494096,7.36,47.904
Truck-100,Route-100,(425.0 0.0 55.5),(125.0 0.0 200.0),366.3548,378.984,0.1903291,2.723587,7.36,53.544
Truck-102,Route-102,(675.0 0.0 205.5),(125.0 0.0 0.0),369.9391,386.056,0.2304416,2.776,27.016,40.624
Truck-108,Route-108,(175.0 0.0 155.5),(625.0 0.0 200.0),377.1078,388.4,0.1464461,2.525714,7.36,62.8
Truck-101,Route-101,(675.0 0.0 55.5),(625.0 0.0 200.0),373.5235,391.688,0.2470575,2.778424,31.144,41.504
Truck-103,Route-103,(425.0 0.0 155.5),(375.0 0.0 150.0),380.6922,401.184,0.2539501,2.734702,30.912,51.296
Truck-104,Route-104,(675.0 0.0 155.5),(625.0 0.0 150.0),380.6922,407.056,0.3267206,2.893405,32.048,55.856
Truck-105,Route-105,(425.0 0.0 105.5),(375.0 0.0 100.0),387.8609,411.872,0.2732855,2.728585,35.648,54.296
Truck-107,Route-107,(175.0 0.0 205.5),(625.0 0.0 50.0),384.2766,412.128,0.3304768,2.875077,7.36,86.624
