Truck_id,Route_id,Origin,Destination,Completion_Time_alone,Completion_Time,Congestion_ratio,CompletionTime_by_Distance,PickupSta_AT,DropSta_AT,,,C_max_prev,C_max_now,C_max,Congestion_ratio_AVG_prev,Congestion_ratio_AVG_now,Congestion_ratio_AVG
Truck-1,Route-1,(675.0 0.0 55.5),(375.0 0.0 200.0),366.3548,369.056,0.04070895,12.72607,30.752,33.144,,,384.296,403.896,403.896,0.01739314,0.05962199,0.03850756
Truck-0,Route-0,(425.0 0.0 55.5),(125.0 0.0 200.0),366.3548,369.296,0.04432572,12.73434,36.08,28.192
Truck-4,Route-4,(175.0 0.0 194.5),(375.0 0.0 200.0),373.5235,373.68,0.002128907,11.32364,39.368,29.112
Truck-3,Route-3,(175.0 0.0 55.5),(625.0 0.0 200.0),384.2766,380.496,-0.04485884,9.756308,7.216,68.168
Truck-2,Route-2,(425.0 0.0 194.5),(125.0 0.0 0.0),380.6922,384.296,0.04466095,10.38638,16.736,62.424
Truck-100,Route-100,(425.0 0.0 205.5),(125.0 0.0 0.0),352.0174,352.352,0.006432953,16.77867,7.448,39.736
Truck-101,Route-101,(675.0 0.0 55.5),(125.0 0.0 200.0),366.3548,372.64,0.09472188,12.84966,36.872,30.688
Truck-102,Route-102,(675.0 0.0 -5.5),(625.0 0.0 100.0),369.9391,379.28,0.1335573,12.23484,36.416,37.808
Truck-103,Route-103,(175.0 0.0 55.5),(125.0 0.0 100.0),373.5235,379.496,0.08123303,11.49988,42.008,32.384
Truck-104,Route-104,(425.0 0.0 5.5),(625.0 0.0 200.0),405.7827,403.896,-0.01783523,7.919529,38.984,59.624
