Truck_id,Route_id,Origin,Destination,Completion_Time_alone,Completion_Time,Congestion_ratio,TravelTime_by_Distance,PickupSta_AT,DropSta_AT,,,C_max_prev,C_max_now,C_max,Congestion_ratio_AVG_prev,Congestion_ratio_AVG_now,Congestion_ratio_AVG
Truck-1,Route-1,(425.0 0.0 55.5),(375.0 0.0 200.0),348.433,344.992,-0.07104678,2.368,7.264,32.912,,,405.688,440.48,440.48,0.02437386,0.09633432,0.0723475
Truck-4,Route-4,(675.0 0.0 105.5),(375.0 0.0 150.0),366.3548,375.92,0.1441531,2.617932,36.704,34.216
Truck-3,Route-3,(175.0 0.0 194.5),(375.0 0.0 200.0),380.6922,381.992,0.01610818,2.216,29.52,47.568
Truck-0,Route-0,(175.0 0.0 155.5),(375.0 0.0 100.0),384.2766,387.104,0.03354971,2.233436,30.424,51.624
Truck-2,Route-2,(425.0 0.0 5.5),(625.0 0.0 200.0),405.7827,405.688,-0.0008949059,2.072314,30.784,69.928
Truck-102,Route-102,(425.0 0.0 205.5),(375.0 0.0 150.0),341.2643,344.728,0.08393897,2.981866,7.296,32.44
Truck-101,Route-101,(675.0 0.0 205.5),(375.0 0.0 50.0),348.433,347.832,-0.01240916,2.517474,7.296,35.608
Truck-100,Route-100,(675.0 0.0 155.5),(125.0 0.0 200.0),359.1861,356.216,-0.05018178,2.24864,7.296,43.864
Truck-103,Route-103,(175.0 0.0 5.5),(375.0 0.0 200.0),352.0174,359.856,0.1506924,2.850285,7.296,47.56
Truck-106,Route-106,(425.0 0.0 155.5),(125.0 0.0 150.0),362.7704,373.248,0.1669189,2.712888,30.344,38.048
Truck-107,Route-107,(675.0 0.0 5.5),(125.0 0.0 200.0),369.9391,373.608,0.05245826,2.374452,7.296,61.384
Truck-109,Route-109,(675.0 0.0 105.5),(375.0 0.0 0.0),377.1078,385.504,0.1088884,2.442971,36.912,43.592
Truck-104,Route-104,(425.0 0.0 55.5),(125.0 0.0 100.0),373.5235,389.68,0.2197465,2.717576,39.128,45.608
Truck-108,Route-108,(175.0 0.0 55.5),(625.0 0.0 200.0),391.4453,394.904,0.03782307,2.20707,7.296,82.672
Truck-105,Route-105,(175.0 0.0 105.5),(625.0 0.0 50.0),416.5357,440.48,0.2054676,2.464562,35.896,99.616
