Truck_id,Route_id,Origin,Destination,Completion_Time_alone,Completion_Time,Congestion_ratio,TravelTime_by_Distance,PickupSta_AT,DropSta_AT,,,C_max_prev,C_max_now,C_max,Congestion_ratio_AVG_prev,Congestion_ratio_AVG_now,Congestion_ratio_AVG
Truck-4,Route-4,(425.0 0.0 155.5),(625.0 0.0 200.0),359.1861,355.264,-0.06626658,2.21056,6.952,43.2,,,399.136,393.656,399.136,-0.0002270926,0.01528743,0.01011592
Truck-1,Route-1,(175.0 0.0 194.5),(625.0 0.0 0.0),362.7704,358.848,-0.06248842,2.179555,16.376,37.504
Truck-2,Route-2,(425.0 0.0 105.5),(375.0 0.0 200.0),377.1078,381.4,0.05566417,2.325714,33.76,42.624
Truck-0,Route-0,(175.0 0.0 105.5),(125.0 0.0 200.0),377.1078,382.248,0.06666166,2.349942,33.408,43.808
Truck-3,Route-3,(175.0 0.0 -5.5),(625.0 0.0 200.0),398.614,399.136,0.00529371,2.109276,42.144,51.928
Truck-104,Route-104,(425.0 0.0 155.5),(125.0 0.0 200.0),341.2643,340.752,-0.01241505,2.716801,7.16,28.648
Truck-107,Route-107,(425.0 0.0 105.5),(375.0 0.0 200.0),344.8487,344.456,-0.008755438,2.615058,7.16,32.28
Truck-100,Route-100,(425.0 0.0 5.5),(125.0 0.0 200.0),352.0174,354.464,0.04703477,2.593523,7.16,42.352
Truck-106,Route-106,(675.0 0.0 205.5),(125.0 0.0 100.0),362.7704,360.752,-0.03215531,2.250075,7.16,48.616
Truck-103,Route-103,(425.0 0.0 55.5),(625.0 0.0 200.0),366.3548,365.184,-0.01764419,2.247724,7.16,53.016
Truck-108,Route-108,(675.0 0.0 105.5),(625.0 0.0 100.0),369.9391,371.4,0.02088783,2.303226,34.456,31.976
Truck-109,Route-109,(175.0 0.0 155.5),(125.0 0.0 150.0),380.6922,381.216,0.00649138,2.195027,45.992,30.216
Truck-102,Route-102,(175.0 0.0 105.5),(125.0 0.0 200.0),377.1078,381.336,0.05483423,2.323886,33.712,42.6
Truck-101,Route-101,(675.0 0.0 -5.5),(625.0 0.0 50.0),373.5235,386.624,0.1781815,2.624969,35.776,42.8
Truck-105,Route-105,(675.0 0.0 55.5),(375.0 0.0 200.0),402.1983,393.656,-0.08358551,1.911347,38.424,50.16
