Truck_id,Route_id,Origin,Destination,Completion_Time_alone,Completion_Time,Congestion_ratio,TravelTime_by_Distance,PickupSta_AT,DropSta_AT,,,C_max_prev,C_max_now,C_max,Congestion_ratio_AVG_prev,Congestion_ratio_AVG_now,Congestion_ratio_AVG
Truck-0,Route-0,(675.0 0.0 205.5),(625.0 0.0 150.0),341.2643,348.216,0.1684674,3.2144,6.912,36.312,,,390.728,616.08,616.08,0.04376131,0.4259817,0.2985749
Truck-1,Route-1,(175.0 0.0 155.5),(125.0 0.0 0.0),373.5235,376.264,0.03727435,2.311031,30.016,41.152
Truck-4,Route-4,(425.0 0.0 194.5),(625.0 0.0 200.0),380.6922,380.936,0.003021419,2.187459,28.136,47.728
Truck-2,Route-2,(425.0 0.0 155.5),(375.0 0.0 200.0),384.2766,385.784,0.0178869,2.19959,29.672,51.056
Truck-3,Route-3,(175.0 0.0 55.5),(375.0 0.0 200.0),391.4453,390.728,-0.007843542,2.109953,46.608,39.088
Truck-101,Route-101,(425.0 0.0 205.5),(375.0 0.0 50.0),348.433,353.36,0.1017275,2.80842,7.08,41.336
Truck-100,Route-100,(675.0 0.0 205.5),(625.0 0.0 0.0),352.0174,353.832,0.0348852,2.563429,7.08,41.704
Truck-109,Route-109,(425.0 0.0 155.5),(625.0 0.0 200.0),359.1861,356.504,-0.04531587,2.26016,7.072,44.464
Truck-106,Route-106,(425.0 0.0 105.5),(125.0 0.0 200.0),362.7704,361.968,-0.01278356,2.295111,22.936,34.016
Truck-104,Route-104,(425.0 0.0 5.5),(125.0 0.0 200.0),369.9391,369.928,-0.0001588295,2.255742,30.472,34.48
Truck-103,Route-103,(675.0 0.0 105.5),(375.0 0.0 100.0),369.9391,375.64,0.08151229,2.440001,34.704,35.96
Truck-102,Route-102,(175.0 0.0 5.5),(125.0 0.0 0.0),384.2766,387.344,0.03639736,2.23959,41.632,40.704
Truck-108,Route-108,(175.0 0.0 205.5),(625.0 0.0 50.0),391.4453,394.976,0.03861066,2.208745,7.072,82.912
Truck-105,Route-105,(675.0 0.0 55.5),(375.0 0.0 200.0),402.1983,401.12,-0.01055114,2.063673,53.184,42.92
Truck-107,Route-107,(675.0 0.0 -5.5),(625.0 0.0 200.0),362.7704,616.08,4.035493,11.70667,33.368,277.688
