Truck_id,Route_id,Origin,Destination,Completion_Time_alone,Completion_Time,Congestion_ratio,TravelTime_by_Distance,PickupSta_AT,DropSta_AT,,,C_max_prev,C_max_now,C_max,Congestion_ratio_AVG_prev,Congestion_ratio_AVG_now,Congestion_ratio_AVG
Truck-1,Route-1,(675.0 0.0 205.5),(125.0 0.0 150.0),359.1861,353.632,-0.09384096,2.14528,6.832,41.752,,,392.552,400.856,400.856,0.02397094,0.09024124,0.06815114
Truck-2,Route-2,(425.0 0.0 155.5),(125.0 0.0 50.0),369.9391,380.648,0.1531174,2.601549,30.384,42.312
Truck-3,Route-3,(425.0 0.0 -5.5),(625.0 0.0 200.0),380.6922,382,0.01620727,2.216216,42.28,34.672
Truck-4,Route-4,(175.0 0.0 -5.5),(375.0 0.0 200.0),380.6922,383.296,0.03226818,2.251243,45.36,32.856
Truck-0,Route-0,(175.0 0.0 105.5),(375.0 0.0 50.0),391.4453,392.552,0.01210288,2.152372,34.208,50.408
Truck-109,Route-109,(425.0 0.0 205.5),(125.0 0.0 0.0),352.0174,351.456,-0.01079199,2.450285,7.144,39.344
Truck-100,Route-100,(425.0 0.0 55.5),(125.0 0.0 200.0),348.433,353.24,0.09925,2.802105,7.152,41.056
Truck-106,Route-106,(425.0 0.0 5.5),(625.0 0.0 200.0),352.0174,354.976,0.0568781,2.617905,7.144,42.808
Truck-104,Route-104,(675.0 0.0 155.5),(125.0 0.0 100.0),366.3548,374.664,0.1252244,2.574621,31.76,34.912
Truck-101,Route-101,(675.0 0.0 55.5),(625.0 0.0 200.0),373.5235,378.4,0.06632611,2.375757,30.912,42.496
Truck-103,Route-103,(425.0 0.0 155.5),(375.0 0.0 150.0),380.6922,381.528,0.01035807,2.20346,30.312,46.248
Truck-102,Route-102,(675.0 0.0 205.5),(625.0 0.0 150.0),377.1078,385.368,0.1071248,2.439086,26.648,53.68
Truck-108,Route-108,(175.0 0.0 155.5),(625.0 0.0 200.0),377.1078,386.648,0.1237249,2.475657,7.144,74.52
Truck-107,Route-107,(175.0 0.0 205.5),(625.0 0.0 50.0),384.2766,399.144,0.1764128,2.542154,7.144,87
Truck-105,Route-105,(425.0 0.0 105.5),(375.0 0.0 100.0),387.8609,400.856,0.1479052,2.459902,35.472,54.416
