Truck_id,Route_id,Origin,Destination,Completion_Time_alone,Completion_Time,Congestion_ratio,TravelTime_by_Distance,PickupSta_AT,DropSta_AT,,,C_max_prev,C_max_now,C_max,Congestion_ratio_AVG_prev,Congestion_ratio_AVG_now,Congestion_ratio_AVG
Truck-4,Route-4,(675.0 0.0 205.5),(125.0 0.0 150.0),359.1861,354.296,-0.08262207,2.17184,6.944,42.288,,,427.568,418.104,427.568,-0.005537804,0.02146719,0.01246552
Truck-0,Route-0,(675.0 0.0 55.5),(125.0 0.0 200.0),366.3548,367.416,0.0159931,2.324689,30.056,32.344
Truck-2,Route-2,(425.0 0.0 155.5),(375.0 0.0 50.0),387.8609,389.176,0.01496791,2.175024,45.688,38.424
Truck-1,Route-1,(175.0 0.0 105.5),(625.0 0.0 150.0),402.1983,404.424,0.02177833,2.131102,50.048,49.312
Truck-3,Route-3,(175.0 0.0 55.5),(375.0 0.0 200.0),427.2888,427.568,0.00219372,2.024889,90.856,31.744
Truck-101,Route-101,(425.0 0.0 155.5),(375.0 0.0 200.0),341.2643,340.232,-0.02501721,2.682133,7.192,28.04
Truck-107,Route-107,(175.0 0.0 155.5),(125.0 0.0 200.0),341.2643,340.344,-0.02230301,2.6896,7.192,28.16
Truck-104,Route-104,(425.0 0.0 -5.5),(375.0 0.0 200.0),362.7704,362.552,-0.003479574,2.316741,16.608,40.96
Truck-103,Route-103,(675.0 0.0 194.5),(375.0 0.0 200.0),362.7704,367.552,0.07617579,2.501926,29.072,33.472
Truck-102,Route-102,(175.0 0.0 -5.5),(625.0 0.0 200.0),380.6922,377.312,-0.0418899,2.089514,16.608,55.648
Truck-106,Route-106,(175.0 0.0 105.5),(125.0 0.0 50.0),373.5235,377.544,0.05468374,2.349818,34.904,34.608
Truck-109,Route-109,(675.0 0.0 55.5),(625.0 0.0 200.0),384.2766,386.968,0.03193577,2.229948,30.288,51.688
Truck-108,Route-108,(175.0 0.0 55.5),(125.0 0.0 0.0),380.6922,390.184,0.1176296,2.437405,38.288,43.88
Truck-105,Route-105,(175.0 0.0 194.5),(125.0 0.0 200.0),409.367,403.576,-0.0529503,1.954264,55.712,42.904
Truck-100,Route-100,(425.0 0.0 55.5),(125.0 0.0 100.0),409.367,418.104,0.07988698,2.228377,55.12,57.984
