Truck_id,Route_id,Origin,Destination,Completion_Time_alone,Completion_Time,Congestion_ratio,TravelTime_by_Distance,PickupSta_AT,DropSta_AT,,,C_max_prev,C_max_now,C_max,Congestion_ratio_AVG_prev,Congestion_ratio_AVG_now,Congestion_ratio_AVG
Truck-1,Route-1,(675.0 0.0 55.5),(375.0 0.0 200.0),348.433,352.336,0.08058521,2.754526,6.8,40.544,,,385.56,384.392,385.56,0.005871069,0.02281447,0.01716667
Truck-4,Route-4,(675.0 0.0 105.5),(125.0 0.0 200.0),362.7704,359.888,-0.04591997,2.218074,22.624,32.232
Truck-0,Route-0,(675.0 0.0 155.5),(625.0 0.0 200.0),377.1078,370.472,-0.08605952,2.013485,22.632,42.872
Truck-3,Route-3,(675.0 0.0 194.5),(625.0 0.0 200.0),377.1078,382.16,0.06552063,2.347429,34.024,43.136
Truck-2,Route-2,(175.0 0.0 105.5),(125.0 0.0 150.0),384.2766,385.56,0.015229,2.193846,50.344,30.248
Truck-106,Route-106,(175.0 0.0 155.5),(125.0 0.0 200.0),341.2643,339.48,-0.0432408,2.632001,7.224,27.28
Truck-104,Route-104,(675.0 0.0 55.5),(625.0 0.0 200.0),348.433,345.936,-0.05155594,2.417685,7.224,33.744
Truck-100,Route-100,(175.0 0.0 55.5),(125.0 0.0 200.0),348.433,348.104,-0.006793094,2.53179,7.224,35.848
Truck-109,Route-109,(425.0 0.0 55.5),(125.0 0.0 200.0),348.433,348.104,-0.006793094,2.53179,7.224,35.848
Truck-105,Route-105,(175.0 0.0 194.5),(625.0 0.0 0.0),362.7704,361.664,-0.01762637,2.283852,16.672,39.984
Truck-103,Route-103,(425.0 0.0 194.5),(375.0 0.0 200.0),373.5235,373.8,0.003760973,2.236363,40.752,28.056
Truck-107,Route-107,(175.0 0.0 105.5),(125.0 0.0 100.0),369.9391,374.336,0.06286727,2.397935,34.632,34.64
Truck-101,Route-101,(425.0 0.0 155.5),(125.0 0.0 0.0),373.5235,377.36,0.05218085,2.344242,30.344,41.936
Truck-108,Route-108,(675.0 0.0 105.5),(375.0 0.0 100.0),369.9391,379.792,0.1408779,2.573935,36.496,38.24
Truck-102,Route-102,(425.0 0.0 105.5),(625.0 0.0 200.0),377.1078,384.392,0.09446703,2.4112,36.256,43.08
