Truck_id,Route_id,Origin,Destination,Completion_Time_alone,Completion_Time,Congestion_ratio,TravelTime_by_Distance,PickupSta_AT,DropSta_AT,,,C_max_prev,C_max_now,C_max,Congestion_ratio_AVG_prev,Congestion_ratio_AVG_now,Congestion_ratio_AVG
Truck-0,Route-0,(425.0 0.0 205.5),(125.0 0.0 100.0),344.8487,344.72,-0.002868806,2.630588,7.048,32.704,,,419.592,401.304,419.592,0.02332276,0.004499759,0.01077409
Truck-2,Route-2,(175.0 0.0 55.5),(375.0 0.0 200.0),373.5235,379.112,0.07601018,2.397333,31.032,43.04
Truck-1,Route-1,(675.0 0.0 155.5),(125.0 0.0 150.0),380.6922,382.392,0.02106522,2.226811,29.944,47.416
Truck-4,Route-4,(425.0 0.0 55.5),(625.0 0.0 200.0),391.4453,391.096,-0.00381915,2.118512,30.904,55.128
Truck-3,Route-3,(175.0 0.0 -5.5),(125.0 0.0 200.0),416.5357,419.592,0.02622634,2.098105,61.168,53.488
Truck-104,Route-104,(425.0 0.0 105.5),(375.0 0.0 200.0),344.8487,343.072,-0.03961483,2.533647,7.112,30.904
Truck-105,Route-105,(425.0 0.0 55.5),(125.0 0.0 200.0),348.433,348.424,-0.0001858791,2.548632,7.112,36.272
Truck-102,Route-102,(175.0 0.0 55.5),(125.0 0.0 200.0),348.433,350.344,0.03945615,2.649684,7.112,38.24
Truck-109,Route-109,(675.0 0.0 205.5),(125.0 0.0 150.0),359.1861,354.4,-0.08086484,2.176,7.112,42.288
Truck-107,Route-107,(425.0 0.0 205.5),(625.0 0.0 0.0),352.0174,354.928,0.05595525,2.615619,7.112,42.768
Truck-106,Route-106,(425.0 0.0 155.5),(625.0 0.0 200.0),359.1861,356.552,-0.0445048,2.26208,7.112,44.408
Truck-101,Route-101,(675.0 0.0 155.5),(625.0 0.0 100.0),366.3548,366.408,0.0008020924,2.289931,29.784,31.68
Truck-108,Route-108,(175.0 0.0 194.5),(625.0 0.0 150.0),369.9391,372.296,0.03369892,2.332129,16.632,50.712
Truck-100,Route-100,(675.0 0.0 105.5),(125.0 0.0 0.0),395.0296,400.064,0.05297711,2.223644,33.616,61.52
Truck-103,Route-103,(425.0 0.0 -5.5),(125.0 0.0 200.0),398.614,401.304,0.02727842,2.155404,42.216,54.056
