Truck_id,Route_id,Origin,Destination,Completion_Time_alone,Completion_Time,Congestion_ratio,TravelTime_by_Distance,PickupSta_AT,DropSta_AT,,,C_max_prev,C_max_now,C_max,Congestion_ratio_AVG_prev,Congestion_ratio_AVG_now,Congestion_ratio_AVG
Truck-1,Route-1,(175.0 0.0 194.5),(375.0 0.0 150.0),352.0174,350.376,-0.03155403,2.398858,16.616,28.824,,,406.456,398.224,406.456,0.06833135,0.04816007,0.05488383
Truck-4,Route-4,(675.0 0.0 205.5),(625.0 0.0 0.0),352.0174,359.688,0.1474628,2.842285,7.16,47.56
Truck-3,Route-3,(175.0 0.0 155.5),(625.0 0.0 100.0),402.1983,402.464,0.002599711,2.091102,30.496,66.976
Truck-0,Route-0,(175.0 0.0 55.5),(375.0 0.0 0.0),398.614,404.432,0.05899829,2.221958,54.912,41.464
Truck-2,Route-2,(675.0 0.0 105.5),(125.0 0.0 50.0),391.4453,406.456,0.16415,2.475721,36.976,64.48
Truck-102,Route-102,(675.0 0.0 205.5),(625.0 0.0 50.0),348.433,355.36,0.1430217,2.913683,7.408,43.128
Truck-109,Route-109,(425.0 0.0 155.5),(625.0 0.0 200.0),359.1861,355.928,-0.0550477,2.23712,7.408,43.6
Truck-100,Route-100,(175.0 0.0 194.5),(625.0 0.0 100.0),373.5235,370.912,-0.03551901,2.148848,16.856,49.096
Truck-107,Route-107,(425.0 0.0 194.5),(125.0 0.0 150.0),369.9391,371.32,0.01974417,2.300645,16.856,49.496
Truck-101,Route-101,(675.0 0.0 55.5),(375.0 0.0 100.0),373.5235,376.896,0.04587009,2.330182,35.176,36.776
Truck-103,Route-103,(175.0 0.0 55.5),(125.0 0.0 200.0),373.5235,380.048,0.08874086,2.425697,31.52,43.592
Truck-108,Route-108,(175.0 0.0 105.5),(125.0 0.0 50.0),373.5235,380.68,0.09733661,2.444848,36.8,38.92
Truck-105,Route-105,(425.0 0.0 55.5),(375.0 0.0 200.0),373.5235,384.944,0.1553318,2.574061,31.52,48.32
Truck-106,Route-106,(175.0 0.0 155.5),(375.0 0.0 50.0),387.8609,390.152,0.02607653,2.198829,49.472,35.624
Truck-104,Route-104,(425.0 0.0 -5.5),(125.0 0.0 200.0),398.614,398.224,-0.003954345,2.089872,50.064,43.256
