Truck_id,Route_id,Origin,Destination,Completion_Time_alone,Completion_Time,Congestion_ratio,TravelTime_by_Distance,PickupSta_AT,DropSta_AT,,,C_max_prev,C_max_now,C_max,Congestion_ratio_AVG_prev,Congestion_ratio_AVG_now,Congestion_ratio_AVG
Truck-2,Route-2,(675.0 0.0 5.5),(375.0 0.0 200.0),352.0174,356.448,0.08517605,2.688,7.176,44.392,,,395.64,397.472,397.472,0.006562391,0.03688624,0.02677829
Truck-4,Route-4,(425.0 0.0 5.5),(125.0 0.0 200.0),369.9391,370.464,0.007504696,2.273032,22.616,42.936
Truck-3,Route-3,(675.0 0.0 155.5),(125.0 0.0 200.0),377.1078,371.472,-0.07309067,2.042057,38.176,28.24
Truck-1,Route-1,(675.0 0.0 55.5),(375.0 0.0 150.0),369.9391,375.352,0.07739406,2.430709,39.408,30.952
Truck-0,Route-0,(425.0 0.0 55.5),(625.0 0.0 200.0),402.1983,395.64,-0.06417219,1.951837,22.616,68.056
Truck-106,Route-106,(425.0 0.0 155.5),(125.0 0.0 200.0),341.2643,340.488,-0.01881302,2.6992,7.232,28.32
Truck-102,Route-102,(425.0 0.0 205.5),(125.0 0.0 150.0),341.2643,341.344,0.001931,2.756266,7.232,29.256
Truck-103,Route-103,(425.0 0.0 105.5),(125.0 0.0 200.0),344.8487,345.96,0.02477952,2.703529,7.232,33.752
Truck-105,Route-105,(675.0 0.0 205.5),(625.0 0.0 50.0),348.433,354.272,0.120558,2.856421,7.232,42.12
Truck-109,Route-109,(175.0 0.0 194.5),(625.0 0.0 100.0),373.5235,370.872,-0.03606275,2.147637,16.688,49.368
Truck-108,Route-108,(175.0 0.0 155.5),(375.0 0.0 0.0),373.5235,376.712,0.04336762,2.324606,30.312,41.392
Truck-107,Route-107,(425.0 0.0 -5.5),(625.0 0.0 200.0),380.6922,383.448,0.03415198,2.255351,49,29.552
Truck-104,Route-104,(675.0 0.0 55.5),(625.0 0.0 200.0),384.2766,388.488,0.04997186,2.268923,22.776,60.92
Truck-100,Route-100,(175.0 0.0 105.5),(625.0 0.0 200.0),380.6922,393.648,0.1605584,2.531027,7.232,81.44
Truck-101,Route-101,(175.0 0.0 55.5),(625.0 0.0 0.0),398.614,397.472,-0.01158019,2.073872,53.864,38.72
