Truck_id,Route_id,Origin,Destination,Completion_Time_alone,Completion_Time,Congestion_ratio,TravelTime_by_Distance,PickupSta_AT,DropSta_AT,,,C_max_prev,C_max_now,C_max,Congestion_ratio_AVG_prev,Congestion_ratio_AVG_now,Congestion_ratio_AVG
Truck-4,Route-4,(675.0 0.0 155.5),(625.0 0.0 200.0),341.2643,343.224,0.04749107,2.8816,7.104,31.336,,,391.568,393.52,393.52,0.09558468,0.1160624,0.1092365
Truck-3,Route-3,(425.0 0.0 194.5),(625.0 0.0 100.0),355.6017,358.504,0.05219772,2.543652,16.632,36.832
Truck-2,Route-2,(425.0 0.0 55.5),(375.0 0.0 100.0),373.5235,381.152,0.1037565,2.459152,40.296,32.976
Truck-1,Route-1,(175.0 0.0 -5.5),(125.0 0.0 150.0),366.3548,381.768,0.2322853,2.819586,45.264,31.568
Truck-0,Route-0,(175.0 0.0 55.5),(375.0 0.0 150.0),387.8609,391.568,0.04219274,2.233366,39.712,46.848
Truck-109,Route-109,(425.0 0.0 205.5),(125.0 0.0 150.0),341.2643,344.512,0.07870434,2.967466,7.288,32.176
Truck-103,Route-103,(175.0 0.0 105.5),(125.0 0.0 200.0),344.8487,344.72,-0.002868806,2.630588,7.296,32.416
Truck-108,Route-108,(675.0 0.0 55.5),(375.0 0.0 200.0),348.433,348.352,-0.001672912,2.544842,7.288,35.984
Truck-105,Route-105,(425.0 0.0 155.5),(625.0 0.0 200.0),359.1861,357.192,-0.03369171,2.287679,7.296,44.856
Truck-104,Route-104,(425.0 0.0 105.5),(625.0 0.0 200.0),362.7704,367.072,0.0685287,2.484148,7.296,54.848
Truck-101,Route-101,(175.0 0.0 205.5),(125.0 0.0 50.0),348.433,371.424,0.4746968,3.759158,7.296,59.216
Truck-102,Route-102,(175.0 0.0 55.5),(125.0 0.0 200.0),373.5235,381.608,0.1099585,2.47297,31.608,45.024
Truck-107,Route-107,(675.0 0.0 155.5),(375.0 0.0 0.0),373.5235,389.32,0.2148503,2.706667,36.848,47.64
Truck-100,Route-100,(425.0 0.0 -5.5),(375.0 0.0 50.0),373.5235,390.392,0.2294306,2.739151,40.84,44.568
Truck-106,Route-106,(175.0 0.0 155.5),(625.0 0.0 0.0),391.4453,393.52,0.0226883,2.174883,30.616,57.84
