Truck_id,Route_id,Origin,Destination,Completion_Time_alone,Completion_Time,Congestion_ratio,TravelTime_by_Distance,PickupSta_AT,DropSta_AT,,,C_max_prev,C_max_now,C_max,Congestion_ratio_AVG_prev,Congestion_ratio_AVG_now,Congestion_ratio_AVG
Truck-0,Route-0,(675.0 0.0 5.5),(625.0 0.0 200.0),352.0174,360.304,0.1593049,2.871618,7.016,48.272,,,382.472,398.504,398.504,0.05742601,0.07040259,0.06607707
Truck-1,Route-1,(675.0 0.0 55.5),(125.0 0.0 200.0),366.3548,365.616,-0.01113363,2.262621,7.016,53.496
Truck-3,Route-3,(675.0 0.0 155.5),(125.0 0.0 150.0),362.7704,366.512,0.05960733,2.463407,30.2,31.312
Truck-2,Route-2,(175.0 0.0 55.5),(125.0 0.0 200.0),373.5235,377.736,0.05729496,2.355636,31.024,41.736
Truck-4,Route-4,(425.0 0.0 105.5),(375.0 0.0 200.0),380.6922,382.472,0.02205647,2.228973,22.648,54.712
Truck-102,Route-102,(425.0 0.0 205.5),(125.0 0.0 50.0),348.433,347.44,-0.02050278,2.496842,7.192,35.208
Truck-105,Route-105,(175.0 0.0 205.5),(375.0 0.0 0.0),352.0174,357.704,0.1093221,2.74781,7.192,45.536
Truck-104,Route-104,(675.0 0.0 155.5),(375.0 0.0 50.0),369.9391,373.48,0.05062823,2.370323,30.032,38.416
Truck-108,Route-108,(175.0 0.0 55.5),(125.0 0.0 150.0),369.9391,374.84,0.0700735,2.414193,38.36,31.48
Truck-107,Route-107,(675.0 0.0 55.5),(625.0 0.0 100.0),373.5235,374.96,0.0195383,2.271515,37.984,31.992
Truck-103,Route-103,(425.0 0.0 105.5),(125.0 0.0 0.0),377.1078,380.752,0.04726062,2.3072,34.2,41.52
Truck-106,Route-106,(175.0 0.0 -5.5),(125.0 0.0 100.0),369.9391,384.984,0.2151141,2.74142,44.216,35.744
Truck-101,Route-101,(425.0 0.0 155.5),(375.0 0.0 100.0),384.2766,386.184,0.02263311,2.209846,30.288,50.912
Truck-109,Route-109,(675.0 0.0 -5.5),(625.0 0.0 0.0),377.1078,388.936,0.1533976,2.541029,36.12,41.808
Truck-100,Route-100,(425.0 0.0 55.5),(625.0 0.0 50.0),395.0296,398.504,0.03656119,2.188978,39.352,51.136
