Truck_id,Route_id,Path_length,Completion_Time_alone,Pick_station,Drop_station
0,0,17,344.8486676201422,"(625, 0, 100)","(375, 0, 200)"
1,1,37,380.69218678810057,"(125, 0, 200)","(375, 0, 150)"
2,2,45,395.0295944552839,"(625, 0, 200)","(625, 0, 0)"
3,3,35,377.1078348713047,"(375, 0, 200)","(625, 0, 50)"
4,4,39,384.2765387048964,"(375, 0, 50)","(625, 0, 200)"
