Truck_id,Route_id,Path_length,Completion_Time_alone,Pick_station,Drop_station
0,0,27,362.77042720412135,"(375, 0, 0)","(125, 0, 200)"
1,1,27,362.77042720412135,"(625, 0, 200)","(625, 0, 0)"
2,2,47,398.61394637207974,"(625, 0, 200)","(625, 0, 150)"
3,3,19,348.433019536938,"(125, 0, 50)","(125, 0, 200)"
4,4,29,366.3547791209172,"(375, 0, 50)","(375, 0, 200)"
