Truck_id,Route_id,Path_length,Completion_Time_alone,Pick_station,Drop_station
0,0,35,377.1078348713047,"(625, 0, 200)","(625, 0, 0)"
1,1,31,369.939131037713,"(375, 0, 200)","(125, 0, 150)"
2,2,47,398.61394637207974,"(125, 0, 200)","(625, 0, 150)"
3,3,35,377.1078348713047,"(125, 0, 200)","(125, 0, 50)"
4,4,31,369.939131037713,"(125, 0, 0)","(375, 0, 200)"
