Truck_id,Route_id,Path_length,Completion_Time_alone,Pick_station,Drop_station
0,0,57,416.53570595605896,"(625, 0, 100)","(125, 0, 200)"
1,1,41,387.86089062169225,"(375, 0, 200)","(125, 0, 150)"
2,2,17,344.8486676201422,"(375, 0, 100)","(125, 0, 200)"
3,3,33,373.5234829545089,"(625, 0, 200)","(125, 0, 100)"
4,4,47,398.61394637207974,"(625, 0, 200)","(375, 0, 0)"
