Truck_id,Route_id,Path_length,Completion_Time_alone,Pick_station,Drop_station
0,0,25,359.18607528732554,"(375, 0, 200)","(625, 0, 150)"
1,1,15,341.2643157033463,"(375, 0, 150)","(125, 0, 200)"
2,2,57,416.53570595605896,"(125, 0, 150)","(625, 0, 200)"
3,3,31,369.939131037713,"(375, 0, 0)","(625, 0, 200)"
4,4,47,398.61394637207974,"(125, 0, 200)","(625, 0, 0)"
