Truck_id,Route_id,Path_length,Completion_Time_alone,Pick_station,Drop_station
0,0,33,373.5234829545089,"(375, 0, 200)","(625, 0, 100)"
1,1,33,373.5234829545089,"(125, 0, 200)","(125, 0, 50)"
2,2,39,384.2765387048964,"(375, 0, 100)","(625, 0, 200)"
3,3,27,362.77042720412135,"(375, 0, 0)","(125, 0, 200)"
4,4,45,395.0295944552839,"(625, 0, 200)","(125, 0, 0)"
