Truck_id,Route_id,Path_length,Completion_Time_alone,Pick_station,Drop_station
0,0,25,359.18607528732554,"(375, 0, 150)","(625, 0, 200)"
1,1,19,348.433019536938,"(375, 0, 50)","(375, 0, 200)"
2,2,31,369.939131037713,"(125, 0, 200)","(125, 0, 100)"
3,3,35,377.1078348713047,"(375, 0, 200)","(375, 0, 0)"
4,4,21,352.01737145373386,"(125, 0, 0)","(125, 0, 200)"
