Truck_id,Route_id,Path_length,Completion_Time_alone,Pick_station,Drop_station
0,0,21,352.01737145373386,"(375, 0, 0)","(625, 0, 200)"
1,1,19,348.433019536938,"(125, 0, 200)","(125, 0, 50)"
2,2,37,380.69218678810057,"(125, 0, 200)","(125, 0, 150)"
3,3,29,366.3547791209172,"(625, 0, 200)","(375, 0, 150)"
4,4,35,377.1078348713047,"(125, 0, 0)","(375, 0, 200)"
