Truck_id,Route_id,Path_length,Completion_Time_alone,Pick_station,Drop_station
0,0,27,362.77042720412135,"(375, 0, 150)","(375, 0, 200)"
1,1,53,409.3670021224673,"(125, 0, 200)","(625, 0, 50)"
2,2,47,398.61394637207974,"(125, 0, 200)","(125, 0, 0)"
3,3,43,391.44524253848806,"(625, 0, 200)","(125, 0, 50)"
4,4,21,352.01737145373386,"(375, 0, 200)","(375, 0, 0)"
