Truck_id,Route_id,Path_length,Completion_Time_alone,Pick_station,Drop_station
0,0,27,362.77042720412135,"(375, 0, 200)","(625, 0, 0)"
1,1,43,391.44524253848806,"(125, 0, 200)","(375, 0, 100)"
2,2,43,391.44524253848806,"(625, 0, 100)","(625, 0, 200)"
3,3,33,373.5234829545089,"(125, 0, 200)","(125, 0, 50)"
4,4,27,362.77042720412135,"(375, 0, 0)","(375, 0, 200)"
