Truck_id,Route_id,Path_length,Completion_Time_alone,Pick_station,Drop_station
0,0,37,380.69218678810057,"(625, 0, 100)","(125, 0, 200)"
1,1,43,391.44524253848806,"(625, 0, 0)","(375, 0, 200)"
2,2,73,445.2105212904257,"(625, 0, 50)","(125, 0, 200)"
3,3,49,402.1982982888756,"(625, 0, 200)","(125, 0, 150)"
4,4,27,362.77042720412135,"(625, 0, 200)","(625, 0, 150)"
