Truck_id,Route_id,Path_length,Completion_Time_alone,Pick_station,Drop_station
0,0,37,380.69218678810057,"(375, 0, 0)","(125, 0, 200)"
1,1,27,362.77042720412135,"(625, 0, 100)","(375, 0, 200)"
2,2,17,344.8486676201422,"(125, 0, 100)","(125, 0, 200)"
3,3,37,380.69218678810057,"(625, 0, 200)","(625, 0, 0)"
4,4,27,362.77042720412135,"(375, 0, 50)","(375, 0, 200)"
