Truck_id,Route_id,Path_length,Completion_Time_alone,Pick_station,Drop_station
0,0,43,391.44524253848806,"(125, 0, 200)","(375, 0, 50)"
1,1,29,366.3547791209172,"(375, 0, 200)","(375, 0, 100)"
2,2,43,391.44524253848806,"(625, 0, 200)","(125, 0, 50)"
3,3,53,409.3670021224673,"(125, 0, 200)","(625, 0, 100)"
4,4,29,366.3547791209172,"(375, 0, 150)","(375, 0, 200)"
