Truck_id,Route_id,Path_length,Completion_Time_alone,Pick_station,Drop_station
0,0,23,355.60172337052967,"(375, 0, 150)","(375, 0, 200)"
1,1,45,395.0295944552839,"(125, 0, 0)","(625, 0, 200)"
2,2,27,362.77042720412135,"(375, 0, 50)","(125, 0, 200)"
3,3,15,341.2643157033463,"(125, 0, 200)","(125, 0, 150)"
4,4,39,384.2765387048964,"(375, 0, 100)","(625, 0, 200)"
