Truck_id,Route_id,Path_length,Completion_Time_alone,Pick_station,Drop_station
0,0,27,362.77042720412135,"(625, 0, 200)","(125, 0, 100)"
1,1,53,409.3670021224673,"(625, 0, 100)","(125, 0, 200)"
2,2,37,380.69218678810057,"(375, 0, 200)","(625, 0, 0)"
3,3,25,359.18607528732554,"(625, 0, 200)","(625, 0, 50)"
4,4,27,362.77042720412135,"(375, 0, 0)","(125, 0, 200)"
