Truck_id,Route_id,Path_length,Completion_Time_alone,Pick_station,Drop_station
0,0,33,373.5234829545089,"(375, 0, 200)","(375, 0, 150)"
1,1,21,352.01737145373386,"(625, 0, 200)","(375, 0, 0)"
2,2,55,412.9513540392631,"(125, 0, 200)","(625, 0, 50)"
3,3,17,344.8486676201422,"(375, 0, 100)","(375, 0, 200)"
4,4,29,366.3547791209172,"(375, 0, 50)","(625, 0, 200)"
