Truck_id,Route_id,Path_length,Completion_Time_alone,Pick_station,Drop_station
0,0,39,384.2765387048964,"(375, 0, 150)","(625, 0, 200)"
1,1,41,387.86089062169225,"(625, 0, 200)","(375, 0, 100)"
2,2,31,369.939131037713,"(375, 0, 200)","(125, 0, 150)"
3,3,21,352.01737145373386,"(125, 0, 0)","(125, 0, 200)"
4,4,21,352.01737145373386,"(375, 0, 0)","(125, 0, 200)"
