Truck_id,Route_id,Path_length,Completion_Time_alone,Pick_station,Drop_station
0,0,49,402.1982982888756,"(125, 0, 200)","(625, 0, 150)"
1,1,37,380.69218678810057,"(375, 0, 100)","(625, 0, 200)"
2,2,33,373.5234829545089,"(125, 0, 200)","(125, 0, 0)"
3,3,17,344.8486676201422,"(375, 0, 200)","(125, 0, 100)"
4,4,37,380.69218678810057,"(375, 0, 200)","(375, 0, 50)"
