Truck_id,Route_id,Path_length,Completion_Time_alone,Pick_station,Drop_station
0,0,53,409.3670021224673,"(125, 0, 200)","(625, 0, 50)"
1,1,43,391.44524253848806,"(125, 0, 0)","(625, 0, 200)"
2,2,35,377.1078348713047,"(375, 0, 200)","(375, 0, 50)"
3,3,33,373.5234829545089,"(375, 0, 0)","(125, 0, 200)"
4,4,47,398.61394637207974,"(375, 0, 100)","(625, 0, 200)"
