Truck_id,Route_id,Path_length,Completion_Time_alone,Pick_station,Drop_station
0,0,27,362.77042720412135,"(125, 0, 200)","(125, 0, 150)"
1,1,35,377.1078348713047,"(625, 0, 200)","(625, 0, 0)"
2,2,31,369.939131037713,"(375, 0, 200)","(125, 0, 50)"
3,3,73,445.2105212904257,"(625, 0, 150)","(125, 0, 200)"
4,4,55,412.9513540392631,"(375, 0, 50)","(375, 0, 200)"
