Truck_id,Route_id,Path_length,Completion_Time_alone,Pick_station,Drop_station
0,0,23,355.60172337052967,"(375, 0, 200)","(125, 0, 100)"
1,1,37,380.69218678810057,"(375, 0, 100)","(375, 0, 200)"
2,2,29,366.3547791209172,"(375, 0, 50)","(625, 0, 200)"
3,3,51,405.7826502056714,"(125, 0, 200)","(625, 0, 50)"
4,4,33,373.5234829545089,"(375, 0, 150)","(625, 0, 200)"
