Truck_id,Route_id,Path_length,Completion_Time_alone,Pick_station,Drop_station
0,0,27,362.77042720412135,"(375, 0, 200)","(125, 0, 0)"
1,1,47,398.61394637207974,"(125, 0, 100)","(125, 0, 200)"
2,2,49,402.1982982888756,"(625, 0, 200)","(125, 0, 150)"
3,3,31,369.939131037713,"(375, 0, 50)","(375, 0, 200)"
4,4,19,348.433019536938,"(125, 0, 50)","(125, 0, 200)"
