Truck_id,Route_id,Path_length,Completion_Time_alone,Pick_station,Drop_station
0,0,55,412.9513540392631,"(625, 0, 200)","(375, 0, 150)"
1,1,17,344.8486676201422,"(375, 0, 100)","(125, 0, 200)"
2,2,31,369.939131037713,"(375, 0, 200)","(625, 0, 150)"
3,3,43,391.44524253848806,"(125, 0, 200)","(625, 0, 0)"
4,4,27,362.77042720412135,"(375, 0, 50)","(375, 0, 200)"
