Truck_id,Route_id,Path_length,Completion_Time_alone,Pick_station,Drop_station
0,0,49,402.1982982888756,"(125, 0, 100)","(625, 0, 200)"
1,1,31,369.939131037713,"(625, 0, 200)","(125, 0, 0)"
2,2,21,352.01737145373386,"(375, 0, 200)","(375, 0, 150)"
3,3,51,405.7826502056714,"(125, 0, 200)","(625, 0, 50)"
4,4,35,377.1078348713047,"(625, 0, 0)","(375, 0, 200)"
