Truck_id,Route_id,Path_length,Completion_Time_alone,Pick_station,Drop_station
0,0,37,380.69218678810057,"(125, 0, 200)","(375, 0, 150)"
1,1,37,380.69218678810057,"(625, 0, 150)","(125, 0, 200)"
2,2,17,344.8486676201422,"(625, 0, 100)","(625, 0, 200)"
3,3,45,395.0295944552839,"(375, 0, 200)","(625, 0, 50)"
4,4,37,380.69218678810057,"(125, 0, 50)","(375, 0, 200)"
