Truck_id,Route_id,Path_length,Completion_Time_alone,Pick_station,Drop_station
0,0,55,412.9513540392631,"(625, 0, 200)","(125, 0, 0)"
1,1,31,369.939131037713,"(375, 0, 200)","(125, 0, 50)"
2,2,29,366.3547791209172,"(125, 0, 200)","(125, 0, 100)"
3,3,33,373.5234829545089,"(375, 0, 200)","(375, 0, 100)"
4,4,45,395.0295944552839,"(125, 0, 200)","(625, 0, 0)"
