Truck_id,Route_id,Path_length,Completion_Time_alone,Pick_station,Drop_station
0,0,49,102.1982982888756,"(125, 0, 100)","(625, 0, 200)"
1,1,37,80.69218678810057,"(375, 0, 0)","(125, 0, 200)"
2,2,27,62.770427204121376,"(625, 0, 50)","(375, 0, 200)"
3,3,33,73.52348295450889,"(625, 0, 200)","(375, 0, 100)"
4,4,15,41.26431570334634,"(125, 0, 200)","(125, 0, 150)"
