Truck_id,Route_id,Path_length,Completion_Time_alone,Pick_station,Drop_station
0,0,29,366.3547791209172,"(625, 0, 50)","(125, 0, 200)"
1,1,43,391.44524253848806,"(625, 0, 200)","(125, 0, 50)"
2,2,21,352.01737145373386,"(375, 0, 200)","(375, 0, 0)"
3,3,57,416.53570595605896,"(125, 0, 0)","(625, 0, 200)"
4,4,29,366.3547791209172,"(375, 0, 100)","(375, 0, 200)"
