Truck_id,Route_id,Path_length,Completion_Time_alone,Pick_station,Drop_station
0,0,33,373.5234829545089,"(125, 0, 50)","(375, 0, 200)"
1,1,29,366.3547791209172,"(625, 0, 200)","(625, 0, 150)"
2,2,55,412.9513540392631,"(625, 0, 200)","(375, 0, 50)"
3,3,21,352.01737145373386,"(125, 0, 0)","(375, 0, 200)"
4,4,39,384.2765387048964,"(625, 0, 50)","(125, 0, 200)"
