Truck_id,Route_id,Path_length,Completion_Time_alone,Pick_station,Drop_station
0,0,39,384.2765387048964,"(125, 0, 200)","(375, 0, 100)"
1,1,57,416.53570595605896,"(625, 0, 100)","(125, 0, 200)"
2,2,27,362.77042720412135,"(625, 0, 50)","(625, 0, 200)"
3,3,27,362.77042720412135,"(375, 0, 0)","(375, 0, 200)"
4,4,15,341.2643157033463,"(625, 0, 200)","(625, 0, 150)"
