Truck_id,Route_id,Origin,Destination,Completion_Time_alone,Completion_Time,Congestion_ratio,TravelTime_by_Distance,PickupSta_AT,DropSta_AT,,,C_max_prev,C_max_now,C_max,Congestion_ratio_AVG_prev,Congestion_ratio_AVG_now,Congestion_ratio_AVG
Truck-0,Route-0,(425.0 0.0 5.5),(375.0 0.0 200.0),352.0174,357.792,0.1110135,2.752,7.128,45.712,,,433.2,377.096,433.2,0.03739866,0.06686671,0.05213268
Truck-2,Route-2,(175.0 0.0 205.5),(375.0 0.0 100.0),362.7704,364.6,0.02914733,2.392593,7.128,52.64
Truck-4,Route-4,(425.0 0.0 155.5),(375.0 0.0 200.0),377.1078,372.424,-0.06074398,2.069257,22.696,44.816
Truck-1,Route-1,(425.0 0.0 55.5),(625.0 0.0 200.0),402.1983,402.064,-0.001314189,2.082939,32.352,64.712
Truck-3,Route-3,(675.0 0.0 105.5),(625.0 0.0 200.0),420.1201,433.2,0.1088907,2.257627,60.328,67.88
Truck-100,Route-100,(425.0 0.0 5.5),(125.0 0.0 200.0),352.0174,355.848,0.07364132,2.659428,7.488,43.408
Truck-103,Route-103,(425.0 0.0 205.5),(625.0 0.0 100.0),362.7704,365.488,0.04329413,2.425482,7.48,52.968
Truck-101,Route-101,(675.0 0.0 105.5),(375.0 0.0 150.0),366.3548,372.8,0.09713275,2.510345,34.52,30.224
Truck-102,Route-102,(675.0 0.0 155.5),(375.0 0.0 50.0),369.9391,374.952,0.07167489,2.417806,31.032,38.888
Truck-104,Route-104,(175.0 0.0 205.5),(125.0 0.0 50.0),373.5235,377.096,0.04859047,2.336243,7.48,64.64
