Truck_id,Route_id,Origin,Destination,Completion_Time_alone,Completion_Time,Congestion_ratio,TravelTime_by_Distance,PickupSta_AT,DropSta_AT,,,C_max_prev,C_max_now,C_max,Congestion_ratio_AVG_prev,Congestion_ratio_AVG_now,Congestion_ratio_AVG
Truck-2,Route-2,(175.0 0.0 205.5),(125.0 0.0 100.0),344.8487,350.344,0.1225305,2.961411,7.12,38.192,,,392.88,394.888,394.888,0.1187767,0.04564036,0.08220854
Truck-1,Route-1,(425.0 0.0 -5.5),(375.0 0.0 200.0),362.7704,371.896,0.1453803,2.662815,26.432,40.608
Truck-4,Route-4,(425.0 0.0 194.5),(625.0 0.0 0.0),362.7704,376.152,0.2131831,2.820445,16.688,54.488
Truck-3,Route-3,(175.0 0.0 105.5),(375.0 0.0 200.0),377.1078,381.4,0.05566417,2.325714,33.856,42.528
Truck-0,Route-0,(675.0 0.0 5.5),(625.0 0.0 200.0),387.8609,392.88,0.05712557,2.265366,38.528,49.272
Truck-101,Route-101,(675.0 0.0 105.5),(375.0 0.0 200.0),344.8487,346.232,0.03084443,2.719529,7.336,34
Truck-104,Route-104,(425.0 0.0 155.5),(125.0 0.0 150.0),380.6922,379.72,-0.01204823,2.154595,45.976,28.872
Truck-100,Route-100,(425.0 0.0 -5.5),(375.0 0.0 50.0),373.5235,382.488,0.1219276,2.499637,37.768,39.912
Truck-102,Route-102,(425.0 0.0 105.5),(375.0 0.0 200.0),377.1078,383.968,0.08896809,2.399085,34.368,44.728
Truck-103,Route-103,(175.0 0.0 105.5),(625.0 0.0 0.0),395.0296,394.888,-0.001490078,2.108622,36.416,53.616
