Truck_id,Route_id,Origin,Destination,Completion_Time_alone,Completion_Time,Congestion_ratio,TravelTime_by_Distance,PickupSta_AT,DropSta_AT,,,C_max_prev,C_max_now,C_max,Congestion_ratio_AVG_prev,Congestion_ratio_AVG_now,Congestion_ratio_AVG
Truck-0,Route-0,(675.0 0.0 -5.5),(625.0 0.0 200.0),362.7704,371.424,0.137861,2.645334,31.864,34.6,,,394.144,426.616,426.616,0.07502907,0.02692848,0.05097878
Truck-2,Route-2,(675.0 0.0 155.5),(375.0 0.0 50.0),369.9391,376.304,0.09100584,2.461419,30.752,40.472
Truck-3,Route-3,(425.0 0.0 55.5),(125.0 0.0 200.0),373.5235,376.56,0.04130014,2.32,29.872,41.672
Truck-1,Route-1,(675.0 0.0 55.5),(375.0 0.0 200.0),373.5235,379.072,0.07546601,2.396121,29.872,44.24
Truck-4,Route-4,(175.0 0.0 55.5),(375.0 0.0 100.0),391.4453,394.144,0.02951231,2.189396,37.984,51.2
Truck-102,Route-102,(425.0 0.0 205.5),(125.0 0.0 150.0),341.2643,340.464,-0.01939505,2.697599,7.392,28.184
Truck-100,Route-100,(675.0 0.0 205.5),(125.0 0.0 100.0),362.7704,366.184,0.0543819,2.451259,7.392,53.896
Truck-103,Route-103,(675.0 0.0 105.5),(625.0 0.0 200.0),380.6922,378.088,-0.0322731,2.110487,22.832,50.36
Truck-101,Route-101,(175.0 0.0 -5.5),(125.0 0.0 200.0),416.5357,425.608,0.07784992,2.203649,58.744,61.792
Truck-104,Route-104,(425.0 0.0 55.5),(375.0 0.0 50.0),420.1201,426.616,0.05407874,2.146034,39.64,82.024
