Truck_id,Route_id,Origin,Destination,Completion_Time_alone,Completion_Time,Congestion_ratio,TravelTime_by_Distance,PickupSta_AT,DropSta_AT,,,C_max_prev,C_max_now,C_max,Congestion_ratio_AVG_prev,Congestion_ratio_AVG_now,Congestion_ratio_AVG
Truck-3,Route-3,(425.0 0.0 194.5),(375.0 0.0 50.0),359.1861,362.752,0.0602498,2.510081,16.64,41.104,,,418.208,384.376,418.208,0.03133927,0.04137977,0.03635952
Truck-2,Route-2,(425.0 0.0 55.5),(125.0 0.0 200.0),366.3548,368.944,0.03902106,2.377379,30.624,33.368
Truck-4,Route-4,(425.0 0.0 -5.5),(625.0 0.0 200.0),380.6922,384.568,0.04803182,2.285621,33.264,46.296
Truck-0,Route-0,(175.0 0.0 55.5),(375.0 0.0 100.0),391.4453,390.992,-0.004956486,2.116093,54.08,31.944
Truck-1,Route-1,(175.0 0.0 -5.5),(125.0 0.0 200.0),416.5357,418.208,0.01435013,2.073825,61.896,51.424
Truck-102,Route-102,(425.0 0.0 194.5),(625.0 0.0 150.0),352.0174,350.416,-0.03078548,2.400761,16.824,28.624
Truck-100,Route-100,(675.0 0.0 55.5),(625.0 0.0 200.0),348.433,350.648,0.04573319,2.665685,7.408,38.304
Truck-101,Route-101,(675.0 0.0 155.5),(375.0 0.0 200.0),359.1861,358.8,-0.006523121,2.352,23.072,30.728
Truck-103,Route-103,(425.0 0.0 -5.5),(375.0 0.0 200.0),362.7704,369.312,0.1042146,2.567111,29.944,34.44
Truck-104,Route-104,(175.0 0.0 5.5),(125.0 0.0 100.0),377.1078,384.376,0.09425963,2.410743,45.48,33.912
