Truck_id,Route_id,Origin,Destination,Completion_Time_alone,Completion_Time,Congestion_ratio,TravelTime_by_Distance,PickupSta_AT,DropSta_AT,,,C_max_prev,C_max_now,C_max,Congestion_ratio_AVG_prev,Congestion_ratio_AVG_now,Congestion_ratio_AVG
Truck-0,Route-0,(675.0 0.0 155.5),(375.0 0.0 200.0),359.1861,355.64,-0.05991361,2.2256,22.792,27.856,,,396.368,409.776,409.776,-0.006155171,0.1393035,0.06657418
Truck-3,Route-3,(675.0 0.0 105.5),(125.0 0.0 200.0),362.7704,360.576,-0.03495958,2.243555,7.152,48.36
Truck-1,Route-1,(175.0 0.0 55.5),(375.0 0.0 200.0),366.3548,365.536,-0.01233907,2.259862,7.152,53.4
Truck-2,Route-2,(675.0 0.0 205.5),(125.0 0.0 0.0),369.9391,371.52,0.02260354,2.307096,7.152,59.408
Truck-4,Route-4,(425.0 0.0 -5.5),(375.0 0.0 50.0),391.4453,396.368,0.05383287,2.241117,38.288,53.136
Truck-101,Route-101,(175.0 0.0 205.5),(375.0 0.0 50.0),373.5235,382.168,0.1175751,2.489939,7.24,69.984
Truck-102,Route-102,(675.0 0.0 55.5),(625.0 0.0 50.0),377.1078,384.72,0.09872085,2.420572,39.704,40.128
Truck-104,Route-104,(675.0 0.0 155.5),(125.0 0.0 0.0),391.4453,399.376,0.08672681,2.31107,30.048,64.464
Truck-100,Route-100,(425.0 0.0 55.5),(375.0 0.0 200.0),391.4453,399.76,0.09092608,2.32,46.44,48.376
Truck-103,Route-103,(425.0 0.0 105.5),(625.0 0.0 150.0),384.2766,409.776,0.3025688,2.814769,36.712,68.144
