Truck_id,Route_id,Origin,Destination,Completion_Time_alone,Completion_Time,Congestion_ratio,TravelTime_by_Distance,PickupSta_AT,DropSta_AT,,,C_max_prev,C_max_now,C_max,Congestion_ratio_AVG_prev,Congestion_ratio_AVG_now,Congestion_ratio_AVG
Truck-2,Route-2,(675.0 0.0 205.5),(625.0 0.0 100.0),344.8487,350.48,0.1255633,2.969412,7.2,38.288,,,391.208,376.8,391.208,0.07064371,0.003772327,0.03720802
Truck-0,Route-0,(175.0 0.0 205.5),(375.0 0.0 0.0),352.0174,355.336,0.06379858,2.635047,7.2,43.208
Truck-3,Route-3,(675.0 0.0 5.5),(625.0 0.0 200.0),352.0174,358.832,0.131007,2.801524,7.2,46.624
Truck-4,Route-4,(425.0 0.0 5.5),(375.0 0.0 200.0),387.8609,387.4,-0.005245871,2.131707,38.416,44.032
Truck-1,Route-1,(675.0 0.0 155.5),(625.0 0.0 50.0),387.8609,391.208,0.03809552,2.224586,30.2,56.216
Truck-104,Route-104,(425.0 0.0 5.5),(125.0 0.0 200.0),352.0174,351.68,-0.006485754,2.460952,7.192,39.536
Truck-101,Route-101,(175.0 0.0 194.5),(125.0 0.0 200.0),355.6017,356.096,0.008889891,2.438957,23.736,27.528
Truck-102,Route-102,(675.0 0.0 105.5),(375.0 0.0 200.0),362.7704,364.344,0.02506878,2.383111,31.32,28.048
Truck-100,Route-100,(675.0 0.0 155.5),(625.0 0.0 100.0),366.3548,368.984,0.03962401,2.378759,30.824,33.144
Truck-103,Route-103,(425.0 0.0 105.5),(375.0 0.0 200.0),380.6922,376.8,-0.04823529,2.075675,22.984,48.936
