Truck_id,Route_id,Origin,Destination,Completion_Time_alone,Completion_Time,Congestion_ratio,TravelTime_by_Distance,PickupSta_AT,DropSta_AT,,,C_max_prev,C_max_now,C_max,Congestion_ratio_AVG_prev,Congestion_ratio_AVG_now,Congestion_ratio_AVG
Truck-2,Route-2,(675.0 0.0 55.5),(625.0 0.0 200.0),348.433,347.744,-0.01422637,2.512841,7.432,35.224,,,389.456,411.712,411.712,0.03813614,0.02939489,0.03376552
Truck-4,Route-4,(175.0 0.0 105.5),(375.0 0.0 200.0),362.7704,366.552,0.06024471,2.464889,7.432,53.976
Truck-3,Route-3,(175.0 0.0 55.5),(375.0 0.0 200.0),366.3548,371.48,0.07724003,2.464828,7.432,59.072
Truck-0,Route-0,(425.0 0.0 155.5),(125.0 0.0 0.0),373.5235,380.08,0.08917586,2.426666,30.928,44.36
Truck-1,Route-1,(425.0 0.0 194.5),(125.0 0.0 200.0),391.4453,389.456,-0.02175354,2.080372,40.24,44.432
Truck-102,Route-102,(425.0 0.0 105.5),(125.0 0.0 200.0),362.7704,360.992,-0.02833201,2.258963,22.824,33.352
Truck-103,Route-103,(175.0 0.0 194.5),(375.0 0.0 100.0),373.5235,376.112,0.03520687,2.306424,31.944,39.32
Truck-104,Route-104,(425.0 0.0 -5.5),(375.0 0.0 200.0),380.6922,387.024,0.07846839,2.352,45.568,36.288
Truck-100,Route-100,(175.0 0.0 155.5),(375.0 0.0 50.0),387.8609,391.392,0.04018964,2.229073,32.608,53.776
Truck-101,Route-101,(425.0 0.0 55.5),(625.0 0.0 200.0),409.367,411.712,0.02144158,2.107774,62.68,44.176
