Truck_id,Route_id,Origin,Destination,Completion_Time_alone,Completion_Time,Congestion_ratio,TravelTime_by_Distance,PickupSta_AT,DropSta_AT,,,C_max_prev,C_max_now,C_max,Congestion_ratio_AVG_prev,Congestion_ratio_AVG_now,Congestion_ratio_AVG
Truck-0,Route-0,(175.0 0.0 5.5),(625.0 0.0 200.0),369.9391,372.52,0.03690169,2.339355,7.264,60.208,,,397.976,407.008,407.008,0.2174221,0.02071849,0.1190703
Truck-4,Route-4,(675.0 0.0 105.5),(125.0 0.0 200.0),362.7704,385.2,0.3573275,3.155556,7.264,73.008
Truck-3,Route-3,(675.0 0.0 155.5),(125.0 0.0 100.0),366.3548,386.824,0.3084818,2.993931,30.944,50.696
Truck-2,Route-2,(425.0 0.0 105.5),(375.0 0.0 200.0),380.6922,389.872,0.1137633,2.428973,30.944,53.904
Truck-1,Route-1,(175.0 0.0 55.5),(125.0 0.0 50.0),377.1078,397.976,0.2706361,2.799315,38.952,53.992
Truck-100,Route-100,(425.0 0.0 105.5),(625.0 0.0 200.0),362.7704,362.704,-0.001057923,2.322371,7.512,50.408
Truck-101,Route-101,(175.0 0.0 55.5),(625.0 0.0 200.0),384.2766,382.312,-0.02331062,2.110564,7.512,69.96
Truck-104,Route-104,(675.0 0.0 205.5),(625.0 0.0 50.0),384.2766,384.6,0.003838029,2.169231,23.056,56.56
Truck-103,Route-103,(675.0 0.0 155.5),(375.0 0.0 150.0),398.614,398.424,-0.001926111,2.094128,46.056,47.304
Truck-102,Route-102,(675.0 0.0 105.5),(375.0 0.0 0.0),395.0296,407.008,0.1260491,2.377955,60.048,42.152
