Truck_id,Route_id,Origin,Destination,Completion_Time_alone,Completion_Time,Congestion_ratio,TravelTime_by_Distance,PickupSta_AT,DropSta_AT,,,C_max_prev,C_max_now,C_max,Congestion_ratio_AVG_prev,Congestion_ratio_AVG_now,Congestion_ratio_AVG
Truck-2,Route-2,(175.0 0.0 205.5),(375.0 0.0 50.0),366.3548,367.288,0.01406421,2.320276,7.272,54.984,,,409.656,400.2,409.656,0.0652584,0.09890728,0.08208285
Truck-3,Route-3,(675.0 0.0 205.5),(125.0 0.0 50.0),366.3548,370.544,0.06313396,2.432552,7.272,58.296
Truck-0,Route-0,(175.0 0.0 155.5),(375.0 0.0 0.0),373.5235,382.752,0.1255184,2.507637,30.032,47.704
Truck-1,Route-1,(425.0 0.0 55.5),(375.0 0.0 200.0),391.4453,402.504,0.120933,2.383814,61.376,36.256
Truck-4,Route-4,(175.0 0.0 55.5),(625.0 0.0 200.0),409.367,409.656,0.002642492,2.068981,31.48,73.344
Truck-104,Route-104,(175.0 0.0 155.5),(125.0 0.0 200.0),341.2643,340.928,-0.008149989,2.728534,7.336,28.672
Truck-102,Route-102,(675.0 0.0 205.5),(625.0 0.0 100.0),344.8487,351.208,0.1417956,3.012236,7.336,39.08
Truck-101,Route-101,(675.0 0.0 5.5),(625.0 0.0 200.0),352.0174,359.368,0.1413114,2.827048,7.336,47.072
Truck-103,Route-103,(425.0 0.0 194.5),(125.0 0.0 200.0),362.7704,370.544,0.1238416,2.612741,30.232,35.52
Truck-100,Route-100,(175.0 0.0 55.5),(375.0 0.0 200.0),391.4453,400.2,0.09573773,2.330233,50.336,44.92
