Truck_id,Route_id,Origin,Destination,Completion_Time_alone,Completion_Time,Congestion_ratio,TravelTime_by_Distance,PickupSta_AT,DropSta_AT,,,C_max_prev,C_max_now,C_max,Congestion_ratio_AVG_prev,Congestion_ratio_AVG_now,Congestion_ratio_AVG
Truck-4,Route-4,(175.0 0.0 194.5),(125.0 0.0 150.0),352.0174,353.992,0.03796117,2.571048,16.496,32.536,,,398.712,414.016,414.016,0.08065567,0.08087547,0.08076558
Truck-2,Route-2,(675.0 0.0 55.5),(625.0 0.0 200.0),348.433,356.272,0.1618522,2.961684,7.264,44.048
Truck-3,Route-3,(675.0 0.0 5.5),(375.0 0.0 200.0),352.0174,361.424,0.1808367,2.924953,7.264,49.08
Truck-0,Route-0,(175.0 0.0 55.5),(125.0 0.0 50.0),377.1078,378.776,0.02163401,2.250743,38.472,35.376
Truck-1,Route-1,(175.0 0.0 -5.5),(625.0 0.0 200.0),398.614,398.712,0.0009943114,2.100255,30.192,63.632
Truck-102,Route-102,(675.0 0.0 205.5),(125.0 0.0 100.0),362.7704,362.584,-0.002969573,2.317926,7.464,50.216
Truck-104,Route-104,(175.0 0.0 105.5),(375.0 0.0 100.0),387.8609,394.584,0.07651997,2.306927,36.336,53.312
Truck-100,Route-100,(675.0 0.0 -5.5),(125.0 0.0 200.0),380.6922,395.992,0.189607,2.594378,27.608,63.448
Truck-103,Route-103,(425.0 0.0 155.5),(625.0 0.0 0.0),391.4453,400.472,0.09871189,2.336558,54.968,40.512
Truck-101,Route-101,(175.0 0.0 55.5),(375.0 0.0 200.0),409.367,414.016,0.04250813,2.151245,72.512,36.584
