Truck_id,Route_id,Origin,Destination,Completion_Time_alone,Completion_Time,Congestion_ratio,TravelTime_by_Distance,PickupSta_AT,DropSta_AT,,,C_max_prev,C_max_now,C_max,Congestion_ratio_AVG_prev,Congestion_ratio_AVG_now,Congestion_ratio_AVG
Truck-0,Route-0,(675.0 0.0 155.5),(625.0 0.0 200.0),341.2643,343.608,0.05679699,2.9072,7.592,31.264,,,399.896,417.104,417.104,0.04011694,0.02172084,0.03091889
Truck-4,Route-4,(425.0 0.0 155.5),(375.0 0.0 100.0),366.3548,369.344,0.04504917,2.391172,31.328,33.072
Truck-3,Route-3,(675.0 0.0 205.5),(125.0 0.0 0.0),369.9391,374.96,0.07178921,2.418064,7.592,62.568
Truck-2,Route-2,(425.0 0.0 5.5),(375.0 0.0 200.0),387.8609,392.208,0.04947715,2.248976,31.016,56.264
Truck-1,Route-1,(175.0 0.0 155.5),(625.0 0.0 100.0),402.1983,399.896,-0.02252784,2.038694,30.736,64.064
Truck-104,Route-104,(675.0 0.0 155.5),(375.0 0.0 200.0),341.2643,340.36,-0.02191548,2.690666,7.36,28.192
Truck-101,Route-101,(425.0 0.0 55.5),(125.0 0.0 200.0),366.3548,365.496,-0.01294202,2.258483,22.792,37.696
Truck-103,Route-103,(425.0 0.0 105.5),(625.0 0.0 200.0),398.614,395.92,-0.02731803,2.040851,22.792,68.256
Truck-102,Route-102,(675.0 0.0 105.5),(375.0 0.0 200.0),395.0296,404.536,0.1000363,2.323022,60.896,38.8
Truck-100,Route-100,(425.0 0.0 155.5),(375.0 0.0 0.0),409.367,417.104,0.07074346,2.20951,51.224,60.912
