Truck_id,Route_id,Origin,Destination,Completion_Time_alone,Completion_Time,Congestion_ratio,TravelTime_by_Distance,PickupSta_AT,DropSta_AT,,,C_max_prev,C_max_now,C_max,Congestion_ratio_AVG_prev,Congestion_ratio_AVG_now,Congestion_ratio_AVG
Truck-0,Route-0,(675.0 0.0 105.5),(375.0 0.0 200.0),362.7704,361.504,-0.0201754,2.277926,22.608,33.976,,,445.376,384.44,445.376,-0.009201889,0.08346543,0.03713177
Truck-1,Route-1,(675.0 0.0 205.5),(125.0 0.0 50.0),366.3548,367.344,0.01490816,2.322207,7.136,55.296
Truck-2,Route-2,(675.0 0.0 155.5),(625.0 0.0 200.0),377.1078,373.48,-0.04704888,2.099429,22.6,45.824
Truck-3,Route-3,(425.0 0.0 55.5),(375.0 0.0 200.0),384.2766,384.712,0.005166981,2.172103,35.952,43.808
Truck-4,Route-4,(175.0 0.0 55.5),(125.0 0.0 200.0),445.2105,445.376,0.001139703,1.991452,88.688,51.712
Truck-101,Route-101,(425.0 0.0 55.5),(125.0 0.0 200.0),366.3548,369.136,0.04191439,2.384,36.216,27.888
Truck-104,Route-104,(675.0 0.0 -5.5),(625.0 0.0 200.0),362.7704,370.416,0.1218021,2.608,29.568,35.992
Truck-103,Route-103,(675.0 0.0 205.5),(375.0 0.0 0.0),369.9391,377.944,0.114455,2.514323,27.048,45.864
Truck-102,Route-102,(425.0 0.0 -5.5),(625.0 0.0 200.0),380.6922,384.248,0.04406605,2.276973,29.8,49.592
Truck-100,Route-100,(175.0 0.0 5.5),(125.0 0.0 100.0),377.1078,384.44,0.09508958,2.412571,42.888,36.76
