Truck_id,Route_id,Origin,Destination,Completion_Time_alone,Completion_Time,Congestion_ratio,TravelTime_by_Distance,PickupSta_AT,DropSta_AT,,,C_max_prev,C_max_now,C_max,Congestion_ratio_AVG_prev,Congestion_ratio_AVG_now,Congestion_ratio_AVG
Truck-0,Route-0,(175.0 0.0 205.5),(125.0 0.0 150.0),341.2643,345.096,0.09285737,3.006401,7.152,33.016,,,400.288,397.192,400.288,0.04287657,0.07194905,0.05741281
Truck-3,Route-3,(675.0 0.0 105.5),(375.0 0.0 200.0),344.8487,351.88,0.1567793,3.051765,7.152,39.776
Truck-4,Route-4,(425.0 0.0 155.5),(625.0 0.0 150.0),380.6922,378.648,-0.02533317,2.125622,45.352,28.312
Truck-1,Route-1,(175.0 0.0 -5.5),(375.0 0.0 200.0),380.6922,381.4,0.008771531,2.2,31.752,44.6
Truck-2,Route-2,(425.0 0.0 55.5),(625.0 0.0 200.0),402.1983,400.288,-0.01869218,2.046694,31.528,63.784
Truck-103,Route-103,(425.0 0.0 -5.5),(125.0 0.0 200.0),362.7704,370.592,0.1246064,2.614519,31.152,34.48
Truck-104,Route-104,(675.0 0.0 155.5),(125.0 0.0 100.0),366.3548,372.52,0.09291302,2.500689,30.744,36.872
Truck-100,Route-100,(175.0 0.0 55.5),(125.0 0.0 50.0),377.1078,383.2,0.07900834,2.377143,39.344,38.856
Truck-101,Route-101,(425.0 0.0 155.5),(625.0 0.0 50.0),387.8609,391.416,0.04046264,2.229658,31.152,52.384
Truck-102,Route-102,(675.0 0.0 -5.5),(125.0 0.0 0.0),395.0296,397.192,0.02275485,2.159822,36.504,55.688
