Truck_id,Route_id,Origin,Destination,Completion_Time_alone,Completion_Time,Congestion_ratio,TravelTime_by_Distance,PickupSta_AT,DropSta_AT,,,C_max_prev,C_max_now,C_max,Congestion_ratio_AVG_prev,Congestion_ratio_AVG_now,Congestion_ratio_AVG
Truck-3,Route-3,(675.0 0.0 55.5),(375.0 0.0 200.0),348.433,353.4,0.1025536,2.810526,7.256,41.128,,,416.136,405.992,416.136,0.1100888,0.0364057,0.07324725
Truck-2,Route-2,(425.0 0.0 5.5),(125.0 0.0 200.0),352.0174,361.768,0.1874497,2.941334,7.256,49.48
Truck-1,Route-1,(675.0 0.0 194.5),(125.0 0.0 200.0),380.6922,389.08,0.1039479,2.407567,30.136,53.92
Truck-0,Route-0,(425.0 0.0 155.5),(375.0 0.0 200.0),391.4453,400.096,0.09460039,2.327814,59.304,35.808
Truck-4,Route-4,(425.0 0.0 55.5),(625.0 0.0 200.0),409.367,416.136,0.06189236,2.191245,22.624,88.568
Truck-102,Route-102,(425.0 0.0 155.5),(375.0 0.0 200.0),341.2643,340.24,-0.02482345,2.682666,7.264,28.104
Truck-103,Route-103,(175.0 0.0 5.5),(125.0 0.0 200.0),352.0174,352.824,0.01550714,2.515429,7.264,40.616
Truck-104,Route-104,(675.0 0.0 -5.5),(625.0 0.0 200.0),362.7704,370.248,0.1191257,2.601777,31.056,34.184
Truck-101,Route-101,(175.0 0.0 55.5),(125.0 0.0 100.0),373.5235,376.104,0.03509812,2.306182,38.888,32.176
Truck-100,Route-100,(675.0 0.0 55.5),(375.0 0.0 200.0),402.1983,405.992,0.03712098,2.163102,56.4,44.728
