Truck_id,Route_id,Origin,Destination,Completion_Time_alone,Completion_Time,Congestion_ratio,TravelTime_by_Distance,PickupSta_AT,DropSta_AT,,,C_max_prev,C_max_now,C_max,Congestion_ratio_AVG_prev,Congestion_ratio_AVG_now,Congestion_ratio_AVG
Truck-3,Route-3,(425.0 0.0 5.5),(125.0 0.0 200.0),352.0174,354.432,0.04641993,2.592,7.12,42.336,,,421.832,395.584,421.832,0.01915806,0.07656316,0.04786061
Truck-0,Route-0,(675.0 0.0 55.5),(125.0 0.0 200.0),366.3548,366.528,0.00261094,2.29407,22.792,38.84
Truck-1,Route-1,(175.0 0.0 55.5),(375.0 0.0 150.0),387.8609,386.576,-0.01462439,2.111609,54.064,27.472
Truck-4,Route-4,(675.0 0.0 -5.5),(125.0 0.0 100.0),387.8609,394.584,0.07651997,2.306927,37.392,52.328
Truck-2,Route-2,(175.0 0.0 155.5),(125.0 0.0 50.0),423.7044,421.832,-0.01513613,1.997246,61.24,55.656
Truck-100,Route-100,(425.0 0.0 205.5),(375.0 0.0 0.0),352.0174,351.152,-0.01663592,2.43581,7.688,38.416
Truck-102,Route-102,(675.0 0.0 205.5),(375.0 0.0 50.0),348.433,355.408,0.1440128,2.91621,7.688,42.76
Truck-101,Route-101,(675.0 0.0 55.5),(125.0 0.0 200.0),366.3548,370.528,0.06289297,2.432001,7.688,57.824
Truck-104,Route-104,(175.0 0.0 -5.5),(375.0 0.0 150.0),366.3548,378.744,0.1867118,2.71531,38.592,35.12
Truck-103,Route-103,(175.0 0.0 105.5),(625.0 0.0 0.0),395.0296,395.584,0.005834107,2.124089,36.568,54.208
