Truck_id,Route_id,Origin,Destination,Completion_Time_alone,Completion_Time,Congestion_ratio,TravelTime_by_Distance,PickupSta_AT,DropSta_AT,,,C_max_prev,C_max_now,C_max,Congestion_ratio_AVG_prev,Congestion_ratio_AVG_now,Congestion_ratio_AVG
Truck-1,Route-1,(675.0 0.0 105.5),(625.0 0.0 200.0),344.8487,347.304,0.05474683,2.782587,7.312,34.888,,,384.488,411.672,411.672,0.02195832,0.05423288,0.0380956
Truck-4,Route-4,(675.0 0.0 5.5),(375.0 0.0 200.0),352.0174,351.656,-0.006946885,2.45981,7.312,39.408
Truck-3,Route-3,(175.0 0.0 5.5),(125.0 0.0 200.0),352.0174,356.2,0.08040868,2.676191,7.312,43.864
Truck-0,Route-0,(675.0 0.0 55.5),(125.0 0.0 200.0),384.2766,378.76,-0.0654576,2.019487,37.944,35.736
Truck-2,Route-2,(675.0 0.0 155.5),(625.0 0.0 150.0),380.6922,384.488,0.04704057,2.28346,31.488,48.088
Truck-100,Route-100,(425.0 0.0 155.5),(375.0 0.0 200.0),341.2643,341.016,-0.006017828,2.734399,7.336,28.784
Truck-101,Route-101,(675.0 0.0 55.5),(125.0 0.0 200.0),366.3548,370.568,0.06349546,2.433379,7.336,58.312
Truck-103,Route-103,(425.0 0.0 55.5),(125.0 0.0 0.0),380.6922,394.376,0.1695803,2.550703,40.12,49.392
Truck-102,Route-102,(425.0 0.0 105.5),(625.0 0.0 150.0),402.1983,404.552,0.0230307,2.133714,36.504,63.152
Truck-104,Route-104,(175.0 0.0 -5.5),(375.0 0.0 50.0),409.367,411.672,0.02107576,2.107019,67.256,39.552
