Truck_id,Route_id,Origin,Destination,Completion_Time_alone,Completion_Time,Congestion_ratio,TravelTime_by_Distance,PickupSta_AT,DropSta_AT,,,C_max_prev,C_max_now,C_max,Congestion_ratio_AVG_prev,Congestion_ratio_AVG_now,Congestion_ratio_AVG
Truck-4,Route-4,(425.0 0.0 5.5),(375.0 0.0 200.0),369.9391,372.88,0.04204925,2.350968,22.568,45.264,,,409.536,421.8,421.8,0.02430049,0.0493205,0.03681049
Truck-2,Route-2,(675.0 0.0 55.5),(375.0 0.0 200.0),373.5235,380.608,0.09635745,2.442667,31.272,44.328
Truck-3,Route-3,(425.0 0.0 155.5),(625.0 0.0 200.0),395.0296,393.056,-0.02076829,2.067911,22.568,65.504
Truck-1,Route-1,(425.0 0.0 205.5),(625.0 0.0 100.0),398.614,395.496,-0.03161774,2.03183,22.568,68.024
Truck-0,Route-0,(175.0 0.0 55.5),(625.0 0.0 150.0),405.7827,409.536,0.03548178,2.147765,38.616,66
Truck-103,Route-103,(425.0 0.0 155.5),(375.0 0.0 150.0),380.6922,383.152,0.03048384,2.247352,31.136,47.04
Truck-100,Route-100,(675.0 0.0 -5.5),(125.0 0.0 200.0),380.6922,383.768,0.03811776,2.264,35.856,43.192
Truck-104,Route-104,(175.0 0.0 105.5),(625.0 0.0 200.0),380.6922,385.664,0.06161441,2.315243,7.36,73.24
Truck-102,Route-102,(425.0 0.0 55.5),(375.0 0.0 200.0),409.367,413.528,0.03804631,2.142038,76.12,32.448
Truck-101,Route-101,(425.0 0.0 -5.5),(625.0 0.0 200.0),412.9514,421.8,0.07834021,2.214545,31.896,84.816
