Truck_id,Route_id,Origin,Destination,Completion_Time_alone,Completion_Time,Congestion_ratio,TravelTime_by_Distance,PickupSta_AT,DropSta_AT,,,C_max_prev,C_max_now,C_max,Congestion_ratio_AVG_prev,Congestion_ratio_AVG_now,Congestion_ratio_AVG
Truck-3,Route-3,(675.0 0.0 194.5),(375.0 0.0 200.0),355.6017,358.264,0.04788148,2.533218,25.536,27.808,,,399.344,396.072,399.344,0.04312398,0.07724217,0.06018308
Truck-1,Route-1,(675.0 0.0 -5.5),(375.0 0.0 200.0),362.7704,369.448,0.106381,2.572148,26.744,37.712
Truck-4,Route-4,(175.0 0.0 105.5),(625.0 0.0 200.0),380.6922,376.056,-0.05745537,2.055568,7.304,63.744
Truck-0,Route-0,(175.0 0.0 55.5),(375.0 0.0 0.0),380.6922,386.616,0.07341227,2.340973,39.008,42.616
Truck-2,Route-2,(425.0 0.0 105.5),(625.0 0.0 0.0),395.0296,399.344,0.04540051,2.207644,51.864,42.384
Truck-103,Route-103,(425.0 0.0 205.5),(625.0 0.0 150.0),359.1861,365.096,0.09985361,2.60384,7.264,53.048
Truck-100,Route-100,(425.0 0.0 155.5),(125.0 0.0 100.0),366.3548,372.36,0.09050169,2.495172,30.336,37.152
Truck-104,Route-104,(425.0 0.0 -5.5),(375.0 0.0 100.0),369.9391,382.456,0.1789682,2.659871,38.344,36.264
Truck-101,Route-101,(675.0 0.0 -5.5),(125.0 0.0 0.0),395.0296,395.592,0.005918245,2.124267,36.6,54.056
Truck-102,Route-102,(425.0 0.0 55.5),(125.0 0.0 50.0),395.0296,396.072,0.0109691,2.134933,54.464,36.608
