Truck_id,Route_id,Origin,Destination,Completion_Time_alone,Completion_Time,Congestion_ratio,TravelTime_by_Distance,PickupSta_AT,DropSta_AT,,,C_max_prev,C_max_now,C_max,Congestion_ratio_AVG_prev,Congestion_ratio_AVG_now,Congestion_ratio_AVG
Truck-2,Route-2,(175.0 0.0 194.5),(375.0 0.0 100.0),355.6017,354,-0.02880694,2.347826,16.544,32.544,,,432.496,421.296,432.496,0.0306549,0.04824612,0.03945051
Truck-3,Route-3,(425.0 0.0 194.5),(125.0 0.0 150.0),369.9391,369.88,-0.0008452001,2.254194,16.544,48.416
Truck-1,Route-1,(425.0 0.0 105.5),(375.0 0.0 0.0),377.1078,386.736,0.1248659,2.478171,37.192,44.656
Truck-4,Route-4,(425.0 0.0 55.5),(125.0 0.0 200.0),427.2888,429.472,0.01715177,2.055111,78.616,45.896
Truck-0,Route-0,(175.0 0.0 55.5),(625.0 0.0 200.0),427.2888,432.496,0.04090891,2.103111,87.752,39.704
Truck-104,Route-104,(675.0 0.0 55.5),(375.0 0.0 200.0),348.433,348.456,0.0004744643,2.550315,7.6,35.928
Truck-103,Route-103,(425.0 0.0 -5.5),(625.0 0.0 200.0),362.7704,371.536,0.1396453,2.649482,16.92,49.584
Truck-102,Route-102,(425.0 0.0 155.5),(375.0 0.0 50.0),369.9391,372.824,0.04124856,2.349161,30.808,37.136
Truck-101,Route-101,(425.0 0.0 105.5),(125.0 0.0 50.0),391.4453,393.184,0.01901399,2.167069,51.88,36.336
Truck-100,Route-100,(425.0 0.0 55.5),(375.0 0.0 100.0),416.5357,421.296,0.04084829,2.128,83.056,33.168
