Truck_id,Route_id,Origin,Destination,Completion_Time_alone,Completion_Time,Congestion_ratio,TravelTime_by_Distance,PickupSta_AT,DropSta_AT,,,C_max_prev,C_max_now,C_max,Congestion_ratio_AVG_prev,Congestion_ratio_AVG_now,Congestion_ratio_AVG
Truck-1,Route-1,(175.0 0.0 5.5),(375.0 0.0 200.0),352.0174,356.52,0.08656003,2.691428,7.16,44.44,,,415.656,417.008,417.008,0.08150546,0.03148286,0.05649417
Truck-3,Route-3,(175.0 0.0 205.5),(375.0 0.0 100.0),362.7704,366.488,0.0592252,2.462519,7.16,54.512
Truck-0,Route-0,(425.0 0.0 194.5),(125.0 0.0 50.0),377.1078,384.496,0.09581584,2.414171,16.584,63
Truck-2,Route-2,(675.0 0.0 155.5),(625.0 0.0 200.0),391.4453,401.36,0.1084226,2.357209,36.312,60.048
Truck-4,Route-4,(425.0 0.0 105.5),(625.0 0.0 50.0),409.367,415.656,0.05750364,2.182189,37.384,73.256
Truck-102,Route-102,(675.0 0.0 5.5),(375.0 0.0 200.0),352.0174,351.088,-0.01786618,2.432763,7.456,38.76
Truck-101,Route-101,(675.0 0.0 194.5),(625.0 0.0 200.0),355.6017,359.544,0.07090233,2.58887,25.648,28.864
Truck-103,Route-103,(175.0 0.0 194.5),(125.0 0.0 200.0),373.5235,373.608,0.001149751,2.230546,40.288,28.432
Truck-100,Route-100,(175.0 0.0 -5.5),(625.0 0.0 200.0),398.614,401.904,0.03336281,2.16817,42.384,54.432
Truck-104,Route-104,(175.0 0.0 55.5),(375.0 0.0 200.0),409.367,417.008,0.0698656,2.207698,75.808,36.28
