Truck_id,Route_id,Origin,Destination,Completion_Time_alone,Completion_Time,Congestion_ratio,TravelTime_by_Distance,PickupSta_AT,DropSta_AT,,,C_max_prev,C_max_now,C_max,Congestion_ratio_AVG_prev,Congestion_ratio_AVG_now,Congestion_ratio_AVG
Truck-2,Route-2,(175.0 0.0 205.5),(375.0 0.0 100.0),362.7704,365.152,0.03794131,2.413037,6.984,53.176,,,405.504,429.12,429.12,0.09671371,0.04987259,0.07329316
Truck-1,Route-1,(425.0 0.0 155.5),(125.0 0.0 100.0),366.3548,373.312,0.1048492,2.528,30.44,37.768
Truck-4,Route-4,(425.0 0.0 105.5),(125.0 0.0 150.0),366.3548,373.496,0.107622,2.534345,34.296,31.216
Truck-0,Route-0,(675.0 0.0 -5.5),(625.0 0.0 150.0),366.3548,374.512,0.1229335,2.569379,36.92,32.728
Truck-3,Route-3,(675.0 0.0 55.5),(125.0 0.0 50.0),395.0296,405.504,0.1102225,2.344533,39.896,54.72
Truck-102,Route-102,(175.0 0.0 194.5),(375.0 0.0 150.0),352.0174,351.152,-0.01663592,2.43581,16.76,29.36
Truck-101,Route-101,(675.0 0.0 205.5),(125.0 0.0 0.0),369.9391,374.36,0.06321023,2.398709,7.472,61.976
Truck-104,Route-104,(675.0 0.0 105.5),(375.0 0.0 200.0),377.1078,382.472,0.06956666,2.356342,34.696,42.864
Truck-100,Route-100,(425.0 0.0 55.5),(625.0 0.0 200.0),402.1983,401.184,-0.009924947,2.064979,31.616,64.552
Truck-103,Route-103,(175.0 0.0 155.5),(625.0 0.0 50.0),412.9514,429.12,0.1431469,2.347636,33.824,90.328
