Truck_id,Route_id,Origin,Destination,Completion_Time_alone,Completion_Time,Congestion_ratio,TravelTime_by_Distance,PickupSta_AT,DropSta_AT,,,C_max_prev,C_max_now,C_max,Congestion_ratio_AVG_prev,Congestion_ratio_AVG_now,Congestion_ratio_AVG
Truck-0,Route-0,(675.0 0.0 105.5),(625.0 0.0 200.0),344.8487,345.28,0.009617576,2.663529,7.016,33.344,,,398.424,395.44,398.424,0.04722729,0.04426745,0.04574737
Truck-4,Route-4,(175.0 0.0 194.5),(125.0 0.0 50.0),359.1861,361.28,0.03537882,2.4512,16.632,39.776
Truck-2,Route-2,(425.0 0.0 -5.5),(125.0 0.0 200.0),362.7704,369.696,0.1103322,2.581334,31.944,32.768
Truck-1,Route-1,(175.0 0.0 55.5),(375.0 0.0 200.0),391.4453,391.856,0.004491606,2.136186,46.376,40.448
Truck-3,Route-3,(175.0 0.0 105.5),(375.0 0.0 50.0),391.4453,398.424,0.07631626,2.28893,35.936,57.512
Truck-103,Route-103,(425.0 0.0 205.5),(125.0 0.0 100.0),362.7704,365.824,0.04864694,2.437926,23.072,37.88
Truck-104,Route-104,(675.0 0.0 55.5),(375.0 0.0 200.0),373.5235,380.328,0.09254915,2.434182,31.552,43.848
Truck-100,Route-100,(175.0 0.0 55.5),(125.0 0.0 50.0),377.1078,383.136,0.078178,2.375314,38.704,39.408
Truck-101,Route-101,(675.0 0.0 155.5),(125.0 0.0 0.0),391.4453,394.568,0.03414876,2.199256,30.544,59.2
Truck-102,Route-102,(425.0 0.0 105.5),(625.0 0.0 200.0),398.614,395.44,-0.03218561,2.030638,30.296,60.152
