Truck_id,Route_id,Origin,Destination,Completion_Time_alone,Completion_Time,Congestion_ratio,TravelTime_by_Distance,PickupSta_AT,DropSta_AT,,,C_max_prev,C_max_now,C_max,Congestion_ratio_AVG_prev,Congestion_ratio_AVG_now,Congestion_ratio_AVG
Truck-0,Route-0,(675.0 0.0 205.5),(625.0 0.0 50.0),348.433,355.928,0.1547497,2.943579,6.984,43.864,,,388.232,388.808,388.808,0.06062789,0.09722811,0.078928
Truck-1,Route-1,(675.0 0.0 105.5),(125.0 0.0 200.0),362.7704,364.024,0.01997072,2.371259,30.784,28.224
Truck-3,Route-3,(425.0 0.0 205.5),(125.0 0.0 200.0),362.7704,364.832,0.03284325,2.401185,31.568,28.408
Truck-2,Route-2,(675.0 0.0 55.5),(375.0 0.0 200.0),373.5235,380.24,0.09135209,2.431515,30.784,44.456
Truck-4,Route-4,(425.0 0.0 5.5),(375.0 0.0 200.0),387.8609,388.232,0.004223651,2.152,30.784,52.592
Truck-101,Route-101,(425.0 0.0 -5.5),(375.0 0.0 200.0),362.7704,368.16,0.08586191,2.524445,34.68,28.584
Truck-100,Route-100,(175.0 0.0 205.5),(625.0 0.0 150.0),377.1078,380.16,0.03958293,2.290286,7.36,68.048
Truck-104,Route-104,(675.0 0.0 -5.5),(625.0 0.0 100.0),369.9391,381.288,0.162268,2.622193,37.736,38.544
Truck-102,Route-102,(175.0 0.0 -5.5),(125.0 0.0 50.0),373.5235,387.32,0.1876481,2.646061,38.872,43.352
Truck-103,Route-103,(175.0 0.0 105.5),(375.0 0.0 100.0),387.8609,388.808,0.01077969,2.166049,36.336,47.488
