Truck_id,Route_id,Origin,Destination,Completion_Time_alone,Completion_Time,Congestion_ratio,TravelTime_by_Distance,PickupSta_AT,DropSta_AT,,,C_max_prev,C_max_now,C_max,Congestion_ratio_AVG_prev,Congestion_ratio_AVG_now,Congestion_ratio_AVG
Truck-3,Route-3,(675.0 0.0 194.5),(375.0 0.0 200.0),362.7704,369.08,0.1005182,2.558518,29.904,34.24,,,420.728,415.408,420.728,0.04255398,0.06630681,0.0544304
Truck-2,Route-2,(175.0 0.0 205.5),(625.0 0.0 0.0),369.9391,370.776,0.01196589,2.283097,7.304,58.608
Truck-1,Route-1,(425.0 0.0 155.5),(375.0 0.0 100.0),384.2766,387.016,0.03250537,2.231179,46.136,35.832
Truck-0,Route-0,(175.0 0.0 105.5),(625.0 0.0 200.0),395.0296,394.928,-0.001069067,2.109511,34.112,55.888
Truck-4,Route-4,(425.0 0.0 105.5),(375.0 0.0 200.0),412.9514,420.728,0.06884948,2.195055,75.152,40.576
Truck-100,Route-100,(425.0 0.0 155.5),(125.0 0.0 200.0),341.2643,341.744,0.01162446,2.782933,7.352,29.592
Truck-103,Route-103,(675.0 0.0 155.5),(625.0 0.0 200.0),341.2643,347.696,0.155866,3.179734,7.352,35.4
Truck-104,Route-104,(175.0 0.0 205.5),(625.0 0.0 0.0),369.9391,369.928,-0.0001588295,2.255742,7.352,57.816
Truck-101,Route-101,(425.0 0.0 55.5),(625.0 0.0 100.0),391.4453,410.048,0.2034305,2.559256,43.856,61.144
Truck-102,Route-102,(175.0 0.0 -5.5),(125.0 0.0 150.0),420.1201,415.408,-0.03922798,1.956068,67.528,42.872
