Truck_id,Route_id,Origin,Destination,Completion_Time_alone,Completion_Time,Congestion_ratio,TravelTime_by_Distance,PickupSta_AT,DropSta_AT,,,C_max_prev,C_max_now,C_max,Congestion_ratio_AVG_prev,Congestion_ratio_AVG_now,Congestion_ratio_AVG
Truck-2,Route-2,(425.0 0.0 155.5),(375.0 0.0 150.0),362.7704,364.176,0.02239237,2.376889,31.32,27.936,,,420.272,393.064,420.272,0.05071802,0.05871376,0.05471589
Truck-1,Route-1,(425.0 0.0 55.5),(125.0 0.0 200.0),366.3548,373.24,0.1037638,2.525517,36.848,31.496
Truck-3,Route-3,(175.0 0.0 -5.5),(625.0 0.0 0.0),412.9514,414.24,0.01140876,2.077091,67.68,41.688
Truck-4,Route-4,(175.0 0.0 55.5),(625.0 0.0 100.0),409.367,414.968,0.05121273,2.169207,39.376,70.576
Truck-0,Route-0,(425.0 0.0 -5.5),(125.0 0.0 0.0),412.9514,420.272,0.0648124,2.186764,52.24,63.072
Truck-100,Route-100,(425.0 0.0 5.5),(375.0 0.0 200.0),352.0174,360.216,0.1576135,2.867429,7.272,48.072
Truck-103,Route-103,(675.0 0.0 55.5),(125.0 0.0 50.0),377.1078,380.392,0.04259163,2.296914,39.064,36.352
Truck-102,Route-102,(675.0 0.0 -5.5),(125.0 0.0 150.0),384.2766,389.928,0.0670585,2.305846,37.288,47.832
Truck-101,Route-101,(425.0 0.0 55.5),(125.0 0.0 100.0),391.4453,392.232,0.008603434,2.14493,54.504,32.96
Truck-104,Route-104,(175.0 0.0 205.5),(375.0 0.0 50.0),391.4453,393.064,0.01770178,2.164279,7.272,80.968
