Truck_id,Route_id,Origin,Destination,Completion_Time_alone,Completion_Time,Congestion_ratio,TravelTime_by_Distance,PickupSta_AT,DropSta_AT,,,C_max_prev,C_max_now,C_max,Congestion_ratio_AVG_prev,Congestion_ratio_AVG_now,Congestion_ratio_AVG
Truck-8,Route-8,(175.0 0.0 205.5),(125.0 0.0 50.0),348.433,355.488,0.1456649,2.920421,6.984,43.544,,,396.176,388.44,396.176,0.1332377,0.02216917,0.07770344
Truck-6,Route-6,(425.0 0.0 205.5),(375.0 0.0 50.0),348.433,355.896,0.1540887,2.941895,6.984,43.944
Truck-4,Route-4,(425.0 0.0 5.5),(125.0 0.0 200.0),352.0174,357.752,0.1102449,2.750096,6.984,45.8
Truck-0,Route-0,(675.0 0.0 55.5),(625.0 0.0 200.0),348.433,358.952,0.2171862,3.102737,6.984,46.992
Truck-9,Route-9,(175.0 0.0 105.5),(375.0 0.0 200.0),362.7704,362.936,0.002638,2.330963,6.984,50.976
Truck-2,Route-2,(675.0 0.0 5.5),(375.0 0.0 200.0),352.0174,363.736,0.225283,3.035047,6.984,51.776
Truck-1,Route-1,(675.0 0.0 105.5),(125.0 0.0 200.0),362.7704,368.136,0.08547928,2.523555,6.984,56.144
Truck-7,Route-7,(425.0 0.0 105.5),(625.0 0.0 200.0),362.7704,370.24,0.1189983,2.601481,6.984,58.232
Truck-5,Route-5,(425.0 0.0 55.5),(375.0 0.0 200.0),373.5235,379.472,0.08090637,2.408242,29.368,45.056
Truck-3,Route-3,(675.0 0.0 155.5),(125.0 0.0 150.0),380.6922,396.176,0.1918871,2.599351,29.504,61.496
Truck-101,Route-101,(425.0 0.0 155.5),(125.0 0.0 200.0),341.2643,341.296,0.0007676669,2.753066,7.072,28.928
Truck-106,Route-106,(175.0 0.0 55.5),(125.0 0.0 200.0),348.433,347.064,-0.02826623,2.477052,7.072,34.68
Truck-108,Route-108,(175.0 0.0 205.5),(375.0 0.0 100.0),362.7704,364.872,0.03348063,2.402667,7.072,52.52
Truck-105,Route-105,(425.0 0.0 194.5),(375.0 0.0 0.0),362.7704,365.12,0.03743131,2.411852,16.52,43.272
Truck-100,Route-100,(175.0 0.0 155.5),(625.0 0.0 200.0),377.1078,372.904,-0.05451919,2.082971,7.072,60.52
Truck-102,Route-102,(675.0 0.0 155.5),(625.0 0.0 50.0),369.9391,374.544,0.06584139,2.404645,29.856,39.44
Truck-104,Route-104,(425.0 0.0 105.5),(375.0 0.0 200.0),380.6922,378.176,-0.03118275,2.112865,26.144,46.792
Truck-109,Route-109,(425.0 0.0 55.5),(375.0 0.0 50.0),377.1078,379.184,0.02692516,2.2624,39.56,34.424
Truck-107,Route-107,(175.0 0.0 -5.5),(375.0 0.0 200.0),380.6922,386.76,0.07519698,2.344865,32.184,49.392
Truck-103,Route-103,(675.0 0.0 194.5),(125.0 0.0 200.0),380.6922,388.44,0.09601675,2.39027,30.68,52.56
