Truck_id,Route_id,Origin,Destination,Completion_Time_alone,Completion_Time,Congestion_ratio,TravelTime_by_Distance,PickupSta_AT,DropSta_AT,,,C_max_prev,C_max_now,C_max,Congestion_ratio_AVG_prev,Congestion_ratio_AVG_now,Congestion_ratio_AVG
Truck-3,Route-3,(425.0 0.0 155.5),(375.0 0.0 200.0),341.2643,339.2,-0.05002629,2.613334,6.968,27.152,,,416.992,401.176,416.992,0.04376657,0.01907807,0.03142232
Truck-9,Route-9,(175.0 0.0 155.5),(125.0 0.0 200.0),341.2643,339.32,-0.04711833,2.621334,6.96,27.272
Truck-5,Route-5,(175.0 0.0 105.5),(125.0 0.0 200.0),344.8487,343.272,-0.03515512,2.545412,6.96,31.224
Truck-6,Route-6,(675.0 0.0 205.5),(625.0 0.0 150.0),341.2643,344.584,0.08044972,2.972268,6.96,32.584
Truck-0,Route-0,(425.0 0.0 105.5),(375.0 0.0 50.0),373.5235,374.032,0.00691677,2.243394,34.24,34.736
Truck-7,Route-7,(675.0 0.0 105.5),(375.0 0.0 100.0),369.9391,381.16,0.1604379,2.618065,34.6,35.568
Truck-4,Route-4,(425.0 0.0 55.5),(125.0 0.0 0.0),380.6922,381.648,0.01184514,2.206703,39.144,37.496
Truck-8,Route-8,(675.0 0.0 -5.5),(375.0 0.0 0.0),377.1078,388.264,0.1446825,2.521829,35.776,44.44
Truck-1,Route-1,(675.0 0.0 155.5),(125.0 0.0 50.0),387.8609,396.288,0.09591404,2.348488,29.816,61.448
Truck-2,Route-2,(175.0 0.0 55.5),(625.0 0.0 100.0),409.367,416.992,0.06971938,2.207396,37.312,65.712
Truck-107,Route-107,(175.0 0.0 155.5),(125.0 0.0 200.0),341.2643,340.536,-0.01764968,2.702401,7.144,28.376
Truck-101,Route-101,(425.0 0.0 205.5),(375.0 0.0 150.0),341.2643,343.592,0.05640946,2.906134,7.152,31.432
Truck-100,Route-100,(425.0 0.0 105.5),(375.0 0.0 200.0),344.8487,345.168,0.0071203,2.656941,7.152,33.032
Truck-104,Route-104,(175.0 0.0 205.5),(375.0 0.0 0.0),352.0174,353.808,0.03442407,2.562286,7.144,41.648
Truck-109,Route-109,(675.0 0.0 105.5),(125.0 0.0 200.0),362.7704,360.44,-0.03712599,2.238519,7.144,48.296
Truck-103,Route-103,(425.0 0.0 155.5),(625.0 0.0 150.0),380.6922,380.112,-0.007190289,2.165189,31.784,43.288
Truck-105,Route-105,(175.0 0.0 105.5),(625.0 0.0 200.0),380.6922,381.272,0.007185372,2.196541,7.144,68.928
Truck-102,Route-102,(675.0 0.0 155.5),(125.0 0.0 50.0),387.8609,391.08,0.03663843,2.221463,30.112,55.864
Truck-108,Route-108,(675.0 0.0 5.5),(625.0 0.0 200.0),387.8609,391.928,0.04629031,2.242146,30.232,56.648
Truck-106,Route-106,(175.0 0.0 -5.5),(625.0 0.0 0.0),395.0296,401.176,0.06467872,2.248355,38.632,57.552
