Truck_id,Route_id,Origin,Destination,Completion_Time_alone,Completion_Time,Congestion_ratio,TravelTime_by_Distance,PickupSta_AT,DropSta_AT,,,C_max_prev,C_max_now,C_max,Congestion_ratio_AVG_prev,Congestion_ratio_AVG_now,Congestion_ratio_AVG
Truck-2,Route-2,(425.0 0.0 155.5),(625.0 0.0 200.0),359.1861,355.336,-0.06505023,2.21344,6.928,43.36,,,406.12,412.056,412.056,0.04043519,0.07074678,0.05559099
Truck-6,Route-6,(675.0 0.0 205.5),(625.0 0.0 0.0),352.0174,356.4,0.0842532,2.685714,6.928,44.448
Truck-8,Route-8,(425.0 0.0 194.5),(375.0 0.0 100.0),355.6017,357.624,0.03637078,2.505391,16.36,36.096
Truck-7,Route-7,(175.0 0.0 105.5),(375.0 0.0 200.0),362.7704,362.6,-0.002714816,2.318519,6.928,50.632
Truck-4,Route-4,(175.0 0.0 -5.5),(375.0 0.0 200.0),362.7704,366.76,0.0635585,2.472593,16.36,45.224
Truck-9,Route-9,(675.0 0.0 155.5),(125.0 0.0 150.0),380.6922,382.4,0.0211643,2.227027,30.008,47.256
Truck-3,Route-3,(175.0 0.0 55.5),(125.0 0.0 50.0),377.1078,384.512,0.09602322,2.414628,37.008,39.336
Truck-0,Route-0,(425.0 0.0 105.5),(625.0 0.0 150.0),384.2766,389.848,0.06610904,2.303795,35.944,48.768
Truck-5,Route-5,(425.0 0.0 -5.5),(125.0 0.0 200.0),398.614,397.424,-0.01206666,2.072851,45.408,46.936
Truck-1,Route-1,(175.0 0.0 155.5),(375.0 0.0 50.0),395.0296,406.12,0.1167046,2.358222,30.016,71
Truck-101,Route-101,(425.0 0.0 105.5),(375.0 0.0 200.0),344.8487,344.376,-0.01053892,2.610353,7.16,32.088
Truck-108,Route-108,(675.0 0.0 205.5),(375.0 0.0 0.0),352.0174,350.872,-0.02201871,2.422477,7.16,38.584
Truck-103,Route-103,(425.0 0.0 205.5),(375.0 0.0 50.0),348.433,353.024,0.09479015,2.790736,7.16,40.76
Truck-105,Route-105,(175.0 0.0 105.5),(375.0 0.0 200.0),362.7704,363.008,0.003784894,2.333629,7.16,50.696
Truck-104,Route-104,(175.0 0.0 -5.5),(125.0 0.0 200.0),362.7704,368.192,0.08637141,2.525629,35.48,27.6
Truck-107,Route-107,(675.0 0.0 -5.5),(625.0 0.0 200.0),362.7704,370.608,0.1248611,2.615111,32.856,32.68
Truck-100,Route-100,(175.0 0.0 205.5),(625.0 0.0 50.0),384.2766,388.096,0.04532053,2.258872,7.16,75.824
Truck-102,Route-102,(675.0 0.0 55.5),(625.0 0.0 200.0),373.5235,388.976,0.2101716,2.696243,31.08,52.736
Truck-109,Route-109,(675.0 0.0 155.5),(125.0 0.0 0.0),391.4453,402,0.1154215,2.372093,30.528,66.32
Truck-106,Route-106,(175.0 0.0 55.5),(625.0 0.0 150.0),405.7827,412.056,0.05930411,2.197176,38.08,68.928
