Truck_id,Route_id,Origin,Destination,Completion_Time_alone,Completion_Time,Congestion_ratio,TravelTime_by_Distance,PickupSta_AT,DropSta_AT,,,C_max_prev,C_max_now,C_max,Congestion_ratio_AVG_prev,Congestion_ratio_AVG_now,Congestion_ratio_AVG
Truck-2,Route-2,(175.0 0.0 205.5),(375.0 0.0 0.0),352.0174,355.32,0.06349116,2.634286,7.08,43.448,,,430.632,427.864,430.632,0.1941031,0.0506639,0.1223835
Truck-5,Route-5,(425.0 0.0 194.5),(375.0 0.0 50.0),359.1861,367.856,0.1464859,2.71424,16.616,46.24
Truck-1,Route-1,(425.0 0.0 155.5),(625.0 0.0 0.0),373.5235,381.928,0.114311,2.482667,30.912,46.056
Truck-6,Route-6,(675.0 0.0 -5.5),(375.0 0.0 200.0),362.7704,384.928,0.3529942,3.145482,30.2,49.96
Truck-3,Route-3,(425.0 0.0 55.5),(125.0 0.0 50.0),377.1078,387.624,0.1363823,2.503543,40.304,39.32
Truck-9,Route-9,(425.0 0.0 -5.5),(375.0 0.0 100.0),369.9391,397.136,0.3888649,3.133419,34.336,54.936
Truck-8,Route-8,(175.0 0.0 105.5),(375.0 0.0 150.0),384.2766,398.104,0.1640724,2.515487,36.4,56.832
Truck-0,Route-0,(675.0 0.0 155.5),(125.0 0.0 0.0),391.4453,418.224,0.2928391,2.749395,30.672,82.608
Truck-4,Route-4,(175.0 0.0 155.5),(625.0 0.0 50.0),412.9514,418.224,0.04668066,2.149527,30.672,82.608
Truck-7,Route-7,(175.0 0.0 -5.5),(125.0 0.0 100.0),405.7827,430.632,0.2349094,2.561412,53.408,72.104
Truck-109,Route-109,(675.0 0.0 205.5),(375.0 0.0 150.0),341.2643,339.592,-0.0405266,2.639467,7.44,27.392
Truck-104,Route-104,(675.0 0.0 155.5),(625.0 0.0 200.0),341.2643,339.6,-0.04033283,2.64,7.44,27.392
Truck-100,Route-100,(175.0 0.0 155.5),(125.0 0.0 200.0),341.2643,339.824,-0.03490444,2.654934,7.448,27.632
Truck-108,Route-108,(175.0 0.0 205.5),(625.0 0.0 0.0),369.9391,371.304,0.01951509,2.300128,7.44,58.928
Truck-102,Route-102,(175.0 0.0 105.5),(625.0 0.0 200.0),380.6922,380.2,-0.006099567,2.167568,7.44,67.84
Truck-105,Route-105,(675.0 0.0 105.5),(375.0 0.0 50.0),373.5235,381.52,0.1087615,2.470303,35.648,40.912
Truck-106,Route-106,(675.0 0.0 55.5),(125.0 0.0 50.0),377.1078,388.568,0.1486249,2.530514,47.784,35.912
Truck-101,Route-101,(425.0 0.0 105.5),(375.0 0.0 100.0),405.7827,405.976,0.001827893,2.077961,51.824,49.256
Truck-103,Route-103,(175.0 0.0 5.5),(625.0 0.0 100.0),412.9514,413.432,0.004255388,2.0624,43.704,64.904
Truck-107,Route-107,(675.0 0.0 -5.5),(125.0 0.0 0.0),395.0296,427.864,0.3455177,2.841423,83.144,39.688
