Truck_id,Route_id,Origin,Destination,Completion_Time_alone,Completion_Time,Congestion_ratio,TravelTime_by_Distance,PickupSta_AT,DropSta_AT,,,C_max_prev,C_max_now,C_max,Congestion_ratio_AVG_prev,Congestion_ratio_AVG_now,Congestion_ratio_AVG
Truck-4,Route-4,(675.0 0.0 55.5),(375.0 0.0 200.0),348.433,348.176,-0.005306691,2.535579,7.304,35.96,,,403.648,428.664,428.664,0.06575941,0.06669448,0.06622696
Truck-1,Route-1,(175.0 0.0 55.5),(125.0 0.0 200.0),348.433,353.552,0.1056921,2.818527,7.312,41.296
Truck-3,Route-3,(175.0 0.0 205.5),(375.0 0.0 0.0),352.0174,354.992,0.05718552,2.618667,7.304,42.88
Truck-2,Route-2,(425.0 0.0 -5.5),(625.0 0.0 200.0),362.7704,361.552,-0.01941065,2.279704,16.472,40.272
Truck-6,Route-6,(175.0 0.0 5.5),(625.0 0.0 200.0),369.9391,370.312,0.005331698,2.268129,7.304,58.104
Truck-9,Route-9,(675.0 0.0 105.5),(375.0 0.0 150.0),366.3548,373.072,0.101232,2.519724,35.344,32.768
Truck-7,Route-7,(175.0 0.0 105.5),(125.0 0.0 100.0),369.9391,378.912,0.1282954,2.545548,35.128,32.792
Truck-5,Route-5,(675.0 0.0 155.5),(125.0 0.0 150.0),380.6922,382.568,0.02324628,2.231567,30.56,47.112
Truck-0,Route-0,(425.0 0.0 105.5),(375.0 0.0 50.0),373.5235,388.984,0.2102804,2.696485,34.904,40
Truck-8,Route-8,(425.0 0.0 155.5),(625.0 0.0 150.0),398.614,403.648,0.05104813,2.205277,31.024,67.808
Truck-103,Route-103,(675.0 0.0 155.5),(125.0 0.0 200.0),359.1861,355.536,-0.06167085,2.22144,7.4,43.216
Truck-109,Route-109,(175.0 0.0 205.5),(125.0 0.0 50.0),348.433,357.272,0.1824993,3.014316,7.4,45.096
Truck-106,Route-106,(175.0 0.0 155.5),(375.0 0.0 200.0),359.1861,360.768,0.02672825,2.43072,7.4,48.44
Truck-100,Route-100,(675.0 0.0 55.5),(125.0 0.0 200.0),366.3548,365.832,-0.00787835,2.270069,7.4,53.544
Truck-104,Route-104,(425.0 0.0 -5.5),(375.0 0.0 200.0),362.7704,370.064,0.1161945,2.594963,34.056,31.152
Truck-102,Route-102,(675.0 0.0 -5.5),(375.0 0.0 200.0),362.7704,370.28,0.1196357,2.602963,31.904,33.52
Truck-101,Route-101,(425.0 0.0 194.5),(125.0 0.0 100.0),373.5235,375.392,0.02541407,2.284606,16.864,53.504
Truck-108,Route-108,(175.0 0.0 55.5),(125.0 0.0 200.0),373.5235,388.608,0.2051662,2.685091,37.688,46.008
Truck-107,Route-107,(425.0 0.0 155.5),(625.0 0.0 0.0),391.4453,393.344,0.02076371,2.170791,46.52,41.912
Truck-105,Route-105,(175.0 0.0 -5.5),(625.0 0.0 200.0),423.7044,428.664,0.0400923,2.109246,43.016,80.632
