Truck_id,Route_id,Origin,Destination,Completion_Time_alone,Completion_Time,Congestion_ratio,TravelTime_by_Distance,PickupSta_AT,DropSta_AT,,,C_max_prev,C_max_now,C_max,Congestion_ratio_AVG_prev,Congestion_ratio_AVG_now,Congestion_ratio_AVG
Truck-0,Route-0,(425.0 0.0 205.5),(125.0 0.0 0.0),352.0174,359.872,0.1510004,2.851048,7.272,47.072,,,424.664,412.504,424.664,0.08693615,0.09672204,0.0918291
Truck-5,Route-5,(425.0 0.0 105.5),(125.0 0.0 200.0),362.7704,360.4,-0.03776337,2.237037,7.264,47.6
Truck-4,Route-4,(675.0 0.0 55.5),(125.0 0.0 200.0),366.3548,372.4,0.09110464,2.496552,7.264,59.616
Truck-9,Route-9,(675.0 0.0 194.5),(625.0 0.0 200.0),362.7704,373.48,0.1706153,2.721482,32.04,35.856
Truck-8,Route-8,(175.0 0.0 55.5),(375.0 0.0 200.0),366.3548,377.472,0.1675421,2.671448,7.264,64.672
Truck-3,Route-3,(175.0 0.0 205.5),(625.0 0.0 150.0),377.1078,377.744,0.008249989,2.221257,7.264,64.928
Truck-6,Route-6,(175.0 0.0 -5.5),(375.0 0.0 200.0),380.6922,380.672,-0.0002503667,2.180324,31.784,43.288
Truck-1,Route-1,(675.0 0.0 155.5),(125.0 0.0 150.0),380.6922,383.872,0.03940665,2.266811,30.72,47.552
Truck-2,Route-2,(175.0 0.0 105.5),(625.0 0.0 200.0),380.6922,385.504,0.05963152,2.310919,7.264,72.664
Truck-7,Route-7,(425.0 0.0 55.5),(375.0 0.0 50.0),402.1983,424.664,0.2198246,2.544163,40.84,69.336
Truck-106,Route-106,(175.0 0.0 155.5),(125.0 0.0 200.0),341.2643,341.304,0.0009614325,2.753599,7.256,28.448
Truck-103,Route-103,(425.0 0.0 155.5),(375.0 0.0 200.0),341.2643,341.568,0.007359396,2.771199,7.256,28.712
Truck-102,Route-102,(675.0 0.0 105.5),(375.0 0.0 200.0),344.8487,350.88,0.1344821,2.992941,7.256,38.04
Truck-108,Route-108,(675.0 0.0 205.5),(125.0 0.0 0.0),369.9391,376.008,0.08677373,2.451871,7.256,63.112
Truck-104,Route-104,(425.0 0.0 194.5),(375.0 0.0 0.0),380.6922,380.024,-0.008281009,2.162811,16.752,57.52
Truck-107,Route-107,(425.0 0.0 105.5),(125.0 0.0 50.0),373.5235,384.776,0.1530468,2.56897,38.528,40.704
Truck-100,Route-100,(175.0 0.0 -5.5),(375.0 0.0 100.0),369.9391,392.24,0.3188612,2.975484,50.288,36.44
Truck-101,Route-101,(425.0 0.0 -5.5),(125.0 0.0 200.0),398.614,404.768,0.0624055,2.229106,42.832,56.432
Truck-105,Route-105,(425.0 0.0 55.5),(625.0 0.0 200.0),402.1983,405.032,0.02772756,2.143511,30.408,68.976
Truck-109,Route-109,(175.0 0.0 55.5),(375.0 0.0 50.0),395.0296,412.504,0.1838837,2.500089,41.032,65.768
