Truck_id,Route_id,Origin,Destination,Completion_Time_alone,Completion_Time,Congestion_ratio,TravelTime_by_Distance,PickupSta_AT,DropSta_AT,,,C_max_prev,C_max_now,C_max,Congestion_ratio_AVG_prev,Congestion_ratio_AVG_now,Congestion_ratio_AVG
Truck-3,Route-3,(425.0 0.0 55.5),(375.0 0.0 200.0),348.433,351.096,0.05498304,2.689264,6.856,39.152,,,396.512,422.528,422.528,0.1066797,0.08809359,0.09738662
Truck-4,Route-4,(675.0 0.0 205.5),(625.0 0.0 0.0),352.0174,357.352,0.1025547,2.731047,6.856,45.312
Truck-8,Route-8,(175.0 0.0 155.5),(375.0 0.0 200.0),359.1861,359.992,0.01361704,2.39968,6.848,47.992
Truck-5,Route-5,(675.0 0.0 -5.5),(375.0 0.0 200.0),362.7704,364.928,0.03437277,2.404741,32.504,27.264
Truck-6,Route-6,(675.0 0.0 55.5),(125.0 0.0 200.0),373.5235,375.72,0.02987527,2.294545,29.24,41.232
Truck-9,Route-9,(675.0 0.0 105.5),(625.0 0.0 100.0),369.9391,386.44,0.2359321,2.788387,35.76,36.512
Truck-2,Route-2,(425.0 0.0 205.5),(625.0 0.0 50.0),366.3548,387.752,0.3224674,3.025932,6.856,75.816
Truck-7,Route-7,(425.0 0.0 155.5),(375.0 0.0 100.0),384.2766,392.76,0.1006622,2.378462,30.024,57.552
Truck-0,Route-0,(175.0 0.0 5.5),(375.0 0.0 150.0),391.4453,393.928,0.02715021,2.184372,41.96,46.792
Truck-1,Route-1,(175.0 0.0 55.5),(625.0 0.0 200.0),384.2766,396.512,0.1451821,2.474667,6.856,84.496
Truck-102,Route-102,(675.0 0.0 205.5),(375.0 0.0 150.0),341.2643,338.976,-0.05545469,2.598401,7.136,26.664
Truck-109,Route-109,(175.0 0.0 205.5),(125.0 0.0 150.0),341.2643,344.816,0.08607188,2.987734,7.128,32.536
Truck-103,Route-103,(175.0 0.0 -5.5),(375.0 0.0 200.0),362.7704,364.56,0.02850995,2.391111,16.672,42.664
Truck-108,Route-108,(675.0 0.0 155.5),(625.0 0.0 100.0),366.3548,372.248,0.0888138,2.49131,35.112,31.952
Truck-100,Route-100,(675.0 0.0 55.5),(125.0 0.0 200.0),366.3548,378.912,0.1892437,2.721103,7.136,66.656
Truck-105,Route-105,(675.0 0.0 -5.5),(375.0 0.0 100.0),369.9391,380.672,0.1534603,2.602323,36.616,35.8
Truck-104,Route-104,(425.0 0.0 155.5),(125.0 0.0 0.0),373.5235,381.44,0.1076736,2.467879,30.736,45.44
Truck-106,Route-106,(425.0 0.0 105.5),(625.0 0.0 0.0),377.1078,381.976,0.06313448,2.342172,34.296,39.44
Truck-101,Route-101,(425.0 0.0 55.5),(125.0 0.0 100.0),373.5235,385.88,0.1680625,2.602424,43.768,36.888
Truck-107,Route-107,(175.0 0.0 105.5),(375.0 0.0 50.0),416.5357,422.528,0.05142038,2.149614,35.248,82.104
