Truck_id,Route_id,Origin,Destination,Completion_Time_alone,Completion_Time,Congestion_ratio,TravelTime_by_Distance,PickupSta_AT,DropSta_AT,,,C_max_prev,C_max_now,C_max,Congestion_ratio_AVG_prev,Congestion_ratio_AVG_now,Congestion_ratio_AVG
Truck-2,Route-2,(425.0 0.0 155.5),(375.0 0.0 200.0),341.2643,342.024,0.01840995,2.801599,7.232,29,,,398.024,424.008,424.008,0.09483905,0.1141997,0.1045194
Truck-6,Route-6,(425.0 0.0 55.5),(375.0 0.0 200.0),348.433,350.472,0.04209878,2.65642,7.232,37.496
Truck-0,Route-0,(675.0 0.0 55.5),(625.0 0.0 200.0),348.433,354.016,0.1152721,2.842947,7.232,41.128
Truck-4,Route-4,(675.0 0.0 205.5),(625.0 0.0 100.0),344.8487,354.544,0.2161791,3.208471,7.232,41.536
Truck-8,Route-8,(175.0 0.0 205.5),(125.0 0.0 100.0),344.8487,356.424,0.2580979,3.319059,7.232,43.512
Truck-3,Route-3,(425.0 0.0 205.5),(125.0 0.0 0.0),352.0174,358.04,0.1157814,2.76381,7.232,45.072
Truck-5,Route-5,(425.0 0.0 105.5),(125.0 0.0 200.0),362.7704,364.432,0.02647092,2.386371,30.264,28.408
Truck-7,Route-7,(175.0 0.0 -5.5),(625.0 0.0 200.0),362.7704,367.096,0.06891131,2.485037,16.648,44.728
Truck-9,Route-9,(175.0 0.0 55.5),(375.0 0.0 200.0),366.3548,370.048,0.05565896,2.415448,7.232,57.048
Truck-1,Route-1,(175.0 0.0 105.5),(625.0 0.0 0.0),395.0296,398.024,0.03151002,2.178311,34.144,58.36
Truck-105,Route-105,(425.0 0.0 55.5),(375.0 0.0 200.0),348.433,350.12,0.03483123,2.637894,7.36,37.352
Truck-107,Route-107,(425.0 0.0 -5.5),(375.0 0.0 200.0),362.7704,365.96,0.05081335,2.442963,16.944,43.36
Truck-104,Route-104,(175.0 0.0 205.5),(375.0 0.0 0.0),369.9391,366.464,-0.0496879,2.144,7.36,53.608
Truck-101,Route-101,(675.0 0.0 205.5),(125.0 0.0 50.0),366.3548,368.064,0.02575894,2.347034,7.36,55.208
Truck-102,Route-102,(425.0 0.0 155.5),(125.0 0.0 150.0),362.7704,375.016,0.1950851,2.77837,34.304,35.096
Truck-100,Route-100,(425.0 0.0 105.5),(625.0 0.0 200.0),362.7704,375.264,0.1990363,2.787556,7.36,62.384
Truck-103,Route-103,(175.0 0.0 -5.5),(375.0 0.0 150.0),366.3548,390.744,0.3675579,3.129103,49.384,35.624
Truck-106,Route-106,(675.0 0.0 -5.5),(125.0 0.0 0.0),395.0296,409.352,0.150715,2.430044,36.952,66.832
Truck-109,Route-109,(175.0 0.0 105.5),(625.0 0.0 150.0),402.1983,409.352,0.06999809,2.231673,36.56,67.352
Truck-108,Route-108,(175.0 0.0 55.5),(625.0 0.0 50.0),412.9514,424.008,0.09788851,2.254691,43.184,75.336
