Truck_id,Route_id,Origin,Destination,Completion_Time_alone,Completion_Time,Congestion_ratio,TravelTime_by_Distance,PickupSta_AT,DropSta_AT,,,C_max_prev,C_max_now,C_max,Congestion_ratio_AVG_prev,Congestion_ratio_AVG_now,Congestion_ratio_AVG
Truck-5,Route-5,(675.0 0.0 105.5),(375.0 0.0 200.0),344.8487,345.168,0.0071203,2.656941,6.896,33.192,,,405,405.536,405.536,0.07660864,0.05121716,0.06391291
Truck-7,Route-7,(175.0 0.0 55.5),(125.0 0.0 200.0),348.433,347.544,-0.0183554,2.502316,6.896,35.472
Truck-8,Route-8,(425.0 0.0 105.5),(375.0 0.0 200.0),344.8487,348.736,0.08667659,2.866823,6.896,36.672
Truck-3,Route-3,(425.0 0.0 205.5),(125.0 0.0 100.0),344.8487,355.792,0.2440057,3.281882,6.896,43.816
Truck-4,Route-4,(675.0 0.0 5.5),(375.0 0.0 200.0),352.0174,359.616,0.1460788,2.838857,6.896,47.544
Truck-1,Route-1,(425.0 0.0 155.5),(625.0 0.0 200.0),359.1861,368.68,0.1604081,2.7472,6.896,56.64
Truck-0,Route-0,(175.0 0.0 155.5),(625.0 0.0 200.0),377.1078,373.632,-0.04507791,2.103771,6.896,61.56
Truck-2,Route-2,(175.0 0.0 105.5),(375.0 0.0 0.0),377.1078,376.944,-0.002124931,2.1984,34.272,37.528
Truck-9,Route-9,(175.0 0.0 5.5),(125.0 0.0 0.0),384.2766,391.224,0.08243632,2.339077,42.104,41.048
Truck-6,Route-6,(675.0 0.0 194.5),(625.0 0.0 200.0),395.0296,405,0.1049189,2.333333,33.24,66.744
Truck-103,Route-103,(675.0 0.0 205.5),(625.0 0.0 150.0),341.2643,345.64,0.1060408,3.042668,7.08,33.4
Truck-100,Route-100,(175.0 0.0 105.5),(125.0 0.0 200.0),344.8487,346.048,0.02674195,2.708706,7.08,33.8
Truck-108,Route-108,(425.0 0.0 55.5),(375.0 0.0 200.0),348.433,348.016,-0.008610299,2.527158,7.08,35.768
Truck-101,Route-101,(425.0 0.0 5.5),(375.0 0.0 200.0),352.0174,356.92,0.09425024,2.710477,7.08,44.68
Truck-106,Route-106,(425.0 0.0 205.5),(625.0 0.0 50.0),366.3548,367.336,0.01478766,2.321931,7.08,55.088
Truck-104,Route-104,(675.0 0.0 105.5),(375.0 0.0 100.0),369.9391,375.328,0.0770511,2.429936,37.736,32.44
Truck-105,Route-105,(675.0 0.0 55.5),(125.0 0.0 200.0),391.4453,399.656,0.08978874,2.317581,31.168,63.344
Truck-109,Route-109,(175.0 0.0 -5.5),(625.0 0.0 200.0),398.614,399.904,0.01308171,2.125617,26.552,68.224
Truck-102,Route-102,(425.0 0.0 105.5),(625.0 0.0 200.0),398.614,405.16,0.06638058,2.237447,38.92,61.152
Truck-107,Route-107,(425.0 0.0 155.5),(625.0 0.0 100.0),402.1983,405.536,0.03265913,2.153796,33.32,67.112
