Truck_id,Route_id,Origin,Destination,Completion_Time_alone,Completion_Time,Congestion_ratio,TravelTime_by_Distance,PickupSta_AT,DropSta_AT,,,C_max_prev,C_max_now,C_max,Congestion_ratio_AVG_prev,Congestion_ratio_AVG_now,Congestion_ratio_AVG
Truck-1,Route-1,(425.0 0.0 155.5),(125.0 0.0 200.0),341.2643,340.904,-0.008732026,2.726933,7.232,28.168,,,433.448,402.672,433.448,0.04984064,0.06694969,0.05839517
Truck-2,Route-2,(675.0 0.0 194.5),(625.0 0.0 200.0),355.6017,357.608,0.03608318,2.504696,25.896,26.552
Truck-8,Route-8,(175.0 0.0 194.5),(125.0 0.0 100.0),355.6017,359.472,0.06960702,2.585738,16.792,37.472
Truck-4,Route-4,(425.0 0.0 105.5),(125.0 0.0 200.0),362.7704,365.056,0.0364118,2.409482,31.704,28.128
Truck-9,Route-9,(175.0 0.0 -5.5),(375.0 0.0 200.0),362.7704,365.696,0.04660792,2.433186,16.792,43.744
Truck-3,Route-3,(675.0 0.0 105.5),(125.0 0.0 200.0),362.7704,366.752,0.06343112,2.472297,7.232,54.008
Truck-5,Route-5,(425.0 0.0 55.5),(625.0 0.0 200.0),366.3548,370.744,0.06614779,2.439448,7.232,58.264
Truck-7,Route-7,(175.0 0.0 105.5),(375.0 0.0 100.0),387.8609,388.888,0.01169006,2.168,51.728,32.12
Truck-0,Route-0,(425.0 0.0 -5.5),(125.0 0.0 200.0),380.6922,393.4,0.1574848,2.524324,16.8,71.592
Truck-6,Route-6,(175.0 0.0 55.5),(125.0 0.0 50.0),430.8731,433.448,0.01967471,2.053046,72.256,55.672
Truck-100,Route-100,(175.0 0.0 155.5),(125.0 0.0 200.0),341.2643,343.752,0.060287,2.916801,7.384,30.896
Truck-106,Route-106,(425.0 0.0 105.5),(375.0 0.0 200.0),344.8487,346.592,0.03887178,2.740706,7.376,33.816
Truck-101,Route-101,(425.0 0.0 55.5),(375.0 0.0 200.0),348.433,350.16,0.03565728,2.64,7.384,37.288
Truck-107,Route-107,(675.0 0.0 205.5),(625.0 0.0 50.0),348.433,353.808,0.110978,2.832001,7.376,41.032
Truck-104,Route-104,(175.0 0.0 5.5),(125.0 0.0 200.0),352.0174,354.368,0.04518966,2.588953,7.384,41.552
Truck-109,Route-109,(175.0 0.0 55.5),(375.0 0.0 200.0),366.3548,370.672,0.06506285,2.436965,7.376,57.8
Truck-102,Route-102,(675.0 0.0 55.5),(625.0 0.0 200.0),373.5235,379.984,0.08787046,2.423758,31.36,43.072
Truck-105,Route-105,(675.0 0.0 155.5),(625.0 0.0 200.0),377.1078,380.232,0.04051657,2.292343,22.832,51.84
Truck-108,Route-108,(425.0 0.0 205.5),(625.0 0.0 100.0),398.614,400.24,0.01648892,2.132766,22.832,71.816
Truck-103,Route-103,(675.0 0.0 105.5),(125.0 0.0 100.0),387.8609,402.672,0.1685744,2.504195,42.296,54.792
