Truck_id,Route_id,Origin,Destination,Completion_Time_alone,Completion_Time,Congestion_ratio,TravelTime_by_Distance,PickupSta_AT,DropSta_AT,,,C_max_prev,C_max_now,C_max,Congestion_ratio_AVG_prev,Congestion_ratio_AVG_now,Congestion_ratio_AVG
Truck-8,Route-8,(425.0 0.0 155.5),(375.0 0.0 200.0),341.2643,341.672,0.009879828,2.778133,7.456,28.688,,,395,412.504,412.504,0.0978078,0.09636837,0.09708808
Truck-6,Route-6,(175.0 0.0 105.5),(125.0 0.0 200.0),344.8487,347.808,0.06598525,2.812236,7.456,34.84
Truck-9,Route-9,(425.0 0.0 105.5),(125.0 0.0 200.0),344.8487,351.536,0.1491092,3.03153,7.456,38.496
Truck-7,Route-7,(675.0 0.0 155.5),(125.0 0.0 200.0),359.1861,369.408,0.1727083,2.77632,7.456,56.408
Truck-1,Route-1,(175.0 0.0 5.5),(625.0 0.0 200.0),369.9391,373.144,0.04582407,2.359484,7.456,60.136
Truck-3,Route-3,(425.0 0.0 55.5),(375.0 0.0 200.0),384.2766,379.808,-0.0530223,2.046359,22.648,51.544
Truck-4,Route-4,(675.0 0.0 -5.5),(625.0 0.0 0.0),377.1078,385.672,0.1110671,2.447771,37.048,43.08
Truck-2,Route-2,(175.0 0.0 205.5),(625.0 0.0 50.0),384.2766,389.4,0.06079323,2.292308,7.456,76.416
Truck-0,Route-0,(675.0 0.0 55.5),(375.0 0.0 50.0),377.1078,391.272,0.1836928,2.607772,39.448,46.248
Truck-5,Route-5,(175.0 0.0 155.5),(625.0 0.0 200.0),377.1078,395,0.2320406,2.714286,7.456,82
Truck-103,Route-103,(175.0 0.0 155.5),(125.0 0.0 200.0),341.2643,340.248,-0.02462968,2.683199,7.376,27.376
Truck-101,Route-101,(175.0 0.0 55.5),(125.0 0.0 200.0),348.433,349.824,0.0287199,2.622316,7.376,36.976
Truck-105,Route-105,(425.0 0.0 5.5),(625.0 0.0 200.0),352.0174,358.088,0.1167043,2.766096,7.376,45.248
Truck-102,Route-102,(425.0 0.0 155.5),(625.0 0.0 200.0),359.1861,365.024,0.09863675,2.60096,7.376,52.176
Truck-109,Route-109,(175.0 0.0 205.5),(625.0 0.0 0.0),369.9391,374.096,0.05943585,2.390194,7.376,61.24
Truck-100,Route-100,(675.0 0.0 55.5),(625.0 0.0 150.0),369.9391,375.168,0.07476334,2.424774,40.28,29.24
Truck-106,Route-106,(425.0 0.0 205.5),(625.0 0.0 50.0),366.3548,375.432,0.1367986,2.601104,7.376,62.576
Truck-107,Route-107,(425.0 0.0 105.5),(125.0 0.0 0.0),377.1078,392.232,0.1961427,2.6352,43.072,43.632
Truck-104,Route-104,(425.0 0.0 55.5),(375.0 0.0 50.0),377.1078,393.576,0.2135728,2.6736,52.424,35.624
Truck-108,Route-108,(175.0 0.0 105.5),(625.0 0.0 100.0),405.7827,412.504,0.06353919,2.205961,37.856,69.24
