Truck_id,Route_id,Origin,Destination,Completion_Time_alone,Completion_Time,Congestion_ratio,TravelTime_by_Distance,PickupSta_AT,DropSta_AT,,,C_max_prev,C_max_now,C_max,Congestion_ratio_AVG_prev,Congestion_ratio_AVG_now,Congestion_ratio_AVG
Truck-3,Route-3,(425.0 0.0 105.5),(125.0 0.0 200.0),344.8487,344.392,-0.01018236,2.611294,6.912,32.376,,,419.648,385.672,419.648,0.06294782,0.05982304,0.06138543
Truck-2,Route-2,(675.0 0.0 105.5),(375.0 0.0 200.0),344.8487,345.376,0.01175829,2.669177,6.912,33.344
Truck-6,Route-6,(175.0 0.0 5.5),(375.0 0.0 200.0),352.0174,362.488,0.2012913,2.975619,6.912,50.528
Truck-7,Route-7,(675.0 0.0 205.5),(125.0 0.0 100.0),362.7704,365.328,0.0407451,2.419556,6.912,53.368
Truck-5,Route-5,(425.0 0.0 -5.5),(375.0 0.0 200.0),362.7704,365.872,0.0494117,2.439704,26.528,34.408
Truck-4,Route-4,(175.0 0.0 205.5),(625.0 0.0 0.0),369.9391,377.528,0.1085072,2.500904,6.912,65.544
Truck-1,Route-1,(675.0 0.0 -5.5),(125.0 0.0 50.0),391.4453,391.64,0.002129834,2.131163,35.848,50.824
Truck-8,Route-8,(675.0 0.0 155.5),(375.0 0.0 150.0),398.614,398.032,-0.00590119,2.085788,45.512,47.544
Truck-9,Route-9,(425.0 0.0 155.5),(625.0 0.0 200.0),395.0296,400.824,0.06097472,2.240533,22.552,73.264
Truck-0,Route-0,(175.0 0.0 105.5),(625.0 0.0 150.0),402.1983,419.648,0.1707436,2.441796,34.392,59.28
Truck-104,Route-104,(675.0 0.0 55.5),(375.0 0.0 200.0),348.433,347.12,-0.02711,2.48,7.12,35
Truck-105,Route-105,(675.0 0.0 205.5),(375.0 0.0 50.0),348.433,347.624,-0.01670392,2.506526,7.12,35.544
Truck-100,Route-100,(175.0 0.0 155.5),(125.0 0.0 100.0),366.3548,366.344,-0.0001623501,2.287724,30.608,30.76
Truck-107,Route-107,(175.0 0.0 -5.5),(375.0 0.0 200.0),362.7704,373.496,0.1708701,2.722074,17.088,51.392
Truck-102,Route-102,(425.0 0.0 -5.5),(625.0 0.0 150.0),366.3548,375.656,0.1401744,2.608828,42.536,28.112
Truck-101,Route-101,(675.0 0.0 155.5),(625.0 0.0 200.0),377.1078,378.2,0.0141641,2.234286,22.808,50.368
Truck-106,Route-106,(175.0 0.0 105.5),(125.0 0.0 0.0),377.1078,383.16,0.07848947,2.376,34.904,43.168
Truck-103,Route-103,(175.0 0.0 55.5),(125.0 0.0 50.0),377.1078,383.544,0.08346955,2.386972,38.592,36.88
Truck-108,Route-108,(425.0 0.0 105.5),(625.0 0.0 0.0),377.1078,384.304,0.0933256,2.408685,37.384,41.904
Truck-109,Route-109,(675.0 0.0 -5.5),(125.0 0.0 200.0),380.6922,385.672,0.06171349,2.315459,30.328,50.352
