Truck_id,Route_id,Origin,Destination,Completion_Time_alone,Completion_Time,Congestion_ratio,TravelTime_by_Distance,PickupSta_AT,DropSta_AT,,,C_max_prev,C_max_now,C_max,Congestion_ratio_AVG_prev,Congestion_ratio_AVG_now,Congestion_ratio_AVG
Truck-8,Route-8,(425.0 0.0 55.5),(375.0 0.0 200.0),348.433,350.04,0.03317974,2.633685,7.04,37.76,,,390.432,443.008,443.008,0.07480775,0.03321595,0.05401184
Truck-4,Route-4,(425.0 0.0 205.5),(125.0 0.0 50.0),348.433,350.584,0.04441188,2.662317,7.048,38.32
Truck-2,Route-2,(675.0 0.0 205.5),(125.0 0.0 100.0),362.7704,361.624,-0.01826375,2.28237,7.048,49.4
Truck-9,Route-9,(675.0 0.0 55.5),(125.0 0.0 200.0),366.3548,373.072,0.101232,2.519724,34.848,32.968
Truck-7,Route-7,(175.0 0.0 155.5),(625.0 0.0 200.0),377.1078,374.016,-0.04009784,2.114743,7.04,61.632
Truck-0,Route-0,(675.0 0.0 105.5),(125.0 0.0 200.0),362.7704,378.44,0.2496333,2.905185,7.048,66.224
Truck-5,Route-5,(675.0 0.0 -5.5),(625.0 0.0 150.0),366.3548,378.856,0.1883997,2.719172,38.848,31.88
Truck-3,Route-3,(675.0 0.0 155.5),(375.0 0.0 0.0),373.5235,380.744,0.09820701,2.446788,30.456,45.208
Truck-6,Route-6,(175.0 0.0 -5.5),(125.0 0.0 0.0),377.1078,385.008,0.1024558,2.4288,36.712,43.136
Truck-1,Route-1,(175.0 0.0 55.5),(375.0 0.0 100.0),391.4453,390.432,-0.01108034,2.10307,38.584,46.728
Truck-107,Route-107,(675.0 0.0 205.5),(375.0 0.0 150.0),341.2643,340.88,-0.009313323,2.725334,7.16,28.512
Truck-105,Route-105,(675.0 0.0 105.5),(375.0 0.0 200.0),344.8487,345.048,0.004444744,2.649883,7.16,32.72
Truck-106,Route-106,(425.0 0.0 105.5),(125.0 0.0 200.0),344.8487,345.432,0.01300693,2.672471,7.16,33.12
Truck-101,Route-101,(425.0 0.0 -5.5),(625.0 0.0 200.0),362.7704,362.304,-0.00743074,2.307555,16.656,40.488
Truck-108,Route-108,(175.0 0.0 105.5),(375.0 0.0 200.0),362.7704,365.56,0.04444102,2.428148,7.16,53.288
Truck-102,Route-102,(425.0 0.0 194.5),(125.0 0.0 150.0),369.9391,371.768,0.02614971,2.315097,16.928,49.648
Truck-100,Route-100,(425.0 0.0 155.5),(125.0 0.0 50.0),369.9391,373.968,0.05760538,2.386064,30.488,38.36
Truck-104,Route-104,(675.0 0.0 155.5),(375.0 0.0 50.0),369.9391,378.792,0.1265797,2.541677,31.176,42.472
Truck-109,Route-109,(175.0 0.0 55.5),(625.0 0.0 150.0),405.7827,410.088,0.04070004,2.158588,38.36,63.52
Truck-103,Route-103,(425.0 0.0 55.5),(625.0 0.0 50.0),438.0418,443.008,0.03597596,2.07258,56.672,81.016
