Truck_id,Route_id,Origin,Destination,Completion_Time_alone,Completion_Time,Congestion_ratio,TravelTime_by_Distance,PickupSta_AT,DropSta_AT,,,C_max_prev,C_max_now,C_max,Congestion_ratio_AVG_prev,Congestion_ratio_AVG_now,Congestion_ratio_AVG
Truck-5,Route-5,(675.0 0.0 105.5),(375.0 0.0 200.0),344.8487,345.464,0.01372005,2.674352,7.032,33.344,,,401.456,428.912,428.912,0.09456456,0.08733235,0.09094846
Truck-3,Route-3,(425.0 0.0 205.5),(125.0 0.0 100.0),344.8487,350.4,0.1237792,2.964705,7.032,38.24
Truck-7,Route-7,(175.0 0.0 55.5),(125.0 0.0 200.0),348.433,351.6,0.06538912,2.71579,7.032,39.464
Truck-4,Route-4,(675.0 0.0 5.5),(375.0 0.0 200.0),352.0174,357.664,0.1085529,2.745905,7.032,45.52
Truck-8,Route-8,(425.0 0.0 105.5),(375.0 0.0 200.0),344.8487,357.936,0.2918112,3.408,7.032,45.792
Truck-1,Route-1,(425.0 0.0 155.5),(625.0 0.0 200.0),359.1861,362.12,0.04957129,2.4848,7.032,50.024
Truck-0,Route-0,(175.0 0.0 155.5),(625.0 0.0 200.0),377.1078,378.024,0.01188125,2.229257,7.032,65.888
Truck-2,Route-2,(175.0 0.0 105.5),(125.0 0.0 0.0),377.1078,380.016,0.03771525,2.286171,33.856,40.952
Truck-9,Route-9,(175.0 0.0 -5.5),(375.0 0.0 0.0),377.1078,390.648,0.1756003,2.589943,35.544,43.944
Truck-6,Route-6,(675.0 0.0 194.5),(625.0 0.0 200.0),395.0296,401.456,0.06762516,2.254578,32.168,64.192
Truck-103,Route-103,(675.0 0.0 205.5),(625.0 0.0 150.0),341.2643,344.888,0.08781651,2.992533,7.072,32.744
Truck-108,Route-108,(425.0 0.0 55.5),(375.0 0.0 200.0),348.433,349.968,0.0316927,2.629894,7.072,37.848
Truck-100,Route-100,(175.0 0.0 105.5),(125.0 0.0 200.0),344.8487,351.104,0.1394766,3.006118,7.072,38.936
Truck-101,Route-101,(425.0 0.0 5.5),(375.0 0.0 200.0),352.0174,355.528,0.06748997,2.644191,7.072,43.344
Truck-106,Route-106,(425.0 0.0 205.5),(625.0 0.0 50.0),366.3548,371.36,0.07543118,2.460689,7.072,59.232
Truck-104,Route-104,(675.0 0.0 105.5),(375.0 0.0 100.0),369.9391,378.664,0.1247497,2.537549,38.024,35.584
Truck-107,Route-107,(425.0 0.0 155.5),(625.0 0.0 200.0),395.0296,391.144,-0.0408882,2.025423,27.888,58.232
Truck-105,Route-105,(675.0 0.0 55.5),(125.0 0.0 200.0),391.4453,400.472,0.09871189,2.336558,31.2,64.216
Truck-109,Route-109,(175.0 0.0 -5.5),(625.0 0.0 200.0),398.614,405.536,0.0701935,2.245447,27.744,72.784
Truck-102,Route-102,(425.0 0.0 105.5),(625.0 0.0 100.0),405.7827,428.912,0.2186496,2.527686,56.76,67.08
