Truck_id,Route_id,Origin,Destination,Completion_Time_alone,Completion_Time,Congestion_ratio,TravelTime_by_Distance,PickupSta_AT,DropSta_AT,,,C_max_prev,C_max_now,C_max,Congestion_ratio_AVG_prev,Congestion_ratio_AVG_now,Congestion_ratio_AVG
Truck-7,Route-7,(675.0 0.0 55.5),(625.0 0.0 200.0),348.433,348.592,0.003282814,2.557474,7.192,36.432,,,422.096,414.44,422.096,0.04571421,0.07799845,0.06185634
Truck-6,Route-6,(175.0 0.0 55.5),(125.0 0.0 200.0),348.433,350.456,0.04176861,2.655579,7.192,38.296
Truck-8,Route-8,(425.0 0.0 205.5),(125.0 0.0 0.0),352.0174,355.048,0.05826208,2.621334,7.192,42.976
Truck-5,Route-5,(675.0 0.0 5.5),(625.0 0.0 200.0),352.0174,357.376,0.1030164,2.732191,7.192,45.28
Truck-3,Route-3,(675.0 0.0 194.5),(625.0 0.0 200.0),355.6017,358.064,0.04428425,2.524522,24.608,28.528
Truck-2,Route-2,(425.0 0.0 55.5),(625.0 0.0 200.0),366.3548,364.48,-0.02825352,2.223449,7.192,52.384
Truck-0,Route-0,(425.0 0.0 155.5),(125.0 0.0 150.0),362.7704,368.112,0.08509715,2.522667,30.688,32.544
Truck-4,Route-4,(425.0 0.0 105.5),(375.0 0.0 200.0),380.6922,378.28,-0.02989385,2.115676,23.016,50.256
Truck-1,Route-1,(425.0 0.0 -5.5),(375.0 0.0 0.0),377.1078,384.712,0.09861715,2.420343,36.4,43.48
Truck-9,Route-9,(175.0 0.0 5.5),(625.0 0.0 100.0),412.9514,422.096,0.08096099,2.219927,43.616,67.416
Truck-105,Route-105,(425.0 0.0 155.5),(375.0 0.0 200.0),341.2643,343.76,0.06048076,2.917334,7.432,31.28
Truck-106,Route-106,(175.0 0.0 205.5),(125.0 0.0 150.0),341.2643,346.64,0.1302748,3.109334,7.432,34.304
Truck-101,Route-101,(425.0 0.0 105.5),(375.0 0.0 200.0),344.8487,347.76,0.0649149,2.809412,7.432,35.448
Truck-107,Route-107,(675.0 0.0 155.5),(125.0 0.0 200.0),359.1861,357.512,-0.02828491,2.30048,7.432,45.056
Truck-109,Route-109,(675.0 0.0 5.5),(625.0 0.0 200.0),352.0174,358.176,0.1183957,2.770285,7.432,45.752
Truck-104,Route-104,(425.0 0.0 5.5),(375.0 0.0 200.0),352.0174,361,0.1726853,2.904762,7.432,48.504
Truck-108,Route-108,(425.0 0.0 194.5),(375.0 0.0 50.0),359.1861,361.216,0.03429756,2.44864,16.992,39.232
Truck-102,Route-102,(425.0 0.0 55.5),(625.0 0.0 100.0),391.4453,397.544,0.06669296,2.268465,41.832,47.736
Truck-103,Route-103,(675.0 0.0 55.5),(125.0 0.0 50.0),395.0296,409.032,0.1473479,2.422934,41.136,62.976
Truck-100,Route-100,(175.0 0.0 55.5),(625.0 0.0 50.0),412.9514,414.44,0.01317955,2.080727,42.296,67.208
