Truck_id,Route_id,Origin,Destination,Completion_Time_alone,Completion_Time,Congestion_ratio,TravelTime_by_Distance,PickupSta_AT,DropSta_AT,,,C_max_prev,C_max_now,C_max,Congestion_ratio_AVG_prev,Congestion_ratio_AVG_now,Congestion_ratio_AVG
Truck-7,Route-7,(175.0 0.0 194.5),(375.0 0.0 50.0),359.1861,355.44,-0.063293,2.2176,16.8,33.528,,,412.288,410.496,412.288,0.04101032,0.08392321,0.06246676
Truck-0,Route-0,(675.0 0.0 155.5),(125.0 0.0 200.0),359.1861,355.752,-0.05802128,2.230081,7.096,43.416
Truck-3,Route-3,(425.0 0.0 105.5),(625.0 0.0 200.0),362.7704,360.968,-0.02871463,2.258074,7.096,48.648
Truck-8,Route-8,(425.0 0.0 55.5),(125.0 0.0 200.0),366.3548,366.968,0.00924154,2.309241,31.016,30.904
Truck-5,Route-5,(425.0 0.0 194.5),(125.0 0.0 150.0),369.9391,372.808,0.04101991,2.348646,16.8,50.888
Truck-9,Route-9,(425.0 0.0 155.5),(125.0 0.0 50.0),369.9391,375.112,0.07396264,2.422968,30.736,39.24
Truck-1,Route-1,(675.0 0.0 5.5),(125.0 0.0 200.0),369.9391,375.92,0.08551575,2.449033,7.096,63.608
Truck-6,Route-6,(675.0 0.0 55.5),(375.0 0.0 150.0),369.9391,376.864,0.09901321,2.479484,40.368,31.408
Truck-2,Route-2,(175.0 0.0 -5.5),(125.0 0.0 0.0),377.1078,396.944,0.257252,2.769829,46.728,45.216
Truck-4,Route-4,(175.0 0.0 55.5),(625.0 0.0 50.0),412.9514,412.288,-0.005872976,2.0416,39.008,68.152
Truck-100,Route-100,(175.0 0.0 205.5),(375.0 0.0 0.0),352.0174,354.168,0.04134455,2.579428,7.112,41.856
Truck-107,Route-107,(425.0 0.0 205.5),(375.0 0.0 50.0),348.433,359,0.2181773,3.105263,7.112,46.752
Truck-103,Route-103,(425.0 0.0 105.5),(625.0 0.0 200.0),362.7704,364.584,0.02889257,2.392,7.112,52.32
Truck-104,Route-104,(425.0 0.0 155.5),(125.0 0.0 150.0),362.7704,368.008,0.08344025,2.518815,30.312,32.584
Truck-106,Route-106,(675.0 0.0 -5.5),(625.0 0.0 200.0),362.7704,368.264,0.0875188,2.528296,30.304,32.848
Truck-105,Route-105,(675.0 0.0 55.5),(125.0 0.0 200.0),366.3548,369.792,0.05180073,2.406621,7.112,57.456
Truck-109,Route-109,(175.0 0.0 55.5),(375.0 0.0 200.0),366.3548,374.632,0.1247419,2.573517,7.112,62.28
Truck-101,Route-101,(175.0 0.0 5.5),(625.0 0.0 200.0),369.9391,377.568,0.1090788,2.502193,7.112,65.2
Truck-102,Route-102,(425.0 0.0 55.5),(375.0 0.0 200.0),384.2766,382.064,-0.02625351,2.104205,30.312,46.6
Truck-108,Route-108,(675.0 0.0 155.5),(125.0 0.0 200.0),398.614,410.496,0.1204906,2.350979,38.672,66.712
