Truck_id,Route_id,Origin,Destination,Completion_Time_alone,Completion_Time,Congestion_ratio,TravelTime_by_Distance,PickupSta_AT,DropSta_AT,,,C_max_prev,C_max_now,C_max,Congestion_ratio_AVG_prev,Congestion_ratio_AVG_now,Congestion_ratio_AVG
Truck-4,Route-4,(425.0 0.0 205.5),(375.0 0.0 100.0),344.8487,348.496,0.08132548,2.852706,7.344,35.632,,,418.888,405.568,418.888,0.1282992,0.04525907,0.08677913
Truck-7,Route-7,(425.0 0.0 55.5),(125.0 0.0 200.0),348.433,351.696,0.06737141,2.720843,7.344,38.832
Truck-2,Route-2,(675.0 0.0 205.5),(625.0 0.0 50.0),348.433,355.432,0.1445087,2.917474,7.344,42.568
Truck-0,Route-0,(675.0 0.0 -5.5),(375.0 0.0 200.0),362.7704,373.032,0.1634782,2.704889,35.344,32.168
Truck-6,Route-6,(175.0 0.0 155.5),(375.0 0.0 150.0),380.6922,383.96,0.040497,2.269189,30.016,48.168
Truck-3,Route-3,(175.0 0.0 -5.5),(375.0 0.0 200.0),380.6922,386.096,0.06696817,2.326919,26.544,54.032
Truck-9,Route-9,(675.0 0.0 105.5),(375.0 0.0 0.0),377.1078,387.696,0.1373163,2.5056,36.672,45.488
Truck-1,Route-1,(425.0 0.0 -5.5),(625.0 0.0 0.0),377.1078,399.432,0.2895186,2.840914,44.672,43.104
Truck-5,Route-5,(675.0 0.0 55.5),(125.0 0.0 150.0),387.8609,402.632,0.168119,2.503219,40.672,53.312
Truck-8,Route-8,(175.0 0.0 105.5),(625.0 0.0 100.0),405.7827,418.888,0.1238894,2.331137,35.08,78.288
Truck-106,Route-106,(425.0 0.0 205.5),(125.0 0.0 0.0),352.0174,352.184,0.003203276,2.484952,7.368,39.12
Truck-108,Route-108,(175.0 0.0 194.5),(125.0 0.0 100.0),355.6017,359.232,0.06529079,2.575304,16.968,36.448
Truck-109,Route-109,(175.0 0.0 -5.5),(625.0 0.0 200.0),362.7704,361.104,-0.02654774,2.263111,16.96,38.304
Truck-102,Route-102,(175.0 0.0 155.5),(625.0 0.0 200.0),377.1078,372.208,-0.0635453,2.063086,7.368,59.992
Truck-104,Route-104,(675.0 0.0 155.5),(375.0 0.0 150.0),362.7704,373.112,0.1647525,2.707852,30.056,37.616
Truck-101,Route-101,(425.0 0.0 -5.5),(125.0 0.0 200.0),362.7704,375.176,0.1976342,2.784296,27.088,42.568
Truck-105,Route-105,(675.0 0.0 105.5),(625.0 0.0 200.0),380.6922,376.496,-0.05200252,2.06746,22.824,48.184
Truck-103,Route-103,(675.0 0.0 5.5),(125.0 0.0 200.0),369.9391,380.24,0.1472834,2.588387,7.368,67.376
Truck-100,Route-100,(425.0 0.0 155.5),(625.0 0.0 100.0),384.2766,385.84,0.01855138,2.201025,31.096,49.224
Truck-107,Route-107,(175.0 0.0 55.5),(625.0 0.0 150.0),405.7827,405.568,-0.002029261,2.069961,38.56,61.496
