Truck_id,Route_id,Origin,Destination,Completion_Time_alone,Completion_Time,Congestion_ratio,TravelTime_by_Distance,PickupSta_AT,DropSta_AT,,,C_max_prev,C_max_now,C_max,Congestion_ratio_AVG_prev,Congestion_ratio_AVG_now,Congestion_ratio_AVG
Truck-3,Route-3,(425.0 0.0 105.5),(125.0 0.0 200.0),344.8487,344.256,-0.01321447,2.603295,7.112,31.936,,,415.344,404.8,415.344,0.06425355,0.05392477,0.05908917
Truck-2,Route-2,(675.0 0.0 105.5),(375.0 0.0 200.0),344.8487,345.504,0.01461213,2.676706,7.112,33.192
Truck-6,Route-6,(175.0 0.0 5.5),(375.0 0.0 200.0),352.0174,357.112,0.09794104,2.719619,7.112,44.808
Truck-7,Route-7,(675.0 0.0 205.5),(125.0 0.0 100.0),362.7704,366.68,0.06228374,2.469629,7.112,54.336
Truck-1,Route-1,(675.0 0.0 5.5),(375.0 0.0 200.0),369.9391,370.096,0.002243249,2.261162,30.592,34.24
Truck-0,Route-0,(175.0 0.0 105.5),(375.0 0.0 150.0),384.2766,388.864,0.05443345,2.278564,35.248,42.488
Truck-8,Route-8,(675.0 0.0 155.5),(125.0 0.0 50.0),387.8609,389.416,0.01769939,2.180878,30.328,53.872
Truck-4,Route-4,(175.0 0.0 205.5),(625.0 0.0 150.0),377.1078,394.64,0.227372,2.704,7.112,82.304
Truck-9,Route-9,(425.0 0.0 155.5),(625.0 0.0 200.0),395.0296,399.832,0.05053582,2.218489,22.864,71.712
Truck-5,Route-5,(425.0 0.0 5.5),(625.0 0.0 0.0),402.1983,415.344,0.1286293,2.353959,41.64,62.6
Truck-105,Route-105,(675.0 0.0 205.5),(375.0 0.0 50.0),348.433,347.872,-0.0115831,2.519579,7.224,35.464
Truck-104,Route-104,(675.0 0.0 55.5),(375.0 0.0 200.0),348.433,349.032,0.01236758,2.580632,7.224,36.688
Truck-107,Route-107,(175.0 0.0 -5.5),(375.0 0.0 200.0),362.7704,367.824,0.08050909,2.512,16.632,46.152
Truck-100,Route-100,(175.0 0.0 155.5),(125.0 0.0 100.0),366.3548,369.856,0.05276517,2.408827,30.688,34.064
Truck-101,Route-101,(675.0 0.0 155.5),(625.0 0.0 200.0),377.1078,372.896,-0.05462288,2.082743,22.952,44.776
Truck-109,Route-109,(675.0 0.0 -5.5),(625.0 0.0 150.0),366.3548,373.96,0.1146146,2.550344,36.432,32.264
Truck-106,Route-106,(175.0 0.0 105.5),(125.0 0.0 0.0),377.1078,381.368,0.0552494,2.3248,35.048,41.056
Truck-103,Route-103,(175.0 0.0 55.5),(125.0 0.0 50.0),377.1078,385.736,0.1118971,2.4496,38.976,38.576
Truck-108,Route-108,(425.0 0.0 105.5),(625.0 0.0 0.0),377.1078,386,0.115321,2.457143,36.848,43.928
Truck-102,Route-102,(425.0 0.0 -5.5),(125.0 0.0 200.0),398.614,404.8,0.06272981,2.229787,45.528,54.08
