Truck_id,Route_id,Origin,Destination,Completion_Time_alone,Completion_Time,Congestion_ratio,TravelTime_by_Distance,PickupSta_AT,DropSta_AT,,,C_max_prev,C_max_now,C_max,Congestion_ratio_AVG_prev,Congestion_ratio_AVG_now,Congestion_ratio_AVG
Truck-9,Route-9,(175.0 0.0 155.5),(125.0 0.0 200.0),341.2643,343.128,0.0451644,2.875199,6.784,31.28,,,398.112,411.68,411.68,0.0453524,0.004450905,0.02490165
Truck-6,Route-6,(425.0 0.0 5.5),(375.0 0.0 200.0),352.0174,351.12,-0.01725134,2.434285,6.928,39.216
Truck-2,Route-2,(425.0 0.0 205.5),(625.0 0.0 0.0),352.0174,356.12,0.07887041,2.672381,6.792,44.304
Truck-4,Route-4,(675.0 0.0 155.5),(625.0 0.0 150.0),362.7704,363.72,0.01512791,2.36,29.688,29.056
Truck-7,Route-7,(175.0 0.0 205.5),(375.0 0.0 50.0),366.3548,365.984,-0.005587512,2.275311,6.792,54.168
Truck-0,Route-0,(175.0 0.0 -5.5),(375.0 0.0 100.0),369.9391,373.048,0.04445133,2.356387,35.976,32.08
Truck-8,Route-8,(425.0 0.0 155.5),(125.0 0.0 0.0),373.5235,375.456,0.02628447,2.286545,32.24,38.208
Truck-3,Route-3,(675.0 0.0 105.5),(625.0 0.0 100.0),369.9391,377.048,0.1016439,2.48542,33.312,38.728
Truck-5,Route-5,(675.0 0.0 55.5),(125.0 0.0 100.0),391.4453,395.848,0.04814619,2.229023,37.832,53.056
Truck-1,Route-1,(175.0 0.0 55.5),(375.0 0.0 150.0),387.8609,398.112,0.1166742,2.392976,37.568,49.584
Truck-104,Route-104,(425.0 0.0 155.5),(375.0 0.0 200.0),341.2643,339.536,-0.0418837,2.635734,7.136,27.216
Truck-102,Route-102,(175.0 0.0 155.5),(125.0 0.0 200.0),341.2643,339.808,-0.03529197,2.653867,7.136,27.488
Truck-103,Route-103,(675.0 0.0 155.5),(375.0 0.0 200.0),341.2643,339.936,-0.03219024,2.6624,7.136,27.624
Truck-109,Route-109,(425.0 0.0 105.5),(125.0 0.0 200.0),344.8487,343.08,-0.03943656,2.534117,7.136,30.848
Truck-105,Route-105,(425.0 0.0 55.5),(125.0 0.0 200.0),348.433,348.536,0.002126583,2.554527,7.136,36.232
Truck-101,Route-101,(175.0 0.0 105.5),(375.0 0.0 200.0),362.7704,359.296,-0.05535134,2.196148,7.136,47.048
Truck-100,Route-100,(675.0 0.0 205.5),(125.0 0.0 50.0),366.3548,371.208,0.0731408,2.455449,7.136,58.888
Truck-108,Route-108,(425.0 0.0 -5.5),(375.0 0.0 0.0),377.1078,384.248,0.09259935,2.407085,37.608,41.608
Truck-107,Route-107,(175.0 0.0 -5.5),(625.0 0.0 200.0),398.614,404.496,0.05964724,2.223319,58.824,40.632
Truck-106,Route-106,(175.0 0.0 55.5),(625.0 0.0 100.0),409.367,411.68,0.02114887,2.10717,37.608,62.992
