Truck_id,Route_id,Origin,Destination,Completion_Time_alone,Completion_Time,Congestion_ratio,TravelTime_by_Distance,PickupSta_AT,DropSta_AT,,,C_max_prev,C_max_now,C_max,Congestion_ratio_AVG_prev,Congestion_ratio_AVG_now,Congestion_ratio_AVG
Truck-8,Route-8,(675.0 0.0 155.5),(375.0 0.0 200.0),341.2643,339.92,-0.03257777,2.661334,6.88,27.672,,,409.208,400.256,409.208,0.04702701,0.03840347,0.04271524
Truck-9,Route-9,(175.0 0.0 55.5),(125.0 0.0 200.0),348.433,348.752,0.006586421,2.565896,6.88,36.52
Truck-0,Route-0,(425.0 0.0 205.5),(125.0 0.0 0.0),352.0174,350.928,-0.02094215,2.425143,6.888,38.672
Truck-4,Route-4,(675.0 0.0 55.5),(125.0 0.0 200.0),366.3548,370.6,0.06397791,2.434483,6.88,58.536
Truck-1,Route-1,(175.0 0.0 155.5),(625.0 0.0 200.0),377.1078,375.968,-0.0147827,2.170514,6.888,63.848
Truck-7,Route-7,(175.0 0.0 -5.5),(625.0 0.0 200.0),380.6922,378.096,-0.03217401,2.110703,16.216,56.664
Truck-2,Route-2,(675.0 0.0 5.5),(375.0 0.0 200.0),369.9391,384.2,0.2039044,2.71613,30.064,48.992
Truck-3,Route-3,(175.0 0.0 105.5),(625.0 0.0 200.0),380.6922,391.656,0.1358719,2.477189,6.88,79.528
Truck-5,Route-5,(675.0 0.0 205.5),(625.0 0.0 200.0),387.8609,395.928,0.09181681,2.339708,34.864,55.936
Truck-6,Route-6,(425.0 0.0 155.5),(625.0 0.0 100.0),402.1983,409.208,0.06858925,2.228735,30.064,74.032
Truck-102,Route-102,(425.0 0.0 105.5),(125.0 0.0 200.0),344.8487,344.888,0.0008771088,2.640471,7.144,32.576
Truck-107,Route-107,(675.0 0.0 105.5),(375.0 0.0 200.0),344.8487,348.032,0.07097981,2.825413,7.144,35.664
Truck-103,Route-103,(425.0 0.0 155.5),(625.0 0.0 200.0),359.1861,355.568,-0.06113048,2.22272,7.144,43.256
Truck-104,Route-104,(425.0 0.0 5.5),(375.0 0.0 200.0),352.0174,360.976,0.1722242,2.90362,7.144,48.624
Truck-106,Route-106,(675.0 0.0 5.5),(125.0 0.0 200.0),369.9391,372.488,0.0364444,2.338323,7.144,60.12
Truck-108,Route-108,(175.0 0.0 194.5),(625.0 0.0 50.0),377.1078,373.752,-0.04352131,2.1072,16.576,52.088
Truck-100,Route-100,(175.0 0.0 105.5),(625.0 0.0 200.0),380.6922,375.4,-0.0655851,2.037838,7.144,63.056
Truck-109,Route-109,(675.0 0.0 55.5),(625.0 0.0 150.0),369.9391,379.248,0.1330996,2.556387,45.792,28.288
Truck-105,Route-105,(175.0 0.0 55.5),(125.0 0.0 200.0),373.5235,382.64,0.1239951,2.504243,33.712,43.672
Truck-101,Route-101,(175.0 0.0 -5.5),(625.0 0.0 200.0),398.614,400.256,0.01665139,2.133107,32.888,62.16
