Truck_id,Route_id,Origin,Destination,Completion_Time_alone,Completion_Time,Congestion_ratio,TravelTime_by_Distance,PickupSta_AT,DropSta_AT,,,C_max_prev,C_max_now,C_max,Congestion_ratio_AVG_prev,Congestion_ratio_AVG_now,Congestion_ratio_AVG
Truck-7,Route-7,(425.0 0.0 155.5),(375.0 0.0 200.0),341.2643,340.096,-0.02831271,2.673067,7.216,27.536,,,395.408,413.744,413.744,0.05569353,0.127662,0.09167778
Truck-0,Route-0,(675.0 0.0 105.5),(375.0 0.0 200.0),344.8487,348.32,0.07740128,2.842353,7.224,35.808
Truck-4,Route-4,(675.0 0.0 155.5),(125.0 0.0 200.0),359.1861,359.056,-0.002197577,2.36224,7.216,46.44
Truck-3,Route-3,(175.0 0.0 155.5),(375.0 0.0 200.0),359.1861,368.264,0.1533797,2.73056,7.216,55.648
Truck-5,Route-5,(675.0 0.0 205.5),(375.0 0.0 50.0),366.3548,369.304,0.04444622,2.389793,7.216,56.696
Truck-1,Route-1,(675.0 0.0 5.5),(625.0 0.0 200.0),369.9391,371.784,0.02637836,2.315613,22.744,43.736
Truck-6,Route-6,(425.0 0.0 105.5),(625.0 0.0 200.0),362.7704,382.08,0.3076221,3.039999,7.216,69.488
Truck-9,Route-9,(425.0 0.0 55.5),(375.0 0.0 200.0),384.2766,382.464,-0.0215073,2.114461,22.736,54.416
Truck-8,Route-8,(675.0 0.0 55.5),(125.0 0.0 200.0),391.4453,391.056,-0.004256664,2.117581,45.944,39.888
Truck-2,Route-2,(175.0 0.0 105.5),(625.0 0.0 0.0),395.0296,395.408,0.003981785,2.120178,34.24,55.776
Truck-100,Route-100,(425.0 0.0 105.5),(375.0 0.0 200.0),344.8487,346.048,0.02674195,2.708706,7.096,33.808
Truck-109,Route-109,(425.0 0.0 -5.5),(375.0 0.0 200.0),362.7704,372.448,0.1541743,2.683259,16.664,50.6
Truck-103,Route-103,(175.0 0.0 105.5),(125.0 0.0 50.0),373.5235,377.4,0.05272501,2.345454,36.112,35.52
Truck-101,Route-101,(425.0 0.0 155.5),(375.0 0.0 50.0),369.9391,378.856,0.1274948,2.543741,32.656,40.816
Truck-104,Route-104,(175.0 0.0 194.5),(625.0 0.0 50.0),377.1078,380.096,0.03875298,2.288457,16.664,58.168
Truck-108,Route-108,(175.0 0.0 55.5),(125.0 0.0 100.0),373.5235,380.344,0.09276666,2.434666,42.368,32.616
Truck-107,Route-107,(675.0 0.0 -5.5),(125.0 0.0 200.0),380.6922,391.016,0.1279404,2.459892,30.928,54.832
Truck-105,Route-105,(675.0 0.0 55.5),(375.0 0.0 0.0),380.6922,395.136,0.1789985,2.571243,41.176,48.584
Truck-102,Route-102,(675.0 0.0 155.5),(125.0 0.0 0.0),391.4453,408.128,0.1824342,2.514604,32.128,70.664
Truck-106,Route-106,(425.0 0.0 55.5),(625.0 0.0 150.0),387.8609,413.744,0.2945916,2.774244,75.704,32.72
