Truck_id,Route_id,Origin,Destination,Completion_Time_alone,Completion_Time,Congestion_ratio,TravelTime_by_Distance,PickupSta_AT,DropSta_AT,,,C_max_prev,C_max_now,C_max,Congestion_ratio_AVG_prev,Congestion_ratio_AVG_now,Congestion_ratio_AVG
Truck-6,Route-6,(675.0 0.0 105.5),(375.0 0.0 200.0),344.8487,348.648,0.08471483,2.861648,7.288,35.864,,,392.384,443.168,443.168,0.1387397,0.1194839,0.1291118
Truck-4,Route-4,(425.0 0.0 5.5),(625.0 0.0 200.0),352.0174,361.456,0.1814515,2.926476,7.288,48.688
Truck-7,Route-7,(675.0 0.0 55.5),(125.0 0.0 200.0),366.3548,368.648,0.03456034,2.367173,7.288,55.864
Truck-8,Route-8,(675.0 0.0 205.5),(125.0 0.0 50.0),366.3548,372.384,0.09086365,2.496,7.288,59.6
Truck-3,Route-3,(175.0 0.0 194.5),(125.0 0.0 0.0),362.7704,372.92,0.161694,2.700741,16.568,50.84
Truck-1,Route-1,(675.0 0.0 -5.5),(625.0 0.0 150.0),366.3548,376.12,0.1471669,2.624827,36.824,33.776
Truck-5,Route-5,(175.0 0.0 155.5),(125.0 0.0 100.0),366.3548,376.92,0.1592236,2.652414,30.952,40.432
Truck-9,Route-9,(675.0 0.0 155.5),(125.0 0.0 200.0),366.3548,377.984,0.1752586,2.689104,29.896,42.568
Truck-0,Route-0,(175.0 0.0 105.5),(125.0 0.0 150.0),366.3548,380.128,0.2075695,2.763034,36.824,34.832
Truck-2,Route-2,(425.0 0.0 55.5),(625.0 0.0 0.0),380.6922,392.384,0.1448938,2.496865,40.832,39.456
Truck-107,Route-107,(675.0 0.0 155.5),(125.0 0.0 200.0),359.1861,357.048,-0.03612441,2.28192,22.824,28.152
Truck-106,Route-106,(675.0 0.0 105.5),(125.0 0.0 200.0),362.7704,366.096,0.05298024,2.448,7.368,52.976
Truck-105,Route-105,(175.0 0.0 -5.5),(625.0 0.0 200.0),362.7704,370.104,0.1168319,2.596445,16.968,47.096
Truck-109,Route-109,(175.0 0.0 194.5),(625.0 0.0 50.0),377.1078,374.088,-0.0391638,2.1168,16.968,51.096
Truck-101,Route-101,(175.0 0.0 155.5),(125.0 0.0 0.0),373.5235,379.704,0.08406217,2.415273,30.568,43.088
Truck-103,Route-103,(425.0 0.0 -5.5),(375.0 0.0 200.0),362.7704,379.968,0.2739757,2.961777,16.968,56.96
Truck-102,Route-102,(425.0 0.0 194.5),(125.0 0.0 50.0),377.1078,381.84,0.0613705,2.338286,16.968,58.824
Truck-100,Route-100,(425.0 0.0 105.5),(625.0 0.0 150.0),384.2766,398.632,0.1703373,2.529025,38.048,55.096
Truck-104,Route-104,(175.0 0.0 105.5),(125.0 0.0 100.0),387.8609,418.896,0.3532299,2.899902,71.096,36.168
Truck-108,Route-108,(175.0 0.0 55.5),(125.0 0.0 150.0),423.7044,443.168,0.1573395,2.347016,91.616,45.76
