Truck_id,Route_id,Origin,Destination,Completion_Time_alone,Completion_Time,Congestion_ratio,TravelTime_by_Distance,PickupSta_AT,DropSta_AT,,,C_max_prev,C_max_now,C_max,Congestion_ratio_AVG_prev,Congestion_ratio_AVG_now,Congestion_ratio_AVG
Truck-2,Route-2,(425.0 0.0 5.5),(375.0 0.0 200.0),352.0174,351.688,-0.006332044,2.461333,7.144,39.328,,,404.44,414.632,414.632,0.05479341,0.03728661,0.04604001
Truck-1,Route-1,(675.0 0.0 205.5),(625.0 0.0 50.0),348.433,353.304,0.1005713,2.805473,7.144,40.928
Truck-7,Route-7,(425.0 0.0 194.5),(625.0 0.0 0.0),362.7704,362.848,0.001235864,2.327703,16.592,41.096
Truck-5,Route-5,(175.0 0.0 205.5),(375.0 0.0 150.0),359.1861,363.392,0.07106289,2.53568,7.144,51.016
Truck-8,Route-8,(425.0 0.0 105.5),(125.0 0.0 150.0),366.3548,371.344,0.07519019,2.460138,34.128,32.064
Truck-0,Route-0,(425.0 0.0 155.5),(625.0 0.0 150.0),380.6922,381.592,0.01115115,2.205189,30.544,45.952
Truck-9,Route-9,(175.0 0.0 155.5),(375.0 0.0 100.0),384.2766,384.296,0.0002306656,2.161436,30.544,48.616
Truck-3,Route-3,(175.0 0.0 105.5),(375.0 0.0 50.0),391.4453,394.872,0.03747333,2.206326,35.32,54.416
Truck-6,Route-6,(675.0 0.0 155.5),(125.0 0.0 0.0),391.4453,401.984,0.1152466,2.371721,30.544,66.32
Truck-4,Route-4,(675.0 0.0 55.5),(625.0 0.0 200.0),391.4453,404.44,0.1421042,2.428837,60.384,38.808
Truck-101,Route-101,(425.0 0.0 205.5),(125.0 0.0 150.0),341.2643,340.92,-0.008343755,2.728001,7.144,28.712
Truck-103,Route-103,(675.0 0.0 205.5),(625.0 0.0 0.0),352.0174,354.984,0.05703181,2.618286,7.144,42.824
Truck-108,Route-108,(675.0 0.0 155.5),(125.0 0.0 200.0),359.1861,355.704,-0.05883235,2.22816,7.144,43.496
Truck-100,Route-100,(175.0 0.0 194.5),(375.0 0.0 50.0),359.1861,359.016,-0.002873556,2.36064,16.656,37.112
Truck-105,Route-105,(425.0 0.0 105.5),(625.0 0.0 200.0),362.7704,361.288,-0.02361657,2.269926,7.144,49.056
Truck-106,Route-106,(675.0 0.0 55.5),(125.0 0.0 200.0),366.3548,371.6,0.07904842,2.468966,35.344,31.096
Truck-104,Route-104,(175.0 0.0 55.5),(375.0 0.0 200.0),366.3548,376.744,0.1565708,2.646344,7.144,64.536
Truck-107,Route-107,(175.0 0.0 5.5),(625.0 0.0 200.0),369.9391,377.496,0.1080495,2.499871,7.144,65.32
Truck-109,Route-109,(675.0 0.0 105.5),(375.0 0.0 0.0),377.1078,378.472,0.01769127,2.242057,34.936,38.344
Truck-102,Route-102,(175.0 0.0 105.5),(625.0 0.0 50.0),409.367,414.632,0.04814052,2.162868,35.072,74.344
