Truck_id,Route_id,Origin,Destination,Completion_Time_alone,Completion_Time,Congestion_ratio,TravelTime_by_Distance,PickupSta_AT,DropSta_AT,,,C_max_prev,C_max_now,C_max,Congestion_ratio_AVG_prev,Congestion_ratio_AVG_now,Congestion_ratio_AVG
Truck-7,Route-7,(425.0 0.0 155.5),(125.0 0.0 150.0),362.7704,365.056,0.0364118,2.409482,29.8,30.376,,,432.664,383.944,432.664,0.06542923,0.05428228,0.05985575
Truck-5,Route-5,(675.0 0.0 -5.5),(375.0 0.0 200.0),362.7704,365.88,0.04953908,2.44,33.36,27.624
Truck-9,Route-9,(175.0 0.0 194.5),(375.0 0.0 0.0),362.7704,366.088,0.05285287,2.447704,16.608,44.592
Truck-1,Route-1,(675.0 0.0 55.5),(125.0 0.0 200.0),366.3548,375.68,0.1405359,2.609655,7.248,63.584
Truck-6,Route-6,(425.0 0.0 194.5),(125.0 0.0 50.0),377.1078,384.544,0.09643839,2.415543,16.608,62.952
Truck-4,Route-4,(675.0 0.0 105.5),(125.0 0.0 100.0),387.8609,400.528,0.1441724,2.451903,36.464,59.208
Truck-3,Route-3,(425.0 0.0 105.5),(375.0 0.0 100.0),405.7827,402.904,-0.02721299,2.017725,50.176,47.792
Truck-2,Route-2,(175.0 0.0 -5.5),(125.0 0.0 200.0),398.614,405.328,0.06808418,2.241021,31.88,68.624
Truck-0,Route-0,(175.0 0.0 55.5),(375.0 0.0 50.0),420.1201,429.704,0.07978646,2.198373,37.496,87.312
Truck-8,Route-8,(175.0 0.0 105.5),(125.0 0.0 0.0),430.8731,432.664,0.0136842,2.040985,66.064,61.68
Truck-107,Route-107,(675.0 0.0 105.5),(375.0 0.0 200.0),344.8487,344.456,-0.008755438,2.615058,7.328,32.264
Truck-103,Route-103,(675.0 0.0 205.5),(625.0 0.0 150.0),341.2643,345.256,0.0967349,3.017067,7.328,33.144
Truck-101,Route-101,(175.0 0.0 55.5),(125.0 0.0 200.0),348.433,348.424,-0.0001858791,2.548632,7.328,36.2
Truck-106,Route-106,(175.0 0.0 194.5),(125.0 0.0 100.0),355.6017,359.8,0.07550617,2.599999,16.824,38.168
Truck-100,Route-100,(175.0 0.0 155.5),(375.0 0.0 200.0),359.1861,360.2,0.01713151,2.408,7.328,48.112
Truck-108,Route-108,(675.0 0.0 155.5),(625.0 0.0 200.0),377.1078,371.08,-0.07817443,2.030857,22.904,43.304
Truck-104,Route-104,(675.0 0.0 55.5),(375.0 0.0 200.0),366.3548,376.488,0.1527131,2.637517,26.368,45.128
Truck-109,Route-109,(675.0 0.0 5.5),(125.0 0.0 200.0),369.9391,381.392,0.163755,2.625548,37.712,38.672
Truck-102,Route-102,(425.0 0.0 194.5),(375.0 0.0 0.0),380.6922,383.552,0.03544088,2.258162,16.824,61.776
Truck-105,Route-105,(175.0 0.0 105.5),(125.0 0.0 200.0),377.1078,383.944,0.08865701,2.3984,34.312,44.784
