Truck_id,Route_id,Origin,Destination,Completion_Time_alone,Completion_Time,Congestion_ratio,TravelTime_by_Distance,PickupSta_AT,DropSta_AT,,,C_max_prev,C_max_now,C_max,Congestion_ratio_AVG_prev,Congestion_ratio_AVG_now,Congestion_ratio_AVG
Truck-4,Route-4,(175.0 0.0 155.5),(125.0 0.0 200.0),341.2643,339.776,-0.03606777,2.651733,7.272,27.624,,,401.24,383.816,401.24,0.05074359,0.07762822,0.06418589
Truck-5,Route-5,(675.0 0.0 205.5),(625.0 0.0 50.0),348.433,355.256,0.1408749,2.908211,7.272,43.208
Truck-1,Route-1,(425.0 0.0 194.5),(625.0 0.0 100.0),355.6017,355.472,-0.002333205,2.411825,16.528,34.096
Truck-7,Route-7,(175.0 0.0 5.5),(375.0 0.0 200.0),352.0174,357.4,0.1034776,2.733333,7.272,45.344
Truck-9,Route-9,(175.0 0.0 205.5),(375.0 0.0 100.0),362.7704,364.488,0.02736305,2.388445,7.272,52.408
Truck-6,Route-6,(675.0 0.0 55.5),(625.0 0.0 200.0),373.5235,376.72,0.04347637,2.324848,31.168,40.488
Truck-2,Route-2,(425.0 0.0 105.5),(375.0 0.0 50.0),373.5235,378.632,0.06948149,2.382787,36.368,37.392
Truck-3,Route-3,(675.0 0.0 155.5),(375.0 0.0 0.0),373.5235,379.048,0.07513977,2.395394,30.544,43.608
Truck-8,Route-8,(425.0 0.0 55.5),(125.0 0.0 50.0),377.1078,384.464,0.09540067,2.413257,39.936,39.584
Truck-0,Route-0,(175.0 0.0 105.5),(625.0 0.0 150.0),402.1983,401.24,-0.009376995,2.066122,34.92,61.384
Truck-107,Route-107,(675.0 0.0 155.5),(625.0 0.0 200.0),341.2643,341.144,-0.002915359,2.742934,7.376,28.992
Truck-109,Route-109,(675.0 0.0 105.5),(375.0 0.0 200.0),344.8487,350.88,0.1344821,2.992941,7.376,38.672
Truck-108,Route-108,(175.0 0.0 205.5),(125.0 0.0 50.0),348.433,351.832,0.07017913,2.728,7.376,39.536
Truck-101,Route-101,(675.0 0.0 55.5),(375.0 0.0 200.0),348.433,356.032,0.1568971,2.949053,7.376,43.736
Truck-104,Route-104,(425.0 0.0 155.5),(375.0 0.0 150.0),362.7704,367.408,0.07388151,2.496592,29.416,33.008
Truck-100,Route-100,(675.0 0.0 205.5),(125.0 0.0 0.0),369.9391,376.256,0.09031991,2.459871,7.376,63.968
Truck-106,Route-106,(175.0 0.0 55.5),(375.0 0.0 0.0),380.6922,380.816,0.001534347,2.184216,38.576,37.32
Truck-103,Route-103,(175.0 0.0 5.5),(125.0 0.0 150.0),373.5235,383,0.1288913,2.515152,47.576,30.552
Truck-102,Route-102,(675.0 0.0 -5.5),(625.0 0.0 0.0),377.1078,383.608,0.08429949,2.3888,36.648,42.144
Truck-105,Route-105,(425.0 0.0 -5.5),(625.0 0.0 200.0),380.6922,383.816,0.03871266,2.265298,30.696,48.16
