Truck_id,Route_id,Origin,Destination,Completion_Time_alone,Completion_Time,Congestion_ratio,TravelTime_by_Distance,PickupSta_AT,DropSta_AT,,,C_max_prev,C_max_now,C_max,Congestion_ratio_AVG_prev,Congestion_ratio_AVG_now,Congestion_ratio_AVG
Truck-1,Route-1,(425.0 0.0 105.5),(125.0 0.0 200.0),344.8487,349.72,0.1086172,2.924706,7.28,36.848,,,401.176,389.312,401.176,0.06546603,0.08617881,0.07582242
Truck-3,Route-3,(175.0 0.0 194.5),(375.0 0.0 150.0),352.0174,350.248,-0.03401515,2.392761,16.568,28.168
Truck-0,Route-0,(675.0 0.0 55.5),(375.0 0.0 200.0),348.433,351.856,0.07067439,2.729263,7.28,38.976
Truck-2,Route-2,(175.0 0.0 5.5),(625.0 0.0 200.0),369.9391,378.52,0.1226906,2.532903,7.28,65.648
Truck-7,Route-7,(675.0 0.0 155.5),(375.0 0.0 0.0),373.5235,378.792,0.07165772,2.387636,31.224,42.032
Truck-6,Route-6,(175.0 0.0 55.5),(125.0 0.0 50.0),377.1078,380.912,0.04933529,2.311771,39.76,35.632
Truck-5,Route-5,(425.0 0.0 155.5),(625.0 0.0 100.0),384.2766,385.976,0.02016531,2.204513,30.976,49.496
Truck-9,Route-9,(425.0 0.0 -5.5),(125.0 0.0 200.0),380.6922,388.384,0.09532276,2.388757,16.568,66.296
Truck-4,Route-4,(675.0 0.0 105.5),(125.0 0.0 100.0),387.8609,398.776,0.1242316,2.409171,34.976,55.12
Truck-8,Route-8,(175.0 0.0 155.5),(625.0 0.0 150.0),398.614,401.176,0.02598052,2.152681,30.976,64.688
Truck-108,Route-108,(175.0 0.0 155.5),(125.0 0.0 200.0),341.2643,341.312,0.001155938,2.754134,7.616,28.32
Truck-109,Route-109,(675.0 0.0 105.5),(375.0 0.0 200.0),344.8487,344.512,-0.007506799,2.618353,7.616,31.512
Truck-100,Route-100,(675.0 0.0 205.5),(375.0 0.0 100.0),344.8487,350.112,0.1173577,2.947765,7.616,37.112
Truck-106,Route-106,(675.0 0.0 55.5),(375.0 0.0 200.0),348.433,355.448,0.1448389,2.918316,7.616,42.448
Truck-104,Route-104,(675.0 0.0 5.5),(625.0 0.0 200.0),352.0174,357.312,0.1017862,2.729143,7.616,44.312
Truck-105,Route-105,(425.0 0.0 205.5),(375.0 0.0 50.0),348.433,360.248,0.2439446,3.170947,7.616,47.256
Truck-103,Route-103,(175.0 0.0 205.5),(375.0 0.0 150.0),359.1861,363.976,0.08093032,2.559041,7.616,50.976
Truck-107,Route-107,(425.0 0.0 105.5),(125.0 0.0 200.0),362.7704,366.648,0.06177423,2.468445,27.648,33.496
Truck-101,Route-101,(425.0 0.0 55.5),(125.0 0.0 200.0),366.3548,373.056,0.100991,2.519172,22.832,44.696
Truck-102,Route-102,(425.0 0.0 5.5),(625.0 0.0 200.0),387.8609,389.312,0.016516,2.178342,22.832,60.968
