Truck_id,Route_id,Origin,Destination,Completion_Time_alone,Completion_Time,Congestion_ratio,TravelTime_by_Distance,PickupSta_AT,DropSta_AT,,,C_max_prev,C_max_now,C_max,Congestion_ratio_AVG_prev,Congestion_ratio_AVG_now,Congestion_ratio_AVG
Truck-0,Route-0,(675.0 0.0 155.5),(625.0 0.0 200.0),341.2643,341.136,-0.003109864,2.742399,7.176,28.592,,,403.864,408.48,408.48,0.0728157,0.04493956,0.05887762
Truck-1,Route-1,(425.0 0.0 205.5),(375.0 0.0 100.0),344.8487,350.832,0.1334117,2.990118,7.176,38.352
Truck-8,Route-8,(675.0 0.0 55.5),(375.0 0.0 200.0),348.433,355.496,0.14583,2.920842,7.176,43.008
Truck-7,Route-7,(675.0 0.0 205.5),(125.0 0.0 0.0),369.9391,373.872,0.05623308,2.382968,7.176,61.32
Truck-2,Route-2,(425.0 0.0 105.5),(375.0 0.0 150.0),366.3548,376.896,0.1588617,2.651586,36.408,29.048
Truck-3,Route-3,(175.0 0.0 105.5),(125.0 0.0 100.0),369.9391,376.896,0.0994705,2.480516,35.528,32.872
Truck-4,Route-4,(175.0 0.0 -5.5),(375.0 0.0 200.0),380.6922,381.08,0.004805754,2.191351,32.008,43.624
Truck-9,Route-9,(425.0 0.0 -5.5),(125.0 0.0 200.0),380.6922,382.224,0.01898324,2.22227,26.52,50.208
Truck-6,Route-6,(675.0 0.0 105.5),(375.0 0.0 0.0),377.1078,384.616,0.09737203,2.4176,36.408,42.72
Truck-5,Route-5,(175.0 0.0 155.5),(625.0 0.0 100.0),402.1983,403.864,0.01629881,2.119674,29.952,68.432
Truck-102,Route-102,(675.0 0.0 205.5),(125.0 0.0 150.0),359.1861,354.776,-0.07451188,2.19104,7.112,42.296
Truck-105,Route-105,(425.0 0.0 105.5),(125.0 0.0 200.0),362.7704,360.128,-0.04209667,2.226963,22.984,31.712
Truck-101,Route-101,(675.0 0.0 -5.5),(375.0 0.0 150.0),366.3548,368.096,0.02624139,2.348138,36.072,26.688
Truck-107,Route-107,(675.0 0.0 105.5),(375.0 0.0 200.0),369.9391,370.712,0.01105087,2.281032,30.448,34.872
Truck-100,Route-100,(175.0 0.0 5.5),(625.0 0.0 200.0),369.9391,370.96,0.01459661,2.289032,7.112,58.48
Truck-103,Route-103,(425.0 0.0 155.5),(125.0 0.0 50.0),369.9391,380.592,0.1523167,2.599742,31.016,44.168
Truck-106,Route-106,(175.0 0.0 205.5),(625.0 0.0 50.0),384.2766,388.904,0.05490782,2.279589,7.104,76.424
Truck-108,Route-108,(675.0 0.0 155.5),(625.0 0.0 150.0),380.6922,390.616,0.1229834,2.449081,35.032,47.2
Truck-104,Route-104,(175.0 0.0 155.5),(375.0 0.0 100.0),384.2766,391.344,0.08386014,2.342154,30.872,55.088
Truck-109,Route-109,(175.0 0.0 55.5),(625.0 0.0 0.0),398.614,408.48,0.1000473,2.308085,38.84,64.32
