Truck_id,Route_id,Origin,Destination,Completion_Time_alone,Completion_Time,Congestion_ratio,TravelTime_by_Distance,PickupSta_AT,DropSta_AT,,,C_max_prev,C_max_now,C_max,Congestion_ratio_AVG_prev,Congestion_ratio_AVG_now,Congestion_ratio_AVG
Truck-4,Route-4,(675.0 0.0 55.5),(625.0 0.0 200.0),348.433,353.024,0.09479015,2.790736,7.36,40.6,,,400.184,416.184,416.184,0.08896368,0.04749279,0.06822824
Truck-9,Route-9,(425.0 0.0 205.5),(625.0 0.0 0.0),352.0174,357.68,0.1088603,2.746666,7.36,45.344
Truck-1,Route-1,(175.0 0.0 205.5),(375.0 0.0 150.0),359.1861,362.968,0.06389885,2.518719,7.36,50.56
Truck-7,Route-7,(425.0 0.0 155.5),(125.0 0.0 100.0),366.3548,372.112,0.08676442,2.486621,30.896,36.272
Truck-3,Route-3,(175.0 0.0 155.5),(625.0 0.0 200.0),377.1078,375.408,-0.02204522,2.154514,7.36,63
Truck-8,Route-8,(675.0 0.0 -5.5),(375.0 0.0 50.0),373.5235,379.992,0.0879792,2.424,36.608,38.36
Truck-5,Route-5,(425.0 0.0 105.5),(125.0 0.0 200.0),377.1078,380.616,0.04549664,2.303314,35.544,40.064
Truck-0,Route-0,(175.0 0.0 55.5),(625.0 0.0 200.0),384.2766,390.12,0.06933655,2.310769,7.36,77.824
Truck-6,Route-6,(175.0 0.0 105.5),(375.0 0.0 0.0),377.1078,393.632,0.2142991,2.6752,35.984,52.72
Truck-2,Route-2,(675.0 0.0 105.5),(625.0 0.0 100.0),387.8609,400.184,0.1402568,2.443512,36.616,55.648
Truck-107,Route-107,(425.0 0.0 205.5),(125.0 0.0 150.0),341.2643,339.32,-0.04711833,2.621334,7.56,26.864
Truck-109,Route-109,(425.0 0.0 55.5),(125.0 0.0 200.0),348.433,350.368,0.03995204,2.650948,7.56,38.024
Truck-100,Route-100,(675.0 0.0 205.5),(625.0 0.0 50.0),348.433,351.744,0.06836192,2.723368,7.568,39.288
Truck-106,Route-106,(425.0 0.0 155.5),(625.0 0.0 200.0),359.1861,355.112,-0.06883489,2.20448,7.56,42.68
Truck-102,Route-102,(675.0 0.0 105.5),(125.0 0.0 200.0),362.7704,360.56,-0.03521434,2.242963,22.912,32.792
Truck-105,Route-105,(425.0 0.0 -5.5),(625.0 0.0 200.0),362.7704,362.576,-0.003097438,2.317629,16.632,40.944
Truck-103,Route-103,(175.0 0.0 194.5),(625.0 0.0 100.0),373.5235,369.952,-0.04857595,2.119757,16.632,48.376
Truck-108,Route-108,(175.0 0.0 55.5),(125.0 0.0 200.0),391.4453,403.416,0.130906,2.405023,65.576,32.96
Truck-104,Route-104,(175.0 0.0 155.5),(125.0 0.0 0.0),391.4453,411.192,0.2159405,2.58586,58.816,47.416
Truck-101,Route-101,(675.0 0.0 55.5),(125.0 0.0 50.0),395.0296,416.184,0.2226084,2.581867,49.264,58.944
