Truck_id,Route_id,Origin,Destination,Completion_Time_alone,Completion_Time,Congestion_ratio,TravelTime_by_Distance,PickupSta_AT,DropSta_AT,,,C_max_prev,C_max_now,C_max,Congestion_ratio_AVG_prev,Congestion_ratio_AVG_now,Congestion_ratio_AVG
Truck-2,Route-2,(425.0 0.0 5.5),(375.0 0.0 200.0),352.0174,351.456,-0.01079199,2.450285,6.824,39.544,,,398.624,419.992,419.992,0.0431166,0.09681608,0.06996634
Truck-1,Route-1,(675.0 0.0 205.5),(625.0 0.0 50.0),348.433,352.824,0.09066112,2.780211,6.824,40.936
Truck-0,Route-0,(425.0 0.0 155.5),(125.0 0.0 150.0),362.7704,366.648,0.06177423,2.468445,29.968,31.544
Truck-5,Route-5,(175.0 0.0 205.5),(375.0 0.0 100.0),362.7704,367.832,0.08063646,2.512296,6.816,55.888
Truck-6,Route-6,(675.0 0.0 155.5),(625.0 0.0 0.0),373.5235,373.112,-0.005596424,2.215515,29.968,38.048
Truck-9,Route-9,(175.0 0.0 155.5),(375.0 0.0 150.0),380.6922,380.136,-0.006893025,2.165838,30.096,44.904
Truck-8,Route-8,(425.0 0.0 105.5),(625.0 0.0 150.0),384.2766,385.624,0.01598835,2.195487,33.816,43.712
Truck-7,Route-7,(425.0 0.0 194.5),(125.0 0.0 0.0),380.6922,385.888,0.06439037,2.321297,16.352,64.448
Truck-3,Route-3,(175.0 0.0 105.5),(375.0 0.0 50.0),391.4453,397.16,0.0624937,2.259535,34.624,57.36
Truck-4,Route-4,(675.0 0.0 55.5),(625.0 0.0 200.0),391.4453,398.624,0.07850316,2.293581,59.656,33.832
Truck-101,Route-101,(425.0 0.0 205.5),(125.0 0.0 150.0),341.2643,339.096,-0.05254672,2.6064,7.144,26.808
Truck-103,Route-103,(675.0 0.0 205.5),(625.0 0.0 0.0),352.0174,356.192,0.08025438,2.675809,7.144,43.904
Truck-108,Route-108,(675.0 0.0 155.5),(125.0 0.0 200.0),359.1861,361.064,0.03172925,2.44256,7.144,48.784
Truck-100,Route-100,(175.0 0.0 194.5),(375.0 0.0 50.0),359.1861,361.352,0.03659517,2.45408,16.64,39.536
Truck-105,Route-105,(425.0 0.0 105.5),(625.0 0.0 200.0),362.7704,367.976,0.08293074,2.51763,7.144,55.696
Truck-109,Route-109,(675.0 0.0 105.5),(125.0 0.0 200.0),362.7704,371.84,0.1444881,2.660741,30.744,35.944
Truck-107,Route-107,(175.0 0.0 5.5),(625.0 0.0 200.0),369.9391,379.88,0.1421363,2.576774,7.136,67.6
Truck-104,Route-104,(175.0 0.0 55.5),(375.0 0.0 200.0),366.3548,381.912,0.2344552,2.824551,7.144,69.72
Truck-106,Route-106,(675.0 0.0 55.5),(375.0 0.0 0.0),380.6922,394.488,0.1709683,2.55373,41.68,47.808
Truck-102,Route-102,(175.0 0.0 105.5),(625.0 0.0 50.0),409.367,419.992,0.09714996,2.264,35.328,79.584
