Truck_id,Route_id,Origin,Destination,Completion_Time_alone,Completion_Time,Congestion_ratio,TravelTime_by_Distance,PickupSta_AT,DropSta_AT,,,C_max_prev,C_max_now,C_max,Congestion_ratio_AVG_prev,Congestion_ratio_AVG_now,Congestion_ratio_AVG
Truck-1,Route-1,(425.0 0.0 155.5),(125.0 0.0 200.0),341.2643,339.744,-0.03684357,2.649599,6.872,27.728,,,402.448,405.64,405.64,0.069664,0.06783964,0.06875182
Truck-2,Route-2,(675.0 0.0 194.5),(625.0 0.0 200.0),355.6017,356.664,0.01910528,2.463652,24.296,27.064
Truck-3,Route-3,(675.0 0.0 105.5),(125.0 0.0 200.0),362.7704,363.584,0.0129615,2.354964,6.872,51.704
Truck-4,Route-4,(425.0 0.0 105.5),(125.0 0.0 200.0),362.7704,364.112,0.02137286,2.374518,30.4,28.392
Truck-9,Route-9,(175.0 0.0 -5.5),(375.0 0.0 200.0),362.7704,377.912,0.2412215,2.885629,16.536,55.952
Truck-0,Route-0,(425.0 0.0 -5.5),(125.0 0.0 200.0),380.6922,393.872,0.1633344,2.537081,16.544,71.896
Truck-7,Route-7,(175.0 0.0 105.5),(375.0 0.0 100.0),387.8609,393.864,0.06832519,2.289366,53.992,34.312
Truck-5,Route-5,(425.0 0.0 55.5),(625.0 0.0 200.0),391.4453,394.12,0.02924967,2.188837,6.872,82.12
Truck-6,Route-6,(175.0 0.0 55.5),(125.0 0.0 100.0),391.4453,400.576,0.09984922,2.338976,58.456,36.696
Truck-8,Route-8,(175.0 0.0 194.5),(125.0 0.0 50.0),395.0296,402.448,0.07806405,2.276622,31.72,65.344
Truck-100,Route-100,(175.0 0.0 155.5),(125.0 0.0 200.0),341.2643,342.16,0.02170619,2.810667,7.976,28.712
Truck-106,Route-106,(425.0 0.0 105.5),(375.0 0.0 200.0),344.8487,348.44,0.08007684,2.849412,7.976,35.112
Truck-101,Route-101,(425.0 0.0 55.5),(375.0 0.0 200.0),348.433,352.016,0.073978,2.737684,7.976,38.584
Truck-107,Route-107,(675.0 0.0 205.5),(625.0 0.0 50.0),348.433,354.552,0.1263392,2.871158,7.976,41.24
Truck-104,Route-104,(175.0 0.0 5.5),(125.0 0.0 200.0),352.0174,354.936,0.05610896,2.616,7.976,41.504
Truck-109,Route-109,(175.0 0.0 55.5),(375.0 0.0 200.0),366.3548,365.624,-0.01101313,2.262896,7.976,52.176
Truck-102,Route-102,(675.0 0.0 55.5),(625.0 0.0 200.0),373.5235,378.176,0.06327948,2.368969,31.416,41.224
Truck-105,Route-105,(675.0 0.0 155.5),(625.0 0.0 200.0),377.1078,381.816,0.06105942,2.3376,23.16,53.248
Truck-103,Route-103,(675.0 0.0 105.5),(125.0 0.0 100.0),387.8609,399.776,0.1356132,2.433561,41.528,52.864
Truck-108,Route-108,(425.0 0.0 205.5),(625.0 0.0 100.0),398.614,405.64,0.07124815,2.24766,23.16,76.928
