Truck_id,Route_id,Origin,Destination,Completion_Time_alone,Completion_Time,Congestion_ratio,TravelTime_by_Distance,PickupSta_AT,DropSta_AT,,,C_max_prev,C_max_now,C_max,Congestion_ratio_AVG_prev,Congestion_ratio_AVG_now,Congestion_ratio_AVG
Truck-0,Route-0,(425.0 0.0 105.5),(375.0 0.0 200.0),344.8487,348.216,0.07508229,2.836236,7.2,36.24,,,409.448,407.16,409.448,0.07123984,0.05992492,0.06558238
Truck-5,Route-5,(675.0 0.0 55.5),(375.0 0.0 200.0),348.433,348.912,0.009889399,2.574315,7.2,36.768
Truck-8,Route-8,(175.0 0.0 194.5),(125.0 0.0 100.0),355.6017,365.104,0.1708992,2.830609,16.416,43.792
Truck-9,Route-9,(175.0 0.0 -5.5),(125.0 0.0 200.0),362.7704,366.256,0.05552927,2.453926,17.352,44.024
Truck-6,Route-6,(675.0 0.0 155.5),(375.0 0.0 150.0),362.7704,367.456,0.07464627,2.49837,31.224,31.272
Truck-3,Route-3,(175.0 0.0 55.5),(375.0 0.0 200.0),366.3548,371.568,0.07856596,2.467862,7.2,59.512
Truck-4,Route-4,(425.0 0.0 194.5),(625.0 0.0 200.0),380.6922,384.248,0.04406605,2.276973,45.4,33.896
Truck-2,Route-2,(425.0 0.0 -5.5),(125.0 0.0 200.0),380.6922,386.776,0.07539516,2.345297,16.416,65.344
Truck-7,Route-7,(175.0 0.0 105.5),(625.0 0.0 200.0),395.0296,396.784,0.01846156,2.150755,34.208,57.736
Truck-1,Route-1,(175.0 0.0 155.5),(625.0 0.0 150.0),398.614,409.448,0.1098632,2.328681,31.232,73.224
Truck-105,Route-105,(675.0 0.0 155.5),(625.0 0.0 200.0),341.2643,341.024,-0.005824063,2.734932,7.488,28.488
Truck-101,Route-101,(175.0 0.0 155.5),(125.0 0.0 200.0),341.2643,344.344,0.07463305,2.956266,7.488,31.944
Truck-103,Route-103,(675.0 0.0 105.5),(375.0 0.0 200.0),344.8487,345.88,0.02299604,2.698824,7.488,33.344
Truck-109,Route-109,(175.0 0.0 55.5),(125.0 0.0 200.0),348.433,349.632,0.02475532,2.61221,7.48,37.12
Truck-102,Route-102,(425.0 0.0 55.5),(375.0 0.0 200.0),348.433,350.52,0.04308993,2.658947,7.488,38.048
Truck-108,Route-108,(425.0 0.0 194.5),(375.0 0.0 100.0),355.6017,363.896,0.1491731,2.778087,17.04,41.896
Truck-100,Route-100,(425.0 0.0 -5.5),(375.0 0.0 200.0),362.7704,371.368,0.1369689,2.64326,36.2,30.24
Truck-107,Route-107,(175.0 0.0 205.5),(625.0 0.0 0.0),369.9391,373.816,0.05543239,2.381162,7.48,61.408
Truck-106,Route-106,(675.0 0.0 -5.5),(375.0 0.0 0.0),377.1078,377.984,0.01136278,2.228115,36.432,36.712
Truck-104,Route-104,(175.0 0.0 -5.5),(625.0 0.0 200.0),398.614,407.16,0.08666168,2.28,66.2,36.072
