Truck_id,Route_id,Origin,Destination,Completion_Time_alone,Completion_Time,Congestion_ratio,TravelTime_by_Distance,PickupSta_AT,DropSta_AT,,,C_max_prev,C_max_now,C_max,Congestion_ratio_AVG_prev,Congestion_ratio_AVG_now,Congestion_ratio_AVG
Truck-6,Route-6,(675.0 0.0 205.5),(375.0 0.0 0.0),352.0174,355.624,0.06933509,2.648762,6.984,43.424,,,402.168,411.36,411.36,0.1500461,0.05037419,0.1002101
Truck-7,Route-7,(175.0 0.0 155.5),(125.0 0.0 150.0),362.7704,364.376,0.02557878,2.384297,30.272,29.032
Truck-1,Route-1,(425.0 0.0 105.5),(375.0 0.0 150.0),366.3548,367.048,0.01044744,2.312,34.176,27.704
Truck-8,Route-8,(425.0 0.0 205.5),(625.0 0.0 50.0),366.3548,372.64,0.09472188,2.504828,6.984,60.48
Truck-3,Route-3,(425.0 0.0 155.5),(125.0 0.0 100.0),366.3548,383.424,0.2572422,2.87669,30.416,41.784
Truck-4,Route-4,(675.0 0.0 105.5),(375.0 0.0 100.0),369.9391,383.528,0.1942961,2.694452,36.576,35.864
Truck-0,Route-0,(175.0 0.0 105.5),(125.0 0.0 0.0),377.1078,395.944,0.2442832,2.741257,33.52,42.208
Truck-9,Route-9,(175.0 0.0 -5.5),(625.0 0.0 100.0),387.8609,397.672,0.1116662,2.382244,38.152,54.4
Truck-2,Route-2,(675.0 0.0 -5.5),(625.0 0.0 0.0),377.1078,398.744,0.2805958,2.821257,35.64,42.928
Truck-5,Route-5,(175.0 0.0 55.5),(625.0 0.0 200.0),384.2766,402.168,0.2122945,2.619692,6.984,90
Truck-100,Route-100,(675.0 0.0 205.5),(375.0 0.0 150.0),341.2643,341.416,0.00367563,2.761066,7.12,29.256
Truck-102,Route-102,(675.0 0.0 105.5),(125.0 0.0 200.0),362.7704,363.512,0.01181412,2.352296,7.112,51.296
Truck-104,Route-104,(425.0 0.0 55.5),(625.0 0.0 200.0),366.3548,363.64,-0.04091269,2.194483,7.112,51.44
Truck-106,Route-106,(175.0 0.0 194.5),(625.0 0.0 150.0),369.9391,366.448,-0.04991655,2.143484,16.72,44.656
Truck-109,Route-109,(425.0 0.0 -5.5),(375.0 0.0 200.0),362.7704,371.256,0.1351846,2.639112,29.984,36.168
Truck-101,Route-101,(675.0 0.0 155.5),(625.0 0.0 50.0),369.9391,372.952,0.04307859,2.35329,31.216,36.624
Truck-105,Route-105,(175.0 0.0 105.5),(125.0 0.0 150.0),366.3548,376.016,0.1455996,2.621241,35.072,32.848
Truck-103,Route-103,(175.0 0.0 155.5),(125.0 0.0 0.0),373.5235,376.648,0.04249721,2.322667,30.256,41.288
Truck-108,Route-108,(675.0 0.0 -5.5),(625.0 0.0 0.0),377.1078,383.544,0.08346955,2.386972,36.032,42.44
Truck-107,Route-107,(175.0 0.0 55.5),(125.0 0.0 100.0),398.614,411.36,0.1292518,2.369361,70.576,35.72
