Truck_id,Route_id,Origin,Destination,Completion_Time_alone,Completion_Time,Congestion_ratio,TravelTime_by_Distance,PickupSta_AT,DropSta_AT,,,C_max_prev,C_max_now,C_max,Congestion_ratio_AVG_prev,Congestion_ratio_AVG_now,Congestion_ratio_AVG
Truck-5,Route-5,(425.0 0.0 105.5),(125.0 0.0 200.0),344.8487,345.456,0.01354177,2.673882,8.152,32.184,,,422.512,405.024,422.512,0.11441,0.07990008,0.09715503
Truck-0,Route-0,(425.0 0.0 205.5),(125.0 0.0 0.0),352.0174,369.456,0.3352463,3.307428,8.152,56.176
Truck-9,Route-9,(675.0 0.0 194.5),(625.0 0.0 200.0),362.7704,371.856,0.1447429,2.661333,30.968,35.304
Truck-3,Route-3,(175.0 0.0 205.5),(375.0 0.0 50.0),366.3548,372.392,0.09098414,2.496276,8.152,59.112
Truck-8,Route-8,(175.0 0.0 55.5),(375.0 0.0 200.0),366.3548,375.856,0.1431882,2.615724,8.152,62.568
Truck-4,Route-4,(675.0 0.0 55.5),(125.0 0.0 200.0),366.3548,376.12,0.1471669,2.624827,8.152,62.832
Truck-2,Route-2,(175.0 0.0 105.5),(625.0 0.0 200.0),380.6922,377.992,-0.0334629,2.107892,8.152,64.696
Truck-1,Route-1,(675.0 0.0 155.5),(125.0 0.0 150.0),380.6922,382.792,0.02602225,2.237621,30.704,46.472
Truck-6,Route-6,(175.0 0.0 -5.5),(375.0 0.0 200.0),380.6922,390.256,0.1185221,2.439352,32.296,52.416
Truck-7,Route-7,(425.0 0.0 55.5),(625.0 0.0 150.0),405.7827,422.512,0.1581482,2.402196,38.968,74.832
Truck-106,Route-106,(175.0 0.0 155.5),(125.0 0.0 200.0),341.2643,341.312,0.001155938,2.754134,7.368,28.44
Truck-103,Route-103,(425.0 0.0 155.5),(375.0 0.0 200.0),341.2643,342.376,0.02694082,2.825067,7.368,29.504
Truck-102,Route-102,(675.0 0.0 105.5),(375.0 0.0 200.0),344.8487,348.24,0.07561712,2.837646,7.368,35.384
Truck-108,Route-108,(675.0 0.0 205.5),(375.0 0.0 0.0),352.0174,355.976,0.07610244,2.665524,7.368,43.112
Truck-105,Route-105,(425.0 0.0 55.5),(375.0 0.0 100.0),373.5235,382.648,0.1241038,2.504485,43.36,33.496
Truck-104,Route-104,(425.0 0.0 194.5),(125.0 0.0 0.0),380.6922,385.84,0.06379547,2.32,16.96,63.44
Truck-100,Route-100,(175.0 0.0 -5.5),(125.0 0.0 50.0),373.5235,396.136,0.3075551,2.913212,46.032,41.76
Truck-109,Route-109,(175.0 0.0 55.5),(375.0 0.0 50.0),395.0296,399.352,0.04548464,2.207822,42.832,51.096
Truck-107,Route-107,(425.0 0.0 105.5),(625.0 0.0 200.0),398.614,399.92,0.01324418,2.125958,27.096,67.36
Truck-101,Route-101,(425.0 0.0 -5.5),(125.0 0.0 200.0),398.614,405.024,0.06500129,2.234553,42.56,56.96
