Truck_id,Route_id,Origin,Destination,Completion_Time_alone,Completion_Time,Congestion_ratio,TravelTime_by_Distance,PickupSta_AT,DropSta_AT,,,C_max_prev,C_max_now,C_max,Congestion_ratio_AVG_prev,Congestion_ratio_AVG_now,Congestion_ratio_AVG
Truck-0,Route-0,(675.0 0.0 155.5),(375.0 0.0 200.0),341.2643,341.984,0.01744113,2.798934,7.128,29.864,,,393.216,416.104,416.104,0.06992538,0.04488244,0.05740391
Truck-5,Route-5,(425.0 0.0 55.5),(125.0 0.0 200.0),348.433,347.072,-0.02810114,2.477473,7.12,34.984
Truck-2,Route-2,(425.0 0.0 205.5),(375.0 0.0 150.0),341.2643,348.648,0.1789366,3.243201,7.12,36.536
Truck-7,Route-7,(675.0 0.0 205.5),(375.0 0.0 100.0),344.8487,348.648,0.08471483,2.861648,7.12,36.536
Truck-9,Route-9,(675.0 0.0 55.5),(625.0 0.0 200.0),348.433,350.376,0.04011712,2.651369,7.12,38.304
Truck-3,Route-3,(175.0 0.0 -5.5),(625.0 0.0 200.0),362.7704,363.768,0.01589266,2.361778,16.624,42.144
Truck-8,Route-8,(425.0 0.0 -5.5),(375.0 0.0 200.0),362.7704,368.696,0.09440113,2.544297,16.624,47.032
Truck-1,Route-1,(425.0 0.0 155.5),(375.0 0.0 200.0),377.1078,377.32,0.002751447,2.209143,22.896,49.352
Truck-6,Route-6,(175.0 0.0 55.5),(125.0 0.0 50.0),377.1078,383.6,0.0841958,2.388572,37.048,35.528
Truck-4,Route-4,(175.0 0.0 105.5),(125.0 0.0 0.0),377.1078,393.216,0.2089042,2.663314,34.496,41.664
Truck-100,Route-100,(425.0 0.0 105.5),(375.0 0.0 200.0),344.8487,343.728,-0.02498773,2.572235,7.088,31.656
Truck-109,Route-109,(675.0 0.0 55.5),(375.0 0.0 200.0),348.433,347.088,-0.02777034,2.478317,7.08,35.072
Truck-101,Route-101,(175.0 0.0 55.5),(125.0 0.0 200.0),348.433,347.984,-0.009270642,2.525474,7.088,35.912
Truck-102,Route-102,(175.0 0.0 194.5),(625.0 0.0 0.0),362.7704,359.104,-0.05840988,2.189037,16.68,37.4
Truck-103,Route-103,(175.0 0.0 -5.5),(375.0 0.0 200.0),362.7704,363.896,0.01793169,2.366518,16.68,42.2
Truck-105,Route-105,(675.0 0.0 155.5),(625.0 0.0 150.0),362.7704,368.416,0.08993996,2.533925,35.512,27.896
Truck-107,Route-107,(425.0 0.0 155.5),(625.0 0.0 200.0),359.1861,368.752,0.161625,2.750081,7.08,56.72
Truck-104,Route-104,(425.0 0.0 55.5),(625.0 0.0 200.0),366.3548,374.088,0.1165439,2.554759,7.08,62.056
Truck-108,Route-108,(175.0 0.0 105.5),(125.0 0.0 0.0),377.1078,380.744,0.04715654,2.306971,34.528,41.168
Truck-106,Route-106,(175.0 0.0 155.5),(625.0 0.0 100.0),402.1983,416.104,0.1360659,2.369469,30.28,80.768
