Truck_id,Route_id,Origin,Destination,Completion_Time_alone,Completion_Time,Congestion_ratio,TravelTime_by_Distance,PickupSta_AT,DropSta_AT,,,C_max_prev,C_max_now,C_max,Congestion_ratio_AVG_prev,Congestion_ratio_AVG_now,Congestion_ratio_AVG
Truck-9,Route-9,(425.0 0.0 105.5),(375.0 0.0 200.0),344.8487,345.344,0.01104449,2.667294,7.136,32.584,,,396,448.712,448.712,0.08156635,0.07465921,0.07811277
Truck-8,Route-8,(425.0 0.0 55.5),(125.0 0.0 200.0),348.433,357.04,0.1777093,3.002106,7.136,44.16
Truck-0,Route-0,(675.0 0.0 155.5),(125.0 0.0 200.0),359.1861,361.944,0.0465977,2.47776,22.744,33.544
Truck-4,Route-4,(175.0 0.0 55.5),(375.0 0.0 200.0),366.3548,366.648,0.004419327,2.298207,7.136,53.744
Truck-6,Route-6,(425.0 0.0 194.5),(375.0 0.0 0.0),362.7704,367.44,0.07439151,2.497778,16.728,44.896
Truck-3,Route-3,(675.0 0.0 105.5),(125.0 0.0 200.0),362.7704,372.24,0.1508605,2.675555,7.136,59.336
Truck-1,Route-1,(675.0 0.0 -5.5),(625.0 0.0 150.0),366.3548,374.136,0.1172669,2.556413,36.72,31.824
Truck-2,Route-2,(175.0 0.0 155.5),(125.0 0.0 0.0),373.5235,377.608,0.05555415,2.351758,30.848,41.368
Truck-7,Route-7,(175.0 0.0 194.5),(375.0 0.0 200.0),380.6922,383.816,0.03871266,2.265298,30.32,48.048
Truck-5,Route-5,(425.0 0.0 -5.5),(125.0 0.0 150.0),384.2766,396,0.1391069,2.461539,37.776,46.672
Truck-107,Route-107,(425.0 0.0 155.5),(375.0 0.0 200.0),341.2643,340.72,-0.01319085,2.714667,7.256,28.048
Truck-101,Route-101,(175.0 0.0 105.5),(125.0 0.0 200.0),344.8487,345.208,0.008012379,2.659295,7.256,32.592
Truck-108,Route-108,(175.0 0.0 -5.5),(125.0 0.0 200.0),362.7704,366.064,0.05247024,2.446815,16.704,43.864
Truck-100,Route-100,(675.0 0.0 194.5),(625.0 0.0 200.0),362.7704,369.664,0.1098222,2.580148,30.368,34
Truck-103,Route-103,(175.0 0.0 155.5),(625.0 0.0 200.0),377.1078,374.856,-0.02920405,2.138742,7.256,62.24
Truck-109,Route-109,(425.0 0.0 -5.5),(375.0 0.0 200.0),362.7704,380.184,0.2774169,2.969777,16.704,58.112
Truck-106,Route-106,(425.0 0.0 194.5),(125.0 0.0 50.0),377.1078,383.592,0.0840921,2.388343,16.704,61.536
Truck-105,Route-105,(425.0 0.0 105.5),(625.0 0.0 150.0),384.2766,391.072,0.08063264,2.335179,37.232,48.424
Truck-104,Route-104,(675.0 0.0 155.5),(125.0 0.0 0.0),391.4453,405.384,0.1524273,2.450791,30.168,69.824
Truck-102,Route-102,(175.0 0.0 55.5),(125.0 0.0 200.0),445.2105,448.712,0.02411324,2.037151,90.504,53.024
