Truck_id,Route_id,Origin,Destination,Completion_Time_alone,Completion_Time,Congestion_ratio,TravelTime_by_Distance,PickupSta_AT,DropSta_AT,,,C_max_prev,C_max_now,C_max,Congestion_ratio_AVG_prev,Congestion_ratio_AVG_now,Congestion_ratio_AVG
Truck-5,Route-5,(175.0 0.0 155.5),(375.0 0.0 200.0),359.1861,355.04,-0.07005124,2.2016,7.152,42.872,,,401.352,419.096,419.096,0.02299681,0.0765338,0.0497653
Truck-8,Route-8,(175.0 0.0 194.5),(375.0 0.0 50.0),359.1861,356.736,-0.04139611,2.26944,16.584,35.096
Truck-6,Route-6,(425.0 0.0 -5.5),(625.0 0.0 200.0),362.7704,361.336,-0.02285181,2.271704,16.584,39.648
Truck-2,Route-2,(675.0 0.0 55.5),(125.0 0.0 200.0),366.3548,362.88,-0.05236642,2.168276,7.152,50.656
Truck-1,Route-1,(675.0 0.0 205.5),(125.0 0.0 100.0),362.7704,367.16,0.06993083,2.487407,7.152,54.912
Truck-4,Route-4,(425.0 0.0 55.5),(125.0 0.0 200.0),373.5235,380.88,0.100057,2.450909,30.896,44.92
Truck-9,Route-9,(425.0 0.0 155.5),(375.0 0.0 150.0),380.6922,381.12,0.005301571,2.192432,45.624,30.376
Truck-7,Route-7,(175.0 0.0 55.5),(125.0 0.0 0.0),380.6922,389.048,0.1035516,2.406703,37.784,46.2
Truck-0,Route-0,(425.0 0.0 105.5),(375.0 0.0 100.0),387.8609,397.528,0.1100275,2.378732,50.512,35.928
Truck-3,Route-3,(175.0 0.0 -5.5),(375.0 0.0 200.0),398.614,401.352,0.02776521,2.156425,60.68,35.648
Truck-102,Route-102,(175.0 0.0 194.5),(375.0 0.0 50.0),359.1861,355.784,-0.05748091,2.23136,16.664,34.072
Truck-100,Route-100,(425.0 0.0 194.5),(375.0 0.0 100.0),355.6017,357.72,0.0380975,2.509565,16.664,36.008
Truck-105,Route-105,(675.0 0.0 155.5),(125.0 0.0 200.0),359.1861,362.232,0.05146362,2.48928,7.096,50.088
Truck-109,Route-109,(675.0 0.0 105.5),(375.0 0.0 150.0),366.3548,371.28,0.07422575,2.457931,34.92,31.352
Truck-108,Route-108,(175.0 0.0 105.5),(125.0 0.0 150.0),366.3548,372.648,0.09484237,2.505104,36.656,30.976
Truck-106,Route-106,(675.0 0.0 -5.5),(625.0 0.0 200.0),362.7704,372.984,0.1627135,2.703111,26.68,41.288
Truck-103,Route-103,(175.0 0.0 55.5),(125.0 0.0 0.0),380.6922,386.032,0.06617509,2.32519,39.856,41.104
Truck-104,Route-104,(425.0 0.0 105.5),(375.0 0.0 0.0),377.1078,388.744,0.1509073,2.535542,35.672,48.08
Truck-107,Route-107,(425.0 0.0 55.5),(125.0 0.0 50.0),377.1078,389.632,0.1624237,2.560914,39.36,42.216
Truck-101,Route-101,(175.0 0.0 155.5),(625.0 0.0 100.0),416.5357,419.096,0.02197011,2.089404,31.72,82.368
