Truck_id,Route_id,Origin,Destination,Completion_Time_alone,Completion_Time,Congestion_ratio,TravelTime_by_Distance,PickupSta_AT,DropSta_AT,,,C_max_prev,C_max_now,C_max,Congestion_ratio_AVG_prev,Congestion_ratio_AVG_now,Congestion_ratio_AVG
Truck-8,Route-8,(675.0 0.0 155.5),(375.0 0.0 200.0),341.2643,340.072,-0.02889474,2.671466,7.008,27.856,,,408.4,407.608,408.4,0.04602981,0.0725728,0.05930131
Truck-9,Route-9,(175.0 0.0 55.5),(125.0 0.0 200.0),348.433,347.472,-0.01984244,2.498526,7.008,35.28
Truck-0,Route-0,(425.0 0.0 205.5),(125.0 0.0 0.0),352.0174,350.064,-0.03755225,2.384,7.008,37.856
Truck-4,Route-4,(675.0 0.0 55.5),(125.0 0.0 200.0),366.3548,370.224,0.05831129,2.421517,7.008,57.92
Truck-1,Route-1,(175.0 0.0 155.5),(625.0 0.0 200.0),377.1078,375.424,-0.02183744,2.154972,7.008,63.128
Truck-7,Route-7,(175.0 0.0 -5.5),(625.0 0.0 200.0),380.6922,379.792,-0.01115607,2.15654,16.456,58.152
Truck-2,Route-2,(675.0 0.0 5.5),(375.0 0.0 200.0),369.9391,384.88,0.2136271,2.738065,30.008,49.672
Truck-3,Route-3,(175.0 0.0 105.5),(625.0 0.0 200.0),380.6922,390.904,0.1265524,2.456865,7.008,78.584
Truck-5,Route-5,(675.0 0.0 205.5),(625.0 0.0 200.0),387.8609,398.44,0.1204074,2.400976,34.648,58.496
Truck-6,Route-6,(425.0 0.0 155.5),(625.0 0.0 100.0),402.1983,408.4,0.06068291,2.212245,30,73.112
Truck-102,Route-102,(425.0 0.0 105.5),(125.0 0.0 200.0),344.8487,345.368,0.01158001,2.668707,7.08,33.176
Truck-107,Route-107,(675.0 0.0 105.5),(375.0 0.0 200.0),344.8487,345.624,0.01728769,2.683764,7.08,33.44
Truck-103,Route-103,(425.0 0.0 155.5),(625.0 0.0 200.0),359.1861,355.408,-0.06383388,2.21632,7.08,43.272
Truck-104,Route-104,(425.0 0.0 5.5),(375.0 0.0 200.0),352.0174,360.968,0.1720699,2.903238,7.08,48.784
Truck-100,Route-100,(175.0 0.0 105.5),(625.0 0.0 200.0),380.6922,375.448,-0.06499019,2.039135,7.08,63.304
Truck-109,Route-109,(675.0 0.0 55.5),(625.0 0.0 150.0),369.9391,378.136,0.1172001,2.520516,44.936,27.944
Truck-105,Route-105,(175.0 0.0 55.5),(125.0 0.0 200.0),373.5235,382.48,0.1218188,2.499394,33.152,44.2
Truck-108,Route-108,(175.0 0.0 194.5),(625.0 0.0 50.0),377.1078,382.608,0.07133064,2.360229,16.672,60.76
Truck-106,Route-106,(675.0 0.0 5.5),(125.0 0.0 200.0),369.9391,387.568,0.2520603,2.824774,7.08,75.4
Truck-101,Route-101,(175.0 0.0 -5.5),(625.0 0.0 200.0),398.614,407.608,0.09120463,2.289532,32.744,69.744
