Truck_id,Route_id,Origin,Destination,Completion_Time_alone,Completion_Time,Congestion_ratio,TravelTime_by_Distance,PickupSta_AT,DropSta_AT,,,C_max_prev,C_max_now,C_max,Congestion_ratio_AVG_prev,Congestion_ratio_AVG_now,Congestion_ratio_AVG
Truck-3,Route-3,(425.0 0.0 155.5),(375.0 0.0 200.0),341.2643,340.136,-0.02734388,2.675732,7.136,28.144,,,412.056,410.512,412.056,0.05069633,0.05628077,0.05348855
Truck-5,Route-5,(675.0 0.0 105.5),(375.0 0.0 200.0),344.8487,345.496,0.01443385,2.676235,7.136,33.488
Truck-6,Route-6,(675.0 0.0 205.5),(375.0 0.0 100.0),344.8487,348.256,0.07597436,2.838589,7.136,36.112
Truck-4,Route-4,(675.0 0.0 5.5),(375.0 0.0 200.0),352.0174,355.864,0.07394933,2.660191,7.136,43.72
Truck-0,Route-0,(675.0 0.0 55.5),(125.0 0.0 200.0),366.3548,366.304,-0.0007652992,2.286344,7.136,54.272
Truck-2,Route-2,(175.0 0.0 -5.5),(125.0 0.0 200.0),362.7704,371.8,0.1438507,2.659259,16.392,50.584
Truck-1,Route-1,(175.0 0.0 55.5),(375.0 0.0 200.0),373.5235,379.656,0.08340926,2.413818,31.04,43.632
Truck-8,Route-8,(675.0 0.0 155.5),(625.0 0.0 200.0),391.4453,391.136,-0.00338197,2.119442,35.456,50.784
Truck-9,Route-9,(175.0 0.0 105.5),(625.0 0.0 150.0),402.1983,411.144,0.08753286,2.268245,36.136,70.184
Truck-7,Route-7,(425.0 0.0 105.5),(125.0 0.0 100.0),405.7827,412.056,0.05930411,2.197176,52.384,54.848
Truck-106,Route-106,(675.0 0.0 105.5),(375.0 0.0 200.0),344.8487,350.216,0.1196767,2.953882,7.488,37.88
Truck-102,Route-102,(175.0 0.0 205.5),(125.0 0.0 100.0),344.8487,350.44,0.1246713,2.967059,7.488,38.128
Truck-103,Route-103,(675.0 0.0 205.5),(375.0 0.0 0.0),352.0174,354.88,0.0550324,2.613333,7.488,42.52
Truck-108,Route-108,(675.0 0.0 155.5),(375.0 0.0 200.0),359.1861,356,-0.05383135,2.24,22.92,28.216
Truck-101,Route-101,(425.0 0.0 105.5),(625.0 0.0 200.0),362.7704,361.712,-0.01686162,2.28563,7.488,49.384
Truck-100,Route-100,(425.0 0.0 55.5),(125.0 0.0 200.0),366.3548,364.76,-0.0240338,2.233104,7.488,52.432
Truck-107,Route-107,(675.0 0.0 5.5),(125.0 0.0 200.0),369.9391,376.168,0.08906149,2.457032,7.488,63.664
Truck-105,Route-105,(175.0 0.0 55.5),(625.0 0.0 200.0),391.4453,393.016,0.01717683,2.163162,31.344,56.704
Truck-104,Route-104,(425.0 0.0 5.5),(375.0 0.0 200.0),387.8609,395.68,0.08899399,2.333658,39.968,50.728
Truck-109,Route-109,(675.0 0.0 55.5),(625.0 0.0 50.0),395.0296,410.512,0.1629218,2.455822,39.504,60.2
