Truck_id,Route_id,Path_length,Completion_Time_alone,Pick_station,Drop_station
0,0,19,348.433019536938,"(375, 0, 50)","(375, 0, 200)"
1,1,29,366.3547791209172,"(125, 0, 200)","(125, 0, 150)"
2,2,41,387.86089062169225,"(625, 0, 200)","(125, 0, 50)"
3,3,29,366.3547791209172,"(375, 0, 200)","(625, 0, 50)"
4,4,21,352.01737145373386,"(625, 0, 0)","(625, 0, 200)"
5,5,27,362.77042720412135,"(375, 0, 0)","(375, 0, 200)"
6,6,25,359.18607528732554,"(375, 0, 150)","(625, 0, 200)"
7,7,49,402.1982982888756,"(125, 0, 200)","(625, 0, 100)"
8,8,37,380.69218678810057,"(375, 0, 150)","(625, 0, 200)"
9,9,27,362.77042720412135,"(625, 0, 200)","(375, 0, 100)"
10,10,35,377.1078348713047,"(375, 0, 200)","(125, 0, 0)"
11,11,21,352.01737145373386,"(125, 0, 200)","(125, 0, 0)"
12,12,19,348.433019536938,"(625, 0, 50)","(625, 0, 200)"
13,13,33,373.5234829545089,"(125, 0, 200)","(125, 0, 100)"
14,14,27,362.77042720412135,"(625, 0, 100)","(125, 0, 200)"
15,15,43,391.44524253848806,"(625, 0, 200)","(125, 0, 50)"
16,16,53,409.3670021224673,"(375, 0, 50)","(625, 0, 200)"
17,17,21,352.01737145373386,"(375, 0, 200)","(625, 0, 0)"
18,18,25,359.18607528732554,"(125, 0, 150)","(375, 0, 200)"
19,19,25,359.18607528732554,"(625, 0, 150)","(125, 0, 200)"
20,20,29,366.3547791209172,"(375, 0, 200)","(125, 0, 150)"
21,21,27,362.77042720412135,"(125, 0, 100)","(375, 0, 200)"
22,22,31,369.939131037713,"(375, 0, 200)","(375, 0, 100)"
23,23,31,369.939131037713,"(125, 0, 200)","(375, 0, 0)"
24,24,51,405.7826502056714,"(125, 0, 200)","(625, 0, 150)"
