Truck_id,Route_id,Path_length,Completion_Time_alone,Pick_station,Drop_station
0,0,43,391.44524253848806,"(125, 0, 200)","(375, 0, 150)"
1,1,25,359.18607528732554,"(125, 0, 150)","(375, 0, 200)"
2,2,39,384.2765387048964,"(375, 0, 100)","(625, 0, 200)"
3,3,17,344.8486676201422,"(375, 0, 100)","(375, 0, 200)"
4,4,15,341.2643157033463,"(625, 0, 150)","(375, 0, 200)"
5,5,39,384.2765387048964,"(125, 0, 50)","(625, 0, 200)"
6,6,21,352.01737145373386,"(375, 0, 200)","(125, 0, 0)"
7,7,21,352.01737145373386,"(625, 0, 200)","(625, 0, 0)"
8,8,33,373.5234829545089,"(375, 0, 200)","(375, 0, 50)"
9,9,45,395.0295944552839,"(375, 0, 200)","(625, 0, 50)"
10,10,29,366.3547791209172,"(125, 0, 200)","(375, 0, 50)"
11,11,21,352.01737145373386,"(375, 0, 0)","(625, 0, 200)"
12,12,37,380.69218678810057,"(125, 0, 100)","(625, 0, 200)"
13,13,29,366.3547791209172,"(125, 0, 200)","(125, 0, 100)"
14,14,37,380.69218678810057,"(625, 0, 150)","(125, 0, 200)"
15,15,19,348.433019536938,"(625, 0, 200)","(625, 0, 50)"
16,16,21,352.01737145373386,"(375, 0, 200)","(125, 0, 0)"
17,17,35,377.1078348713047,"(125, 0, 150)","(625, 0, 200)"
18,18,25,359.18607528732554,"(375, 0, 150)","(625, 0, 200)"
19,19,21,352.01737145373386,"(375, 0, 0)","(125, 0, 200)"
20,20,43,391.44524253848806,"(625, 0, 0)","(125, 0, 200)"
21,21,17,344.8486676201422,"(625, 0, 100)","(375, 0, 200)"
22,22,53,409.3670021224673,"(125, 0, 200)","(625, 0, 100)"
23,23,55,412.9513540392631,"(125, 0, 200)","(625, 0, 100)"
24,24,29,366.3547791209172,"(125, 0, 50)","(375, 0, 200)"
