Truck_id,Route_id,Origin,Destination,Completion_Time_alone,Completion_Time,Congestion_ratio,CompletionTime_by_Distance,PickupSta_AT,DropSta_AT,,,C_max_prev,C_max_now,C_max,Congestion_ratio_AVG_prev,Congestion_ratio_AVG_now,Congestion_ratio_AVG
Truck-3,Route-3,(425.0 0.0 -5.5),(625.0 0.0 200.0),362.7704,361.176,-0.02540084,13.37689,16.552,39.608,,,379.824,417.496,417.496,0.0386079,0.0676038,0.05310585
Truck-1,Route-1,(175.0 0.0 55.5),(375.0 0.0 200.0),366.3548,365.064,-0.01945258,12.58841,7.128,52.728
Truck-2,Route-2,(675.0 0.0 105.5),(125.0 0.0 200.0),380.6922,376.336,-0.05398541,10.17124,7.128,64.024
Truck-0,Route-0,(175.0 0.0 205.5),(375.0 0.0 50.0),366.3548,376.344,0.1505427,12.97738,7.128,64.024
Truck-4,Route-4,(675.0 0.0 205.5),(125.0 0.0 0.0),369.9391,379.824,0.1413356,12.25239,7.128,67.496
Truck-102,Route-102,(675.0 0.0 105.5),(625.0 0.0 200.0),344.8487,346.016,0.02602815,20.35388,7.256,33.712
Truck-101,Route-101,(675.0 0.0 194.5),(125.0 0.0 200.0),373.5235,377.448,0.05337792,11.43782,24.552,47.784
Truck-100,Route-100,(425.0 0.0 105.5),(125.0 0.0 50.0),373.5235,385.232,0.1592488,11.6737,33.856,46.28
Truck-104,Route-104,(425.0 0.0 155.5),(625.0 0.0 50.0),387.8609,393.056,0.05912868,9.586732,50.64,37.472
Truck-103,Route-103,(175.0 0.0 105.5),(125.0 0.0 200.0),412.9514,417.496,0.04023544,7.590837,75.36,37.024
