Truck_id,Route_id,Path_length,Completion_Time_alone,Pick_station,Drop_station
0,0,77,452.37922512401735,"(625, 0, 50)","(625, 0, 200)"
1,1,31,369.939131037713,"(375, 0, 200)","(375, 0, 100)"
2,2,27,362.77042720412135,"(375, 0, 200)","(375, 0, 0)"
3,3,31,369.939131037713,"(625, 0, 200)","(125, 0, 150)"
4,4,63,427.28876170644645,"(625, 0, 150)","(125, 0, 200)"
