Truck_id,Route_id,Path_length,Completion_Time_alone,Pick_station,Drop_station
0,0,53,409.3670021224673,"(125, 0, 200)","(625, 0, 100)"
1,1,45,395.0295944552839,"(125, 0, 200)","(625, 0, 150)"
2,2,33,373.5234829545089,"(625, 0, 0)","(375, 0, 200)"
3,3,45,395.0295944552839,"(125, 0, 150)","(625, 0, 200)"
4,4,31,369.939131037713,"(125, 0, 0)","(375, 0, 200)"
