Truck_id,Route_id,Path_length,Completion_Time_alone,Pick_station,Drop_station
0,0,45,395.0295944552839,"(375, 0, 50)","(375, 0, 200)"
1,1,49,402.1982982888756,"(375, 0, 150)","(375, 0, 200)"
2,2,31,369.939131037713,"(625, 0, 50)","(625, 0, 200)"
3,3,21,352.01737145373386,"(625, 0, 0)","(625, 0, 200)"
4,4,25,359.18607528732554,"(625, 0, 150)","(125, 0, 200)"
