Truck_id,Route_id,Path_length,Completion_Time_alone,Pick_station,Drop_station
0,0,35,377.1078348713047,"(125, 0, 200)","(125, 0, 50)"
1,1,47,398.61394637207974,"(125, 0, 100)","(625, 0, 200)"
2,2,19,348.433019536938,"(625, 0, 50)","(625, 0, 200)"
3,3,21,352.01737145373386,"(625, 0, 0)","(375, 0, 200)"
4,4,21,352.01737145373386,"(375, 0, 200)","(125, 0, 150)"
