Truck_id,Route_id,Path_length,Completion_Time_alone,Pick_station,Drop_station
0,0,19,348.433019536938,"(625, 0, 50)","(625, 0, 200)"
1,1,27,362.77042720412135,"(375, 0, 0)","(625, 0, 200)"
2,2,35,377.1078348713047,"(625, 0, 0)","(375, 0, 200)"
3,3,33,373.5234829545089,"(125, 0, 50)","(125, 0, 200)"
4,4,41,387.86089062169225,"(375, 0, 200)","(375, 0, 100)"
