Truck_id,Route_id,Path_length,Completion_Time_alone,Pick_station,Drop_station
0,0,39,384.2765387048964,"(125, 0, 200)","(125, 0, 0)"
1,1,31,369.939131037713,"(375, 0, 200)","(375, 0, 100)"
2,2,37,380.69218678810057,"(625, 0, 150)","(125, 0, 200)"
3,3,53,409.3670021224673,"(375, 0, 50)","(625, 0, 200)"
4,4,39,384.2765387048964,"(125, 0, 50)","(625, 0, 200)"
