Truck_id,Route_id,Path_length,Completion_Time_alone,Pick_station,Drop_station
0,0,43,391.44524253848806,"(125, 0, 100)","(125, 0, 200)"
1,1,31,369.939131037713,"(625, 0, 200)","(625, 0, 100)"
2,2,37,380.69218678810057,"(625, 0, 200)","(125, 0, 150)"
3,3,21,352.01737145373386,"(375, 0, 0)","(375, 0, 200)"
4,4,39,384.2765387048964,"(125, 0, 200)","(625, 0, 50)"
