Truck_id,Route_id,Path_length,Completion_Time_alone,Pick_station,Drop_station
0,0,19,348.433019536938,"(625, 0, 200)","(625, 0, 50)"
1,1,27,362.77042720412135,"(375, 0, 100)","(625, 0, 200)"
2,2,45,395.0295944552839,"(625, 0, 0)","(125, 0, 200)"
3,3,41,387.86089062169225,"(375, 0, 200)","(375, 0, 50)"
4,4,39,384.2765387048964,"(125, 0, 50)","(375, 0, 200)"
