Truck_id,Route_id,Path_length,Completion_Time_alone,Pick_station,Drop_station
0,0,33,373.5234829545089,"(375, 0, 50)","(375, 0, 200)"
1,1,35,377.1078348713047,"(625, 0, 0)","(625, 0, 200)"
2,2,23,355.60172337052967,"(375, 0, 150)","(125, 0, 200)"
3,3,27,362.77042720412135,"(375, 0, 0)","(375, 0, 200)"
4,4,35,377.1078348713047,"(125, 0, 200)","(125, 0, 0)"
