Truck_id,Route_id,Path_length,Completion_Time_alone,Pick_station,Drop_station
0,0,39,384.2765387048964,"(125, 0, 200)","(375, 0, 100)"
1,1,43,391.44524253848806,"(625, 0, 100)","(625, 0, 200)"
2,2,27,362.77042720412135,"(125, 0, 100)","(375, 0, 200)"
3,3,19,348.433019536938,"(375, 0, 200)","(375, 0, 50)"
4,4,35,377.1078348713047,"(375, 0, 0)","(125, 0, 200)"
