Truck_id,Route_id,Path_length,Completion_Time_alone,Pick_station,Drop_station
0,0,47,398.61394637207974,"(375, 0, 50)","(625, 0, 200)"
1,1,23,355.60172337052967,"(625, 0, 150)","(625, 0, 200)"
2,2,21,352.01737145373386,"(625, 0, 0)","(375, 0, 200)"
3,3,33,373.5234829545089,"(375, 0, 150)","(125, 0, 200)"
4,4,53,409.3670021224673,"(375, 0, 100)","(375, 0, 200)"
