Truck_id,Route_id,Path_length,Completion_Time_alone,Pick_station,Drop_station
0,0,17,344.8486676201422,"(625, 0, 100)","(625, 0, 200)"
1,1,35,377.1078348713047,"(375, 0, 200)","(375, 0, 100)"
2,2,21,352.01737145373386,"(375, 0, 200)","(375, 0, 150)"
3,3,27,362.77042720412135,"(375, 0, 0)","(625, 0, 200)"
4,4,25,359.18607528732554,"(625, 0, 150)","(125, 0, 200)"
