Truck_id,Route_id,Origin,Destination,Completion_Time_alone,Completion_Time,Congestion_ratio,CompletionTime_by_Distance,PickupSta_AT,DropSta_AT,,,C_max_prev,C_max_now,C_max,Congestion_ratio_AVG_prev,Congestion_ratio_AVG_now,Congestion_ratio_AVG
Truck-2,Route-2,(675.0 0.0 105.5),(375.0 0.0 200.0),344.8487,348.072,0.07187121,20.47482,7.088,35.92,,,391.056,416.832,416.832,0.06089002,0.04042224,0.05065613
Truck-3,Route-3,(425.0 0.0 5.5),(625.0 0.0 200.0),352.0174,357.576,0.1068609,17.02743,7.088,45.384
Truck-0,Route-0,(175.0 0.0 105.5),(125.0 0.0 100.0),369.9391,374.32,0.06263862,12.07484,35.728,33.408
Truck-4,Route-4,(175.0 0.0 155.5),(375.0 0.0 50.0),387.8609,390.208,0.02671389,9.517268,31.056,54.216
Truck-1,Route-1,(675.0 0.0 55.5),(125.0 0.0 150.0),387.8609,391.056,0.03636542,9.537951,40.52,45.544
Truck-104,Route-104,(425.0 0.0 5.5),(625.0 0.0 200.0),352.0174,357.904,0.1131666,17.04305,7.312,45.608
Truck-102,Route-102,(675.0 0.0 205.5),(125.0 0.0 50.0),366.3548,362.536,-0.05755059,12.50124,7.312,50.088
Truck-103,Route-103,(675.0 0.0 55.5),(125.0 0.0 200.0),366.3548,365.36,-0.01499186,12.59862,22.984,37.296
Truck-100,Route-100,(425.0 0.0 105.5),(375.0 0.0 100.0),369.9391,373.928,0.05703377,12.06219,37.704,31.176
Truck-101,Route-101,(175.0 0.0 -5.5),(625.0 0.0 100.0),405.7827,416.832,0.1044533,8.173177,42.68,69.024
