Truck_id,Route_id,Origin,Destination,Completion_Time_alone,Completion_Time,Congestion_ratio,TravelTime_by_Distance,PickupSta_AT,DropSta_AT,,,C_max_prev,C_max_now,C_max,Congestion_ratio_AVG_prev,Congestion_ratio_AVG_now,Congestion_ratio_AVG
Truck-2,Route-2,(425.0 0.0 155.5),(625.0 0.0 200.0),359.1861,354.8,-0.0741066,2.191999,6.928,42.8,,,385.304,423.904,423.904,0.01396378,0.02139073,0.01767725
Truck-1,Route-1,(675.0 0.0 5.5),(125.0 0.0 200.0),369.9391,374.704,0.06812915,2.409807,6.936,62.712
Truck-4,Route-4,(175.0 0.0 55.5),(375.0 0.0 200.0),373.5235,378.776,0.07144022,2.387151,31.168,42.528
Truck-3,Route-3,(675.0 0.0 155.5),(625.0 0.0 150.0),380.6922,383.392,0.03345799,2.253838,30.608,47.744
Truck-0,Route-0,(675.0 0.0 105.5),(625.0 0.0 200.0),387.8609,385.304,-0.02910186,2.080585,29.232,51.096
Truck-100,Route-100,(675.0 0.0 155.5),(375.0 0.0 200.0),341.2643,341.616,0.008522729,2.7744,7.064,29.544
Truck-101,Route-101,(425.0 0.0 205.5),(375.0 0.0 100.0),344.8487,347.728,0.0642011,2.807529,7.064,35.664
Truck-103,Route-103,(175.0 0.0 155.5),(125.0 0.0 100.0),366.3548,366.952,0.009000544,2.30869,30.528,31.408
Truck-102,Route-102,(175.0 0.0 -5.5),(375.0 0.0 50.0),391.4453,396.184,0.05182051,2.236837,52.312,38.808
Truck-104,Route-104,(425.0 0.0 55.5),(625.0 0.0 100.0),427.2888,423.904,-0.02659124,1.96673,53.28,65.608
