Truck_id,Route_id,Origin,Destination,Completion_Time_alone,Completion_Time,Congestion_ratio,TravelTime_by_Distance,PickupSta_AT,DropSta_AT,,,C_max_prev,C_max_now,C_max,Congestion_ratio_AVG_prev,Congestion_ratio_AVG_now,Congestion_ratio_AVG
Truck-2,Route-2,(425.0 0.0 155.5),(625.0 0.0 200.0),359.1861,363.752,0.07714567,2.550081,7.024,51.8,,,398.072,430.576,430.576,0.07972743,0.02929451,0.05451096
Truck-1,Route-1,(675.0 0.0 5.5),(125.0 0.0 200.0),369.9391,379.008,0.1296682,2.548645,7.024,66.968
Truck-4,Route-4,(175.0 0.0 55.5),(375.0 0.0 200.0),373.5235,382.784,0.1259534,2.508606,30.976,46.744
Truck-3,Route-3,(675.0 0.0 155.5),(625.0 0.0 150.0),380.6922,383.424,0.03385472,2.254703,30.12,48.272
Truck-0,Route-0,(675.0 0.0 105.5),(625.0 0.0 200.0),395.0296,398.072,0.03201517,2.179378,29.16,63.904
Truck-100,Route-100,(675.0 0.0 155.5),(375.0 0.0 200.0),341.2643,343.144,0.04555267,2.876267,6.984,31.136
Truck-101,Route-101,(425.0 0.0 194.5),(375.0 0.0 50.0),359.1861,361.176,0.03362158,2.44704,16.6,39.592
Truck-103,Route-103,(175.0 0.0 155.5),(125.0 0.0 100.0),366.3548,366.424,0.001043548,2.290483,30.208,31.16
Truck-104,Route-104,(425.0 0.0 55.5),(375.0 0.0 100.0),373.5235,376.496,0.04042973,2.318061,36.488,31.976
Truck-102,Route-102,(175.0 0.0 5.5),(625.0 0.0 100.0),427.2888,430.576,0.02582499,2.072635,41.472,84.024
