Truck_id,Route_id,Origin,Destination,Completion_Time_alone,Completion_Time,Congestion_ratio,TravelTime_by_Distance,PickupSta_AT,DropSta_AT,,,C_max_prev,C_max_now,C_max,Congestion_ratio_AVG_prev,Congestion_ratio_AVG_now,Congestion_ratio_AVG
Truck-4,Route-4,(175.0 0.0 105.5),(375.0 0.0 200.0),362.7704,360.576,-0.03495958,2.243555,6.984,48.576,,,412.352,402.44,412.352,0.04303347,0.02451779,0.03377562
Truck-1,Route-1,(675.0 0.0 -5.5),(375.0 0.0 200.0),362.7704,366.96,0.06674442,2.48,26.512,35.424
Truck-3,Route-3,(175.0 0.0 55.5),(125.0 0.0 200.0),373.5235,378.16,0.06306198,2.368485,30.984,42.152
Truck-0,Route-0,(425.0 0.0 194.5),(625.0 0.0 200.0),387.8609,392.976,0.0582183,2.267708,32.168,55.736
Truck-2,Route-2,(425.0 0.0 105.5),(625.0 0.0 100.0),405.7827,412.352,0.0621022,2.20298,34.28,67.04
Truck-102,Route-102,(425.0 0.0 155.5),(125.0 0.0 200.0),366.3548,365.056,-0.01957308,2.24331,29.328,30.776
Truck-104,Route-104,(675.0 0.0 -5.5),(375.0 0.0 150.0),366.3548,370.032,0.05541796,2.414897,35.64,26.344
Truck-100,Route-100,(675.0 0.0 155.5),(375.0 0.0 50.0),369.9391,373.976,0.05772014,2.386323,29.792,39.16
Truck-101,Route-101,(175.0 0.0 -5.5),(375.0 0.0 200.0),380.6922,385.584,0.06062315,2.313082,26.712,53.792
Truck-103,Route-103,(175.0 0.0 155.5),(625.0 0.0 50.0),405.7827,402.44,-0.03159924,2.008627,30.064,67.4
