Truck_id,Route_id,Origin,Destination,Completion_Time_alone,Completion_Time,Congestion_ratio,TravelTime_by_Distance,PickupSta_AT,DropSta_AT,,,C_max_prev,C_max_now,C_max,Congestion_ratio_AVG_prev,Congestion_ratio_AVG_now,Congestion_ratio_AVG
Truck-4,Route-4,(675.0 0.0 155.5),(375.0 0.0 200.0),359.1861,354.552,-0.07829653,2.18208,22.72,26.824,,,405.904,398.184,405.904,-0.007494099,0.02430704,0.00840647
Truck-3,Route-3,(675.0 0.0 -5.5),(375.0 0.0 50.0),373.5235,378.264,0.06447655,2.371637,35.64,37.632
Truck-0,Route-0,(175.0 0.0 -5.5),(125.0 0.0 200.0),380.6922,382.24,0.01918141,2.222703,16.48,60.752
Truck-2,Route-2,(175.0 0.0 155.5),(625.0 0.0 0.0),391.4453,390.424,-0.01116778,2.102884,29.976,55.408
Truck-1,Route-1,(175.0 0.0 105.5),(625.0 0.0 50.0),409.367,405.904,-0.03166414,1.998188,65.032,35.792
Truck-104,Route-104,(675.0 0.0 105.5),(375.0 0.0 200.0),344.8487,344.096,-0.01678211,2.593883,7.096,32
Truck-101,Route-101,(675.0 0.0 205.5),(125.0 0.0 50.0),366.3548,366.24,-0.001729742,2.284137,7.096,54.096
Truck-100,Route-100,(425.0 0.0 55.5),(625.0 0.0 200.0),373.5235,376.424,0.03945058,2.315879,30.904,40.488
Truck-103,Route-103,(175.0 0.0 105.5),(375.0 0.0 150.0),384.2766,386.544,0.02690495,2.219077,34.792,46.704
Truck-102,Route-102,(425.0 0.0 105.5),(625.0 0.0 50.0),391.4453,398.184,0.07369152,2.283349,36.168,54
