Truck_id,Route_id,Origin,Destination,Completion_Time_alone,Completion_Time,Congestion_ratio,TravelTime_by_Distance,PickupSta_AT,DropSta_AT,,,C_max_prev,C_max_now,C_max,Congestion_ratio_AVG_prev,Congestion_ratio_AVG_now,Congestion_ratio_AVG
Truck-4,Route-4,(175.0 0.0 155.5),(125.0 0.0 150.0),362.7704,361.48,-0.02055754,2.277037,29.904,26.584,,,429.56,406.56,429.56,0.04351813,0.05972629,0.0516222
Truck-0,Route-0,(675.0 0.0 105.5),(375.0 0.0 50.0),373.5235,378.808,0.07187563,2.388122,34.392,39.336
Truck-2,Route-2,(675.0 0.0 55.5),(375.0 0.0 100.0),373.5235,382.824,0.1264975,2.509818,39.288,35.536
Truck-1,Route-1,(425.0 0.0 155.5),(625.0 0.0 0.0),391.4453,396,0.04980848,2.232558,30.08,57.888
Truck-3,Route-3,(675.0 0.0 5.5),(625.0 0.0 200.0),430.8731,429.56,-0.01003346,1.993231,45.624,78.92
Truck-100,Route-100,(425.0 0.0 205.5),(375.0 0.0 150.0),341.2643,343.128,0.0451644,2.875199,7.024,31.096
Truck-104,Route-104,(175.0 0.0 5.5),(375.0 0.0 200.0),352.0174,355.632,0.06948879,2.649142,7.024,43.528
Truck-102,Route-102,(425.0 0.0 5.5),(125.0 0.0 200.0),369.9391,373.128,0.04559499,2.358968,34.424,33.648
Truck-101,Route-101,(675.0 0.0 -5.5),(625.0 0.0 50.0),373.5235,380.56,0.09570454,2.441212,35.728,39.808
Truck-103,Route-103,(675.0 0.0 155.5),(375.0 0.0 100.0),402.1983,406.56,0.04267874,2.174694,49.008,52.544
