Truck_id,Route_id,Origin,Destination,Completion_Time_alone,Completion_Time,Congestion_ratio,TravelTime_by_Distance,PickupSta_AT,DropSta_AT,,,C_max_prev,C_max_now,C_max,Congestion_ratio_AVG_prev,Congestion_ratio_AVG_now,Congestion_ratio_AVG
Truck-3,Route-3,(425.0 0.0 155.5),(375.0 0.0 200.0),377.1078,372.544,-0.05918778,2.072686,22.736,44.8,,,393.792,414.624,414.624,0.04672558,0.02268713,0.03470635
Truck-0,Route-0,(675.0 0.0 -5.5),(125.0 0.0 200.0),380.6922,381.064,0.004607579,2.190919,32.768,43.288
Truck-1,Route-1,(675.0 0.0 55.5),(375.0 0.0 50.0),377.1078,390.76,0.1770528,2.593143,38.712,41.032
Truck-4,Route-4,(675.0 0.0 105.5),(125.0 0.0 100.0),387.8609,391.696,0.04364983,2.236488,35.088,51.608
Truck-2,Route-2,(425.0 0.0 105.5),(375.0 0.0 200.0),387.8609,393.792,0.06750547,2.28761,29.232,59.528
Truck-100,Route-100,(175.0 0.0 155.5),(375.0 0.0 50.0),387.8609,386.648,-0.01380467,2.113366,29.8,51.784
Truck-102,Route-102,(175.0 0.0 55.5),(375.0 0.0 200.0),391.4453,393.008,0.0170894,2.162977,46.664,41.272
Truck-103,Route-103,(425.0 0.0 155.5),(125.0 0.0 150.0),398.614,397.312,-0.0132024,2.070468,45.632,46.664
Truck-104,Route-104,(425.0 0.0 105.5),(375.0 0.0 200.0),395.0296,402.184,0.07528589,2.270755,49.32,47.832
Truck-101,Route-101,(175.0 0.0 194.5),(125.0 0.0 200.0),409.367,414.624,0.04806741,2.162717,62.592,47.024
