Truck_id,Route_id,Origin,Destination,Completion_Time_alone,Completion_Time,Congestion_ratio,TravelTime_by_Distance,PickupSta_AT,DropSta_AT,,,C_max_prev,C_max_now,C_max,Congestion_ratio_AVG_prev,Congestion_ratio_AVG_now,Congestion_ratio_AVG
Truck-1,Route-1,(675.0 0.0 5.5),(625.0 0.0 200.0),352.0174,358.368,0.1220871,2.779429,6.848,46.432,,,389.96,385.96,389.96,0.01003092,0.02896548,0.0194982
Truck-0,Route-0,(425.0 0.0 -5.5),(375.0 0.0 200.0),362.7704,366.96,0.06674442,2.48,26.312,35.624
Truck-4,Route-4,(675.0 0.0 194.5),(125.0 0.0 200.0),380.6922,379.512,-0.01462603,2.148973,28.44,46.016
Truck-3,Route-3,(175.0 0.0 55.5),(375.0 0.0 150.0),387.8609,384.672,-0.03629491,2.065171,52.72,26.92
Truck-2,Route-2,(425.0 0.0 105.5),(625.0 0.0 200.0),398.614,389.96,-0.08775595,1.914042,22.688,62.192
Truck-103,Route-103,(425.0 0.0 155.5),(125.0 0.0 200.0),341.2643,341.664,0.009686063,2.7776,7.04,29.584
Truck-102,Route-102,(675.0 0.0 205.5),(625.0 0.0 100.0),344.8487,350.68,0.1300224,2.981176,7.04,38.552
Truck-104,Route-104,(675.0 0.0 105.5),(375.0 0.0 200.0),362.7704,360.024,-0.04375356,2.223111,22.728,32.32
Truck-101,Route-101,(675.0 0.0 55.5),(625.0 0.0 0.0),380.6922,383.024,0.02889731,2.243891,39.376,38.64
Truck-100,Route-100,(175.0 0.0 155.5),(125.0 0.0 100.0),384.2766,385.96,0.0199752,2.204102,45.672,35.264
