Truck_id,Route_id,Origin,Destination,Completion_Time_alone,Completion_Time,Congestion_ratio,TravelTime_by_Distance,PickupSta_AT,DropSta_AT,,,C_max_prev,C_max_now,C_max,Congestion_ratio_AVG_prev,Congestion_ratio_AVG_now,Congestion_ratio_AVG
Truck-1,Route-1,(675.0 0.0 155.5),(125.0 0.0 200.0),359.1861,358.208,-0.01652514,2.32832,6.872,46.28,,,404.448,382.344,404.448,0.08506346,0.03976634,0.0624149
Truck-4,Route-4,(175.0 0.0 194.5),(125.0 0.0 50.0),359.1861,367.336,0.1377002,2.69344,16.648,45.656
Truck-3,Route-3,(175.0 0.0 105.5),(375.0 0.0 200.0),377.1078,385.784,0.1125196,2.450971,33.504,47.264
Truck-0,Route-0,(425.0 0.0 -5.5),(125.0 0.0 150.0),384.2766,395.44,0.1324621,2.44718,44.976,45.36
Truck-2,Route-2,(675.0 0.0 55.5),(625.0 0.0 200.0),398.614,404.448,0.05916044,2.222298,30.104,69.328
Truck-101,Route-101,(425.0 0.0 205.5),(375.0 0.0 0.0),352.0174,356.304,0.0824075,2.681142,7.08,44.176
Truck-100,Route-100,(425.0 0.0 -5.5),(625.0 0.0 200.0),362.7704,363.56,0.01257888,2.354074,16.536,41.952
Truck-103,Route-103,(675.0 0.0 105.5),(625.0 0.0 50.0),373.5235,377.856,0.05892703,2.359272,36.528,36.24
Truck-104,Route-104,(175.0 0.0 55.5),(125.0 0.0 200.0),373.5235,378.512,0.06784943,2.379151,31.224,42.28
Truck-102,Route-102,(425.0 0.0 55.5),(375.0 0.0 200.0),384.2766,382.344,-0.02293113,2.111384,30.424,46.904
