Truck_id,Route_id,Path_length,Completion_Time_alone,Pick_station,Drop_station
0,0,37,380.69218678810057,"(375, 0, 200)","(625, 0, 150)"
1,1,19,348.433019536938,"(125, 0, 50)","(125, 0, 200)"
2,2,31,369.939131037713,"(125, 0, 200)","(125, 0, 100)"
3,3,49,402.1982982888756,"(125, 0, 150)","(625, 0, 200)"
4,4,15,341.2643157033463,"(625, 0, 200)","(375, 0, 150)"
