Truck_id,Route_id,Path_length,Completion_Time_alone,Pick_station,Drop_station
0,0,29,366.3547791209172,"(375, 0, 200)","(375, 0, 150)"
1,1,17,344.8486676201422,"(375, 0, 100)","(125, 0, 200)"
2,2,15,341.2643157033463,"(625, 0, 200)","(625, 0, 150)"
3,3,31,369.939131037713,"(625, 0, 200)","(625, 0, 50)"
4,4,41,387.86089062169225,"(125, 0, 200)","(375, 0, 50)"
