Truck_id,Route_id,Path_length,Completion_Time_alone,Pick_station,Drop_station
0,0,29,366.3547791209172,"(375, 0, 200)","(375, 0, 150)"
1,1,19,348.433019536938,"(125, 0, 50)","(125, 0, 200)"
2,2,15,341.2643157033463,"(125, 0, 200)","(125, 0, 150)"
3,3,27,362.77042720412135,"(625, 0, 50)","(375, 0, 200)"
4,4,17,344.8486676201422,"(625, 0, 100)","(625, 0, 200)"
