Truck_id,Route_id,Path_length,Completion_Time_alone,Pick_station,Drop_station
0,0,51,405.7826502056714,"(375, 0, 150)","(375, 0, 200)"
1,1,29,366.3547791209172,"(125, 0, 200)","(125, 0, 100)"
2,2,15,341.2643157033463,"(625, 0, 200)","(625, 0, 150)"
3,3,47,398.61394637207974,"(625, 0, 50)","(125, 0, 200)"
4,4,49,402.1982982888756,"(125, 0, 50)","(625, 0, 200)"
