Truck_id,Route_id,Path_length,Completion_Time_alone,Pick_station,Drop_station
0,0,27,362.77042720412135,"(625, 0, 50)","(375, 0, 200)"
1,1,35,377.1078348713047,"(625, 0, 200)","(625, 0, 0)"
2,2,45,395.0295944552839,"(125, 0, 200)","(375, 0, 50)"
3,3,29,366.3547791209172,"(375, 0, 200)","(125, 0, 150)"
4,4,27,362.77042720412135,"(125, 0, 100)","(125, 0, 200)"
