Truck_id,Route_id,Path_length,Completion_Time_alone,Pick_station,Drop_station
0,0,21,352.01737145373386,"(625, 0, 200)","(375, 0, 0)"
1,1,35,377.1078348713047,"(125, 0, 200)","(625, 0, 150)"
2,2,37,380.69218678810057,"(375, 0, 150)","(125, 0, 200)"
3,3,27,362.77042720412135,"(625, 0, 200)","(625, 0, 0)"
4,4,41,387.86089062169225,"(375, 0, 200)","(625, 0, 100)"
