Truck_id,Route_id,Path_length,Completion_Time_alone,Pick_station,Drop_station
0,0,17,344.8486676201422,"(375, 0, 200)","(375, 0, 100)"
1,1,35,377.1078348713047,"(125, 0, 0)","(125, 0, 200)"
2,2,35,377.1078348713047,"(625, 0, 200)","(375, 0, 50)"
3,3,25,359.18607528732554,"(125, 0, 150)","(375, 0, 200)"
4,4,29,366.3547791209172,"(625, 0, 200)","(625, 0, 150)"
