Truck_id,Route_id,Path_length,Completion_Time_alone,Pick_station,Drop_station
0,0,55,412.9513540392631,"(375, 0, 0)","(375, 0, 200)"
1,1,15,341.2643157033463,"(625, 0, 150)","(625, 0, 200)"
2,2,15,341.2643157033463,"(375, 0, 150)","(125, 0, 200)"
3,3,45,395.0295944552839,"(625, 0, 200)","(125, 0, 50)"
4,4,37,380.69218678810057,"(375, 0, 50)","(125, 0, 200)"
