Truck_id,Route_id,Path_length,Completion_Time_alone,Pick_station,Drop_station
0,0,21,352.01737145373386,"(125, 0, 200)","(375, 0, 0)"
1,1,23,355.60172337052967,"(625, 0, 150)","(375, 0, 200)"
2,2,39,384.2765387048964,"(375, 0, 200)","(625, 0, 100)"
3,3,39,384.2765387048964,"(375, 0, 100)","(625, 0, 200)"
4,4,43,391.44524253848806,"(125, 0, 0)","(625, 0, 200)"
