Truck_id,Route_id,Origin,Destination,Completion_Time_alone,Completion_Time,Congestion_ratio,TravelTime_by_Distance,PickupSta_AT,DropSta_AT,,,C_max_prev,C_max_now,C_max,Congestion_ratio_AVG_prev,Congestion_ratio_AVG_now,Congestion_ratio_AVG
Truck-4,Route-4,(425.0 0.0 55.5),(125.0 0.0 200.0),348.433,350.424,0.04110827,2.653895,7.128,38.304,,,412.472,389.56,412.472,0.1018004,0.03786091,0.06983066
Truck-5,Route-5,(425.0 0.0 5.5),(375.0 0.0 200.0),352.0174,359.176,0.13762,2.817904,7.12,47.032
Truck-0,Route-0,(175.0 0.0 5.5),(375.0 0.0 200.0),352.0174,362.744,0.2062124,2.987809,7.128,50.56
Truck-8,Route-8,(675.0 0.0 155.5),(625.0 0.0 150.0),362.7704,364.84,0.03297063,2.401481,30.312,29.512
Truck-6,Route-6,(425.0 0.0 194.5),(375.0 0.0 100.0),355.6017,365.448,0.177086,2.845565,16.456,44.016
Truck-7,Route-7,(425.0 0.0 155.5),(625.0 0.0 0.0),373.5235,378.696,0.07035232,2.384728,30.312,43.36
Truck-9,Route-9,(175.0 0.0 55.5),(125.0 0.0 100.0),373.5235,382.528,0.1224717,2.500849,39.52,32.048
Truck-2,Route-2,(675.0 0.0 105.5),(125.0 0.0 150.0),384.2766,384.92,0.007635138,2.177436,34.088,45.784
Truck-3,Route-3,(675.0 0.0 55.5),(625.0 0.0 50.0),377.1078,389.392,0.1593113,2.554057,39.176,39.184
Truck-1,Route-1,(175.0 0.0 105.5),(625.0 0.0 100.0),405.7827,412.472,0.06323656,2.205333,35.04,72.392
Truck-107,Route-107,(675.0 0.0 155.5),(125.0 0.0 200.0),359.1861,354.928,-0.07194357,2.19712,7.192,42.792
Truck-106,Route-106,(425.0 0.0 205.5),(625.0 0.0 100.0),362.7704,364.304,0.0244314,2.381629,7.192,52.128
Truck-105,Route-105,(675.0 0.0 105.5),(125.0 0.0 200.0),362.7704,365.088,0.0369218,2.410667,22.824,37.352
Truck-101,Route-101,(175.0 0.0 155.5),(625.0 0.0 200.0),377.1078,375.2,-0.02474245,2.148572,7.2,63.024
Truck-109,Route-109,(675.0 0.0 -5.5),(375.0 0.0 50.0),373.5235,376.864,0.04543509,2.329212,35.976,35.824
Truck-102,Route-102,(425.0 0.0 -5.5),(625.0 0.0 0.0),377.1078,381.752,0.06022947,2.335772,38.752,37.952
Truck-108,Route-108,(425.0 0.0 55.5),(375.0 0.0 200.0),373.5235,384.344,0.1471711,2.555879,35.128,44.216
Truck-100,Route-100,(175.0 0.0 105.5),(375.0 0.0 0.0),377.1078,385.48,0.1085773,2.442286,34.496,45.992
Truck-103,Route-103,(425.0 0.0 155.5),(625.0 0.0 50.0),387.8609,386.968,-0.01016281,2.121171,30.176,51.784
Truck-104,Route-104,(175.0 0.0 55.5),(625.0 0.0 200.0),384.2766,389.56,0.06269179,2.29641,7.192,77.408
