Truck_id,Route_id,Origin,Destination,Completion_Time_alone,Completion_Time,Congestion_ratio,TravelTime_by_Distance,PickupSta_AT,DropSta_AT,,,C_max_prev,C_max_now,C_max,Congestion_ratio_AVG_prev,Congestion_ratio_AVG_now,Congestion_ratio_AVG
Truck-100,Route-100,(175.0 0.0 155.5),(125.0 0.0 200.0),341.2643,343.888,0.06358249,2.925867,7.464,31.504,,,431.152,396.64,431.152,0.03051668,0.08016208,0.06361362
Truck-103,Route-103,(675.0 0.0 105.5),(375.0 0.0 200.0),344.8487,344.416,-0.009647517,2.612705,7.464,32.048
Truck-4,Route-4,(675.0 0.0 205.5),(125.0 0.0 150.0),359.1861,355.144,-0.068294,2.20576,7.048,43.168
Truck-107,Route-107,(425.0 0.0 205.5),(625.0 0.0 0.0),352.0174,355.064,0.0585695,2.622095,7.456,42.632
Truck-102,Route-102,(675.0 0.0 155.5),(375.0 0.0 200.0),359.1861,359.92,0.01240068,2.396801,22.768,29.2
Truck-1,Route-1,(425.0 0.0 105.5),(625.0 0.0 0.0),377.1078,381.904,0.06220045,2.340114,38.52,38.44
Truck-109,Route-109,(175.0 0.0 -5.5),(125.0 0.0 200.0),362.7704,375.568,0.2038791,2.798815,30.616,39.952
Truck-108,Route-108,(675.0 0.0 205.5),(375.0 0.0 0.0),369.9391,380.56,0.1518589,2.59871,7.456,68.16
Truck-106,Route-106,(175.0 0.0 205.5),(625.0 0.0 150.0),377.1078,383.304,0.08035675,2.380114,7.456,70.92
Truck-2,Route-2,(675.0 0.0 55.5),(625.0 0.0 200.0),391.4453,394.272,0.03091196,2.192372,22.568,66.792
Truck-101,Route-101,(675.0 0.0 55.5),(625.0 0.0 200.0),384.2766,387.808,0.04190328,2.251487,31.632,51.176
Truck-105,Route-105,(175.0 0.0 55.5),(625.0 0.0 200.0),391.4453,391.544,0.001079935,2.12893,32.128,54.776
Truck-104,Route-104,(425.0 0.0 -5.5),(625.0 0.0 200.0),380.6922,396.64,0.1976376,2.611892,29.592,62.168
Truck-0,Route-0,(175.0 0.0 105.5),(625.0 0.0 50.0),416.5357,427.888,0.09741473,2.243649,36.712,86.192
Truck-3,Route-3,(175.0 0.0 55.5),(375.0 0.0 200.0),427.2888,431.152,0.03035029,2.081778,90.696,35.584
