Truck_id,Route_id,Origin,Destination,Completion_Time_alone,Completion_Time,Congestion_ratio,TravelTime_by_Distance,PickupSta_AT,DropSta_AT,,,C_max_prev,C_max_now,C_max,Congestion_ratio_AVG_prev,Congestion_ratio_AVG_now,Congestion_ratio_AVG
Truck-109,Route-109,(175.0 0.0 155.5),(125.0 0.0 200.0),341.2643,340.672,-0.01435419,2.711467,7.672,28.064,,,413.504,422.296,422.296,0.1873191,0.228908,0.215045
Truck-106,Route-106,(425.0 0.0 194.5),(375.0 0.0 150.0),352.0174,353.16,0.02196649,2.531429,16.784,31.544
Truck-0,Route-0,(425.0 0.0 205.5),(625.0 0.0 50.0),366.3548,377.352,0.1657337,2.66731,7.192,65.328
Truck-4,Route-4,(175.0 0.0 -5.5),(125.0 0.0 100.0),369.9391,387.176,0.2464555,2.812129,41.864,40.496
Truck-107,Route-107,(175.0 0.0 -5.5),(375.0 0.0 200.0),362.7704,379.48,0.2662018,2.943704,16.784,57.752
Truck-2,Route-2,(425.0 0.0 105.5),(625.0 0.0 0.0),377.1078,393.392,0.2111867,2.668343,36.872,51.568
Truck-1,Route-1,(675.0 0.0 55.5),(375.0 0.0 0.0),380.6922,397.04,0.2025947,2.622703,39.712,52.44
Truck-105,Route-105,(175.0 0.0 105.5),(125.0 0.0 50.0),373.5235,393.952,0.2778504,2.84703,36.224,46.808
Truck-101,Route-101,(675.0 0.0 194.5),(125.0 0.0 200.0),373.5235,397.52,0.3263791,2.955151,26.864,65.576
Truck-3,Route-3,(175.0 0.0 155.5),(625.0 0.0 100.0),402.1983,413.504,0.1106251,2.316408,30.704,77.992
Truck-100,Route-100,(425.0 0.0 -5.5),(125.0 0.0 200.0),398.614,408.136,0.09655868,2.300766,42.296,60.984
Truck-102,Route-102,(425.0 0.0 155.5),(375.0 0.0 50.0),387.8609,408.384,0.2335863,2.643512,51.248,52.44
Truck-103,Route-103,(425.0 0.0 55.5),(375.0 0.0 100.0),373.5235,410.208,0.4989501,3.339637,44.216,61.136
Truck-104,Route-104,(175.0 0.0 194.5),(125.0 0.0 0.0),398.614,417.352,0.190014,2.496851,34.312,75.136
Truck-108,Route-108,(425.0 0.0 105.5),(625.0 0.0 100.0),387.8609,422.296,0.3919273,2.982829,40.336,77.008
