Truck_id,Route_id,Origin,Destination,Completion_Time_alone,Completion_Time,Congestion_ratio,TravelTime_by_Distance,PickupSta_AT,DropSta_AT,,,C_max_prev,C_max_now,C_max,Congestion_ratio_AVG_prev,Congestion_ratio_AVG_now,Congestion_ratio_AVG
Truck-101,Route-101,(675.0 0.0 105.5),(375.0 0.0 200.0),344.8487,349.12,0.09523878,2.889411,7.624,36.624,,,418.048,411.424,418.048,0.06701841,0.1178977,0.1009379
Truck-0,Route-0,(425.0 0.0 194.5),(375.0 0.0 200.0),355.6017,359.328,0.0670175,2.579479,24.28,30.256
Truck-100,Route-100,(425.0 0.0 55.5),(375.0 0.0 200.0),348.433,353.216,0.09875473,2.800842,7.624,40.672
Truck-2,Route-2,(675.0 0.0 205.5),(125.0 0.0 50.0),366.3548,363.656,-0.0406717,2.195035,7.048,51.928
Truck-3,Route-3,(425.0 0.0 -5.5),(375.0 0.0 200.0),362.7704,364.16,0.02213762,2.376297,16.44,42.936
Truck-108,Route-108,(175.0 0.0 205.5),(125.0 0.0 0.0),352.0174,357.288,0.1013244,2.728,7.616,44.768
Truck-102,Route-102,(675.0 0.0 5.5),(625.0 0.0 200.0),352.0174,362.232,0.1963696,2.963428,7.624,43.712
Truck-109,Route-109,(175.0 0.0 155.5),(375.0 0.0 200.0),359.1861,373.696,0.2451582,2.947841,7.616,61.24
Truck-1,Route-1,(175.0 0.0 5.5),(125.0 0.0 150.0),373.5235,388.76,0.2072337,2.689697,43.584,31.128
Truck-105,Route-105,(675.0 0.0 155.5),(625.0 0.0 200.0),384.2766,383.928,-0.004135685,2.152,30.304,48.64
Truck-107,Route-107,(175.0 0.0 -5.5),(375.0 0.0 200.0),380.6922,386.016,0.06597653,2.324757,27.056,54.136
Truck-106,Route-106,(175.0 0.0 105.5),(625.0 0.0 200.0),380.6922,395.832,0.1876241,2.590054,7.616,83.376
Truck-104,Route-104,(675.0 0.0 194.5),(125.0 0.0 200.0),395.0296,404.76,0.1023934,2.328,59.608,40.424
Truck-4,Route-4,(425.0 0.0 105.5),(625.0 0.0 50.0),409.367,418.048,0.07937495,2.227321,36.008,77.144
Truck-103,Route-103,(425.0 0.0 205.5),(625.0 0.0 50.0),402.1983,411.424,0.09027261,2.273959,30.552,73.112
