Truck_id,Route_id,Origin,Destination,Completion_Time_alone,Completion_Time,Congestion_ratio,TravelTime_by_Distance,PickupSta_AT,DropSta_AT,,,C_max_prev,C_max_now,C_max,Congestion_ratio_AVG_prev,Congestion_ratio_AVG_now,Congestion_ratio_AVG
Truck-106,Route-106,(675.0 0.0 205.5),(375.0 0.0 100.0),344.8487,346.784,0.04315253,2.752,7.584,34.208,,,410.008,425.112,425.112,0.0437546,0.1357223,0.1050664
Truck-3,Route-3,(425.0 0.0 5.5),(125.0 0.0 200.0),352.0174,357.488,0.1051695,2.737524,7.328,45.384
Truck-101,Route-101,(425.0 0.0 205.5),(125.0 0.0 100.0),344.8487,349.304,0.09934125,2.900234,7.584,36.936
Truck-4,Route-4,(425.0 0.0 55.5),(625.0 0.0 200.0),366.3548,363.52,-0.04272154,2.190344,7.328,51.632
Truck-2,Route-2,(675.0 0.0 105.5),(375.0 0.0 200.0),362.7704,365.2,0.03870607,2.414815,31.336,29.12
Truck-102,Route-102,(425.0 0.0 5.5),(375.0 0.0 200.0),352.0174,360.648,0.1659185,2.888,7.584,48.24
Truck-104,Route-104,(175.0 0.0 5.5),(375.0 0.0 200.0),352.0174,364.376,0.2375869,3.065524,7.584,51.696
Truck-0,Route-0,(175.0 0.0 205.5),(625.0 0.0 100.0),380.6922,386.96,0.07767531,2.35027,7.328,74.792
Truck-105,Route-105,(175.0 0.0 205.5),(625.0 0.0 0.0),369.9391,385.4,0.2210619,2.754838,7.584,72.92
Truck-107,Route-107,(675.0 0.0 105.5),(125.0 0.0 200.0),380.6922,387.176,0.08035219,2.356108,7.584,74.704
Truck-103,Route-103,(425.0 0.0 155.5),(625.0 0.0 200.0),380.6922,392.28,0.1436049,2.494054,7.584,79.8
Truck-108,Route-108,(675.0 0.0 5.5),(125.0 0.0 200.0),387.8609,394.672,0.07752135,2.309073,59.856,29.84
Truck-1,Route-1,(425.0 0.0 205.5),(625.0 0.0 200.0),405.7827,410.008,0.03994362,2.15702,36.48,68.368
Truck-100,Route-100,(425.0 0.0 55.5),(625.0 0.0 200.0),409.367,411.552,0.01997858,2.104755,23.232,83.512
Truck-109,Route-109,(175.0 0.0 105.5),(375.0 0.0 50.0),398.614,425.112,0.2687048,2.661958,37.032,83.112
