Truck_id,Route_id,Origin,Destination,Completion_Time_alone,Completion_Time,Congestion_ratio,TravelTime_by_Distance,PickupSta_AT,DropSta_AT,,,C_max_prev,C_max_now,C_max,Congestion_ratio_AVG_prev,Congestion_ratio_AVG_now,Congestion_ratio_AVG
Truck-108,Route-108,(425.0 0.0 155.5),(375.0 0.0 200.0),341.2643,348.064,0.1647836,3.204266,7.392,35.688,,,401.632,439.248,439.248,0.08878393,0.1404787,0.1232471
Truck-103,Route-103,(675.0 0.0 155.5),(625.0 0.0 200.0),341.2643,348.328,0.1711816,3.221867,7.392,35.968
Truck-101,Route-101,(675.0 0.0 105.5),(625.0 0.0 200.0),344.8487,351.776,0.1544603,3.045647,7.392,39.432
Truck-106,Route-106,(425.0 0.0 55.5),(375.0 0.0 200.0),348.433,352.032,0.0743088,2.738527,7.392,39.72
Truck-109,Route-109,(675.0 0.0 205.5),(125.0 0.0 100.0),362.7704,365.832,0.04877432,2.438222,7.392,53.576
Truck-100,Route-100,(425.0 0.0 -5.5),(125.0 0.0 200.0),362.7704,373.776,0.1753308,2.732445,31.2,37.704
Truck-4,Route-4,(175.0 0.0 55.5),(125.0 0.0 0.0),380.6922,385.584,0.06062315,2.313082,39.784,40.744
Truck-104,Route-104,(175.0 0.0 155.5),(125.0 0.0 150.0),362.7704,376.368,0.2166243,2.828445,32.568,35.904
Truck-2,Route-2,(425.0 0.0 155.5),(375.0 0.0 150.0),380.6922,387.944,0.08986991,2.376865,31.04,52.024
Truck-0,Route-0,(175.0 0.0 105.5),(625.0 0.0 200.0),380.6922,390.264,0.1186212,2.439568,7.264,78.008
Truck-105,Route-105,(675.0 0.0 -5.5),(375.0 0.0 0.0),377.1078,382.144,0.06531323,2.346972,37.04,40.192
Truck-3,Route-3,(425.0 0.0 5.5),(375.0 0.0 200.0),387.8609,393.432,0.06340825,2.278829,41.464,46.968
Truck-107,Route-107,(175.0 0.0 -5.5),(625.0 0.0 0.0),377.1078,390.584,0.1747704,2.588115,43.984,41.76
Truck-1,Route-1,(675.0 0.0 105.5),(625.0 0.0 50.0),391.4453,401.632,0.1113971,2.363535,35.872,61.056
Truck-102,Route-102,(175.0 0.0 55.5),(625.0 0.0 50.0),420.1201,439.248,0.1592401,2.360135,40.176,93.976
