Truck_id,Route_id,Origin,Destination,Completion_Time_alone,Completion_Time,Congestion_ratio,TravelTime_by_Distance,PickupSta_AT,DropSta_AT,,,C_max_prev,C_max_now,C_max,Congestion_ratio_AVG_prev,Congestion_ratio_AVG_now,Congestion_ratio_AVG
Truck-105,Route-105,(675.0 0.0 155.5),(625.0 0.0 200.0),341.2643,342.592,0.03217545,2.839467,7.52,30.128,,,392.688,429.264,429.264,0.06862222,0.07795536,0.07484432
Truck-100,Route-100,(425.0 0.0 55.5),(375.0 0.0 200.0),348.433,350.576,0.04424616,2.661894,7.528,38.12
Truck-2,Route-2,(675.0 0.0 55.5),(125.0 0.0 200.0),366.3548,365.6,-0.01137463,2.262069,22.696,38.04
Truck-107,Route-107,(175.0 0.0 205.5),(375.0 0.0 150.0),359.1861,360.392,0.02037528,2.41568,7.52,47.992
Truck-108,Route-108,(425.0 0.0 5.5),(375.0 0.0 200.0),352.0174,363.216,0.2152866,3.010286,7.52,50.816
Truck-102,Route-102,(425.0 0.0 205.5),(125.0 0.0 50.0),366.3548,368.416,0.03106361,2.359172,7.528,55.928
Truck-1,Route-1,(175.0 0.0 105.5),(125.0 0.0 200.0),377.1078,383.504,0.08295068,2.385828,34.472,44.144
Truck-109,Route-109,(675.0 0.0 55.5),(375.0 0.0 200.0),366.3548,375.808,0.1424652,2.614069,31,39.824
Truck-3,Route-3,(675.0 0.0 155.5),(625.0 0.0 200.0),384.2766,388.56,0.05082609,2.270769,30.448,53.368
Truck-4,Route-4,(425.0 0.0 155.5),(625.0 0.0 150.0),380.6922,390.448,0.1209014,2.444541,30.936,54.6
Truck-0,Route-0,(175.0 0.0 155.5),(125.0 0.0 100.0),384.2766,392.688,0.09980758,2.376615,45.8,41.816
Truck-104,Route-104,(675.0 0.0 105.5),(625.0 0.0 50.0),373.5235,386.76,0.1800315,2.629091,36.992,41.952
Truck-103,Route-103,(175.0 0.0 155.5),(625.0 0.0 0.0),391.4453,394.424,0.03257424,2.195907,31,58.472
Truck-101,Route-101,(175.0 0.0 105.5),(625.0 0.0 200.0),395.0296,398.488,0.03639292,2.188622,7.528,86.08
Truck-106,Route-106,(175.0 0.0 55.5),(625.0 0.0 100.0),423.7044,429.264,0.04494262,2.119082,39.184,85.208
