Truck_id,Route_id,Origin,Destination,Completion_Time_alone,Completion_Time,Congestion_ratio,TravelTime_by_Distance,PickupSta_AT,DropSta_AT,,,C_max_prev,C_max_now,C_max,Congestion_ratio_AVG_prev,Congestion_ratio_AVG_now,Congestion_ratio_AVG
Truck-101,Route-101,(675.0 0.0 155.5),(375.0 0.0 200.0),341.2643,348.912,0.1853339,3.260799,7.744,36.248,,,409.296,417.504,417.504,0.04392029,0.07764295,0.06640206
Truck-104,Route-104,(175.0 0.0 194.5),(375.0 0.0 100.0),355.6017,355.384,-0.00391557,2.408,17.272,33.216
Truck-4,Route-4,(175.0 0.0 155.5),(125.0 0.0 150.0),362.7704,365.984,0.05119597,2.443852,30.736,30.376
Truck-3,Route-3,(175.0 0.0 194.5),(625.0 0.0 150.0),369.9391,367.04,-0.04145189,2.162581,16.688,45.48
Truck-105,Route-105,(425.0 0.0 55.5),(125.0 0.0 200.0),366.3548,368.344,0.02997866,2.356689,7.744,55.848
Truck-109,Route-109,(675.0 0.0 55.5),(125.0 0.0 200.0),366.3548,369.896,0.05336812,2.410207,7.744,57.232
Truck-103,Route-103,(175.0 0.0 105.5),(375.0 0.0 200.0),362.7704,374.136,0.1810657,2.745777,7.744,61.48
Truck-100,Route-100,(425.0 0.0 194.5),(125.0 0.0 150.0),369.9391,376.216,0.08974786,2.458581,17.28,54.152
Truck-1,Route-1,(175.0 0.0 -5.5),(125.0 0.0 200.0),380.6922,395.36,0.1817745,2.577297,47.648,42.608
Truck-2,Route-2,(425.0 0.0 -5.5),(625.0 0.0 0.0),395.0296,397.76,0.02873218,2.172445,54.024,38.872
Truck-102,Route-102,(675.0 0.0 -5.5),(125.0 0.0 200.0),380.6922,391.312,0.1316089,2.467892,30.408,56.112
Truck-0,Route-0,(175.0 0.0 55.5),(375.0 0.0 100.0),409.367,409.296,-0.000649322,2.062188,69.248,35.16
Truck-108,Route-108,(425.0 0.0 -5.5),(375.0 0.0 0.0),395.0296,401.816,0.07141361,2.262578,38.12,58.72
Truck-106,Route-106,(175.0 0.0 155.5),(625.0 0.0 0.0),409.367,409.096,-0.00247786,2.058415,31.648,72.696
Truck-107,Route-107,(425.0 0.0 105.5),(625.0 0.0 200.0),412.9514,417.504,0.04030623,2.136436,30.688,81.872
