Truck_id,Route_id,Origin,Destination,Completion_Time_alone,Completion_Time,Congestion_ratio,TravelTime_by_Distance,PickupSta_AT,DropSta_AT,,,C_max_prev,C_max_now,C_max,Congestion_ratio_AVG_prev,Congestion_ratio_AVG_now,Congestion_ratio_AVG
Truck-2,Route-2,(425.0 0.0 155.5),(625.0 0.0 200.0),359.1861,355.168,-0.06788872,2.20672,7.392,42.848,,,418.872,409.248,418.872,0.03036036,0.08249293,0.05642664
Truck-6,Route-6,(675.0 0.0 205.5),(625.0 0.0 0.0),352.0174,356.12,0.07887041,2.672381,7.392,43.824
Truck-7,Route-7,(175.0 0.0 105.5),(375.0 0.0 200.0),362.7704,360.536,-0.03559648,2.242074,7.392,48.248
Truck-4,Route-4,(175.0 0.0 -5.5),(375.0 0.0 200.0),362.7704,364.816,0.03258849,2.400593,16.728,43.112
Truck-8,Route-8,(425.0 0.0 194.5),(125.0 0.0 150.0),369.9391,369.056,-0.01262695,2.227613,16.728,47.552
Truck-9,Route-9,(675.0 0.0 155.5),(375.0 0.0 100.0),366.3548,375.944,0.1445146,2.618759,31.784,39.176
Truck-3,Route-3,(175.0 0.0 55.5),(125.0 0.0 50.0),377.1078,382.928,0.07548077,2.369372,39.568,38.488
Truck-0,Route-0,(425.0 0.0 105.5),(625.0 0.0 150.0),384.2766,385.224,0.01124214,2.185231,37.064,43.312
Truck-5,Route-5,(425.0 0.0 -5.5),(125.0 0.0 200.0),398.614,401.04,0.02460155,2.149787,46.88,49.088
Truck-1,Route-1,(175.0 0.0 155.5),(375.0 0.0 50.0),412.9514,418.872,0.05241774,2.161309,30.864,82.96
Truck-101,Route-101,(425.0 0.0 105.5),(375.0 0.0 200.0),344.8487,344.984,0.003017826,2.646118,7.472,32.648
Truck-103,Route-103,(425.0 0.0 205.5),(375.0 0.0 50.0),348.433,354.24,0.1198971,2.854736,7.472,41.816
Truck-108,Route-108,(675.0 0.0 205.5),(375.0 0.0 0.0),352.0174,354.464,0.04703477,2.593523,7.472,42.048
Truck-105,Route-105,(175.0 0.0 105.5),(375.0 0.0 200.0),362.7704,365.336,0.04087247,2.419852,7.472,52.928
Truck-104,Route-104,(175.0 0.0 -5.5),(125.0 0.0 200.0),362.7704,368.208,0.08662666,2.526222,34.928,28.352
Truck-107,Route-107,(675.0 0.0 -5.5),(625.0 0.0 200.0),362.7704,368.64,0.093509,2.542223,32.48,31.192
Truck-102,Route-102,(675.0 0.0 55.5),(625.0 0.0 200.0),373.5235,376.32,0.03803601,2.312727,31.728,39.768
Truck-100,Route-100,(175.0 0.0 205.5),(625.0 0.0 50.0),384.2766,403.328,0.2260588,2.649436,7.472,90.848
Truck-109,Route-109,(675.0 0.0 155.5),(125.0 0.0 0.0),391.4453,403.984,0.1371176,2.418233,31.2,67.912
Truck-106,Route-106,(175.0 0.0 55.5),(625.0 0.0 150.0),405.7827,409.248,0.03275898,2.142117,39.192,62.264
