Truck_id,Route_id,Origin,Destination,Completion_Time_alone,Completion_Time,Congestion_ratio,TravelTime_by_Distance,PickupSta_AT,DropSta_AT,,,C_max_prev,C_max_now,C_max,Congestion_ratio_AVG_prev,Congestion_ratio_AVG_now,Congestion_ratio_AVG
Truck-2,Route-2,(425.0 0.0 5.5),(375.0 0.0 200.0),352.0174,351.824,-0.003717208,2.46781,7.168,39.816,,,397.848,421.016,421.016,0.05868229,0.05968258,0.05918244
Truck-1,Route-1,(675.0 0.0 205.5),(625.0 0.0 50.0),348.433,353.32,0.1009021,2.806316,7.168,41.352
Truck-0,Route-0,(425.0 0.0 155.5),(125.0 0.0 150.0),362.7704,366.192,0.05450927,2.451555,30.296,31.04
Truck-5,Route-5,(175.0 0.0 205.5),(375.0 0.0 100.0),362.7704,367.256,0.07146034,2.490963,7.16,55.296
Truck-6,Route-6,(675.0 0.0 155.5),(625.0 0.0 0.0),373.5235,373.576,0.00071434,2.229575,30.296,38.376
Truck-9,Route-9,(175.0 0.0 155.5),(375.0 0.0 150.0),380.6922,380.712,0.0002454501,2.181406,30.296,45.504
Truck-7,Route-7,(425.0 0.0 194.5),(125.0 0.0 0.0),380.6922,388.6,0.09799964,2.394595,16.584,67.064
Truck-8,Route-8,(425.0 0.0 105.5),(625.0 0.0 150.0),384.2766,394.968,0.1268613,2.435076,34.04,52.888
Truck-4,Route-4,(675.0 0.0 55.5),(625.0 0.0 200.0),391.4453,397.648,0.0678303,2.270884,61.168,31.56
Truck-3,Route-3,(175.0 0.0 105.5),(375.0 0.0 50.0),391.4453,397.848,0.0700172,2.275535,35.064,57.912
Truck-101,Route-101,(425.0 0.0 205.5),(125.0 0.0 150.0),341.2643,341.768,0.01220649,2.784534,7.512,29.272
Truck-108,Route-108,(675.0 0.0 155.5),(125.0 0.0 200.0),359.1861,355.648,-0.05977852,2.22592,7.512,43.2
Truck-103,Route-103,(675.0 0.0 205.5),(625.0 0.0 0.0),352.0174,356.664,0.08932857,2.698286,7.512,44.272
Truck-105,Route-105,(425.0 0.0 105.5),(625.0 0.0 200.0),362.7704,361.472,-0.0206854,2.27674,7.512,48.944
Truck-100,Route-100,(175.0 0.0 194.5),(375.0 0.0 50.0),359.1861,361.904,0.04592172,2.47616,16.936,40.048
Truck-109,Route-109,(675.0 0.0 105.5),(125.0 0.0 200.0),362.7704,366.104,0.05310762,2.448297,30.92,30.184
Truck-104,Route-104,(175.0 0.0 55.5),(375.0 0.0 200.0),366.3548,375.992,0.1452381,2.620414,7.512,63.504
Truck-107,Route-107,(175.0 0.0 5.5),(625.0 0.0 200.0),369.9391,380.144,0.1459111,2.585291,7.512,67.72
Truck-106,Route-106,(675.0 0.0 55.5),(375.0 0.0 0.0),380.6922,387.072,0.0790633,2.353297,40.52,41.584
Truck-102,Route-102,(175.0 0.0 105.5),(625.0 0.0 50.0),409.367,421.016,0.1065128,2.283321,36.064,80.16
