Truck_id,Route_id,Path_length,Completion_Time_alone,Pick_station,Drop_station
0,0,37,380.69218678810057,"(125, 0, 200)","(375, 0, 0)"
1,1,53,409.3670021224673,"(625, 0, 200)","(125, 0, 0)"
2,2,25,359.18607528732554,"(375, 0, 200)","(125, 0, 50)"
3,3,43,391.44524253848806,"(625, 0, 150)","(625, 0, 200)"
4,4,17,344.8486676201422,"(625, 0, 100)","(375, 0, 200)"
