Truck_id,Route_id,Origin,Destination,Completion_Time_alone,Completion_Time,Congestion_ratio,TravelTime_by_Distance,PickupSta_AT,DropSta_AT,,,C_max_prev,C_max_now,C_max,Congestion_ratio_AVG_prev,Congestion_ratio_AVG_now,Congestion_ratio_AVG
Truck-3,Route-3,(425.0 0.0 194.5),(375.0 0.0 150.0),352.0174,352.704,0.01320031,2.509715,16.384,31.32,,,410.552,451.592,451.592,0.007694998,0.02053268,0.01411384
Truck-1,Route-1,(675.0 0.0 155.5),(125.0 0.0 200.0),359.1861,354.664,-0.07640421,2.18656,6.792,42.848
Truck-2,Route-2,(425.0 0.0 105.5),(375.0 0.0 0.0),377.1078,384.456,0.09529697,2.413028,35.68,40.744
Truck-0,Route-0,(175.0 0.0 105.5),(125.0 0.0 100.0),387.8609,390.288,0.02762427,2.202146,49.752,35.52
Truck-4,Route-4,(175.0 0.0 55.5),(625.0 0.0 50.0),412.9514,410.552,-0.02124236,2.010036,69.768,35.704
Truck-103,Route-103,(175.0 0.0 194.5),(375.0 0.0 100.0),355.6017,355.592,-0.0001745376,2.417044,16.592,33.968
Truck-101,Route-101,(425.0 0.0 155.5),(125.0 0.0 0.0),373.5235,376.8,0.04456427,2.327272,30.168,41.608
Truck-102,Route-102,(675.0 0.0 155.5),(125.0 0.0 150.0),380.6922,382.6,0.02364301,2.232433,31.304,46.272
Truck-104,Route-104,(175.0 0.0 55.5),(625.0 0.0 200.0),427.2888,429.304,0.01583194,2.052444,88.368,35.904
Truck-100,Route-100,(175.0 0.0 105.5),(125.0 0.0 200.0),448.7949,451.592,0.0187987,2.021227,98.872,47.664
