Truck_id,Route_id,Origin,Destination,Completion_Time_alone,Completion_Time,Congestion_ratio,TravelTime_by_Distance,PickupSta_AT,DropSta_AT,,,C_max_prev,C_max_now,C_max,Congestion_ratio_AVG_prev,Congestion_ratio_AVG_now,Congestion_ratio_AVG
Truck-2,Route-2,(175.0 0.0 194.5),(125.0 0.0 150.0),352.0174,351.832,-0.003563498,2.46819,16.424,30.392,,,408.328,429.536,429.536,0.0004021324,0.03096823,0.01568518
Truck-3,Route-3,(675.0 0.0 205.5),(375.0 0.0 0.0),369.9391,375.584,0.08071159,2.438194,6.872,63.664
Truck-0,Route-0,(675.0 0.0 105.5),(125.0 0.0 200.0),387.8609,383.76,-0.04667481,2.042927,29.264,49.48
Truck-1,Route-1,(425.0 0.0 -5.5),(125.0 0.0 200.0),398.614,396.744,-0.01896247,2.058383,16.424,75.248
Truck-4,Route-4,(175.0 0.0 105.5),(625.0 0.0 50.0),409.367,408.328,-0.009500137,2.043925,49.112,51.232
Truck-103,Route-103,(675.0 0.0 155.5),(625.0 0.0 100.0),366.3548,367.584,0.01852539,2.330483,29.856,32.64
Truck-100,Route-100,(675.0 0.0 55.5),(125.0 0.0 200.0),366.3548,371.552,0.07832497,2.46731,7.016,59.408
Truck-104,Route-104,(425.0 0.0 -5.5),(625.0 0.0 200.0),380.6922,382.208,0.01878506,2.221838,29.352,47.856
Truck-102,Route-102,(175.0 0.0 155.5),(125.0 0.0 0.0),391.4453,393.416,0.02155097,2.172465,45.688,42.68
Truck-101,Route-101,(175.0 0.0 55.5),(375.0 0.0 200.0),427.2888,429.536,0.01765477,2.056127,69.096,55.4
