Truck_id,Route_id,Path_length,Completion_Time_alone,Pick_station,Drop_station
0,0,43,391.44524253848806,"(625, 0, 200)","(125, 0, 0)"
1,1,41,387.86089062169225,"(125, 0, 200)","(375, 0, 100)"
2,2,35,377.1078348713047,"(375, 0, 200)","(625, 0, 0)"
3,3,45,395.0295944552839,"(625, 0, 200)","(375, 0, 0)"
4,4,15,341.2643157033463,"(125, 0, 150)","(125, 0, 200)"
