Truck_id,Route_id,Path_length,Completion_Time_alone,Pick_station,Drop_station
0,0,35,377.1078348713047,"(375, 0, 200)","(125, 0, 0)"
1,1,43,391.44524253848806,"(125, 0, 150)","(125, 0, 200)"
2,2,27,362.77042720412135,"(125, 0, 100)","(125, 0, 200)"
3,3,19,348.433019536938,"(375, 0, 200)","(375, 0, 50)"
4,4,15,341.2643157033463,"(625, 0, 200)","(625, 0, 150)"
