Truck_id,Route_id,Path_length,Completion_Time_alone,Pick_station,Drop_station
0,0,45,395.0295944552839,"(375, 0, 200)","(375, 0, 0)"
1,1,27,362.77042720412135,"(125, 0, 150)","(125, 0, 200)"
2,2,27,362.77042720412135,"(625, 0, 100)","(125, 0, 200)"
3,3,43,391.44524253848806,"(625, 0, 200)","(125, 0, 100)"
4,4,15,341.2643157033463,"(625, 0, 150)","(375, 0, 200)"
