Truck_id,Route_id,Path_length,Completion_Time_alone,Pick_station,Drop_station
0,0,41,387.86089062169225,"(375, 0, 50)","(125, 0, 200)"
1,1,37,380.69218678810057,"(625, 0, 0)","(125, 0, 200)"
2,2,21,352.01737145373386,"(375, 0, 200)","(125, 0, 150)"
3,3,21,352.01737145373386,"(625, 0, 200)","(375, 0, 0)"
4,4,53,409.3670021224673,"(375, 0, 200)","(625, 0, 50)"
