Truck_id,Route_id,Path_length,Completion_Time_alone,Pick_station,Drop_station
0,0,33,373.5234829545089,"(375, 0, 200)","(375, 0, 50)"
1,1,43,391.44524253848806,"(125, 0, 200)","(625, 0, 0)"
2,2,33,373.5234829545089,"(375, 0, 200)","(375, 0, 100)"
3,3,65,430.8731136232423,"(125, 0, 50)","(625, 0, 200)"
4,4,27,362.77042720412135,"(125, 0, 200)","(125, 0, 150)"
