Truck_id,Route_id,Path_length,Completion_Time_alone,Pick_station,Drop_station
0,0,43,391.44524253848806,"(125, 0, 200)","(375, 0, 100)"
1,1,47,398.61394637207974,"(625, 0, 150)","(625, 0, 200)"
2,2,37,380.69218678810057,"(125, 0, 100)","(375, 0, 200)"
3,3,47,398.61394637207974,"(625, 0, 100)","(125, 0, 200)"
4,4,25,359.18607528732554,"(125, 0, 150)","(375, 0, 200)"
