Truck_id,Route_id,Path_length,Completion_Time_alone,Pick_station,Drop_station
0,0,31,369.939131037713,"(375, 0, 0)","(625, 0, 200)"
1,1,27,362.77042720412135,"(625, 0, 200)","(625, 0, 150)"
2,2,25,359.18607528732554,"(375, 0, 200)","(125, 0, 50)"
3,3,31,369.939131037713,"(125, 0, 0)","(125, 0, 200)"
4,4,27,362.77042720412135,"(125, 0, 100)","(125, 0, 200)"
