Truck_id,Route_id,Origin,Destination,Completion_Time_alone,Completion_Time,Congestion_ratio,TravelTime_by_Distance,PickupSta_AT,DropSta_AT,,,C_max_prev,C_max_now,C_max,Congestion_ratio_AVG_prev,Congestion_ratio_AVG_now,Congestion_ratio_AVG
Truck-2,Route-2,(675.0 0.0 205.5),(125.0 0.0 150.0),359.1861,353.888,-0.08951542,2.15552,6.976,42,,,399.96,395.856,399.96,-0.01020778,0.02236648,0.006079347
Truck-4,Route-4,(425.0 0.0 5.5),(125.0 0.0 200.0),369.9391,370.224,0.00407328,2.26529,30.032,35.184
Truck-0,Route-0,(675.0 0.0 55.5),(375.0 0.0 200.0),373.5235,378.336,0.0654557,2.373818,30.888,42.368
Truck-3,Route-3,(425.0 0.0 205.5),(625.0 0.0 150.0),395.0296,394.16,-0.009150816,2.092444,22.632,66.52
Truck-1,Route-1,(425.0 0.0 155.5),(625.0 0.0 200.0),402.1983,399.96,-0.02190165,2.04,29.304,65.608
Truck-102,Route-102,(675.0 0.0 105.5),(625.0 0.0 200.0),344.8487,344.728,-0.002690526,2.631059,7,32.776
Truck-100,Route-100,(175.0 0.0 155.5),(375.0 0.0 150.0),380.6922,379.448,-0.01541911,2.147243,30.232,44.304
Truck-101,Route-101,(675.0 0.0 -5.5),(125.0 0.0 200.0),380.6922,380.512,-0.002233255,2.176,33.016,42.544
Truck-104,Route-104,(175.0 0.0 -5.5),(375.0 0.0 200.0),380.6922,390.656,0.1234792,2.450162,28.456,57.192
Truck-103,Route-103,(425.0 0.0 55.5),(625.0 0.0 50.0),395.0296,395.856,0.008696085,2.130133,39.44,51.384
