Truck_id,Route_id,Origin,Destination,Completion_Time_alone,Completion_Time,Congestion_ratio,TravelTime_by_Distance,PickupSta_AT,DropSta_AT,,,C_max_prev,C_max_now,C_max,Congestion_ratio_AVG_prev,Congestion_ratio_AVG_now,Congestion_ratio_AVG
Truck-3,Route-3,(675.0 0.0 55.5),(625.0 0.0 200.0),384.2766,377.552,-0.07979145,1.988513,22.52,50.16,,,468.928,404.672,468.928,0.6596602,0.06790415,0.3637822
Truck-1,Route-1,(425.0 0.0 -5.5),(375.0 0.0 100.0),369.9391,384.216,0.2041331,2.716645,41.512,37.744
Truck-2,Route-2,(675.0 0.0 -5.5),(125.0 0.0 200.0),380.6922,460.152,0.9847273,4.328433,35.72,119.456
Truck-0,Route-0,(175.0 0.0 -5.5),(125.0 0.0 0.0),377.1078,468.464,1.184784,4.813257,36.584,127.048
Truck-4,Route-4,(175.0 0.0 55.5),(625.0 0.0 200.0),384.2766,468.928,1.004449,4.331487,7.264,156.776
Truck-104,Route-104,(175.0 0.0 55.5),(125.0 0.0 200.0),348.433,348.912,0.009889399,2.574315,7.256,36.704
Truck-100,Route-100,(175.0 0.0 194.5),(125.0 0.0 0.0),362.7704,364.632,0.02965684,2.393777,16.816,42.96
Truck-102,Route-102,(425.0 0.0 -5.5),(375.0 0.0 200.0),362.7704,369.384,0.1053615,2.569778,27.208,37.376
Truck-103,Route-103,(675.0 0.0 105.5),(125.0 0.0 150.0),384.2766,388.488,0.04997186,2.268923,37.488,45.968
Truck-101,Route-101,(175.0 0.0 155.5),(125.0 0.0 200.0),391.4453,404.672,0.1446411,2.434232,59.592,40.28
