Truck_id,Route_id,Origin,Destination,Completion_Time_alone,Completion_Time,Congestion_ratio,TravelTime_by_Distance,PickupSta_AT,DropSta_AT,,,C_max_prev,C_max_now,C_max,Congestion_ratio_AVG_prev,Congestion_ratio_AVG_now,Congestion_ratio_AVG
Truck-2,Route-2,(675.0 0.0 194.5),(125.0 0.0 200.0),373.5235,372.288,-0.0168038,2.190545,24.336,42.968,,,427.736,376.456,427.736,0.04808309,0.02260466,0.03534388
Truck-0,Route-0,(675.0 0.0 55.5),(375.0 0.0 200.0),373.5235,380.072,0.08906711,2.426424,30.784,44.248
Truck-1,Route-1,(425.0 0.0 105.5),(375.0 0.0 200.0),377.1078,383.608,0.08429949,2.3888,33.752,44.912
Truck-4,Route-4,(425.0 0.0 155.5),(375.0 0.0 100.0),384.2766,386,0.02044993,2.205128,45.536,35.472
Truck-3,Route-3,(175.0 0.0 55.5),(625.0 0.0 50.0),420.1201,427.736,0.0634027,2.165017,37.424,85.344
Truck-104,Route-104,(175.0 0.0 194.5),(125.0 0.0 100.0),355.6017,358.6,0.05392443,2.547826,16.576,37
Truck-101,Route-101,(675.0 0.0 155.5),(625.0 0.0 100.0),366.3548,367.232,0.01322027,2.318345,30.136,32.136
Truck-103,Route-103,(675.0 0.0 -5.5),(375.0 0.0 150.0),366.3548,367.352,0.01502865,2.322482,35.968,26.464
Truck-102,Route-102,(675.0 0.0 105.5),(125.0 0.0 200.0),369.9391,372.688,0.03930377,2.344774,29.632,38.024
Truck-100,Route-100,(175.0 0.0 105.5),(375.0 0.0 200.0),377.1078,376.456,-0.008453814,2.184457,33.824,37.632
