Truck_id,Route_id,Origin,Destination,Completion_Time_alone,Completion_Time,Congestion_ratio,TravelTime_by_Distance,PickupSta_AT,DropSta_AT,,,C_max_prev,C_max_now,C_max,Congestion_ratio_AVG_prev,Congestion_ratio_AVG_now,Congestion_ratio_AVG
Truck-2,Route-2,(425.0 0.0 155.5),(375.0 0.0 100.0),366.3548,368.76,0.03624823,2.371035,30.6,33.144,,,420.968,375.4,420.968,0.00744109,0.001849498,0.004645293
Truck-3,Route-3,(675.0 0.0 194.5),(125.0 0.0 200.0),373.5235,373.32,-0.002767289,2.221818,24.68,43.624
Truck-0,Route-0,(175.0 0.0 194.5),(625.0 0.0 50.0),377.1078,375.368,-0.02256369,2.153372,16.68,53.584
Truck-1,Route-1,(425.0 0.0 55.5),(625.0 0.0 200.0),391.4453,395.872,0.04840883,2.229582,46.864,44.152
Truck-4,Route-4,(175.0 0.0 155.5),(125.0 0.0 50.0),423.7044,420.968,-0.02212063,1.983082,61.192,54.952
Truck-100,Route-100,(675.0 0.0 105.5),(625.0 0.0 200.0),344.8487,347,0.0479688,2.764706,7.328,34.76
Truck-102,Route-102,(175.0 0.0 194.5),(375.0 0.0 150.0),352.0174,349.952,-0.03970537,2.378666,16.976,28.04
Truck-104,Route-104,(675.0 0.0 155.5),(125.0 0.0 200.0),359.1861,355.912,-0.0553184,2.23648,7.328,43.688
Truck-101,Route-101,(675.0 0.0 5.5),(625.0 0.0 200.0),369.9391,368.416,-0.02177797,2.206967,22.976,40.512
Truck-103,Route-103,(175.0 0.0 -5.5),(375.0 0.0 100.0),369.9391,375.4,0.07808043,2.432258,38.184,32.272
