Truck_id,Route_id,Origin,Destination,Completion_Time_alone,Completion_Time,Congestion_ratio,TravelTime_by_Distance,PickupSta_AT,DropSta_AT,,,C_max_prev,C_max_now,C_max,Congestion_ratio_AVG_prev,Congestion_ratio_AVG_now,Congestion_ratio_AVG
Truck-1,Route-1,(425.0 0.0 -5.5),(375.0 0.0 200.0),362.7704,371.216,0.1345472,2.63763,26.744,39.544,,,419.2,407.896,419.2,0.07760409,0.03764123,0.05762266
Truck-4,Route-4,(175.0 0.0 105.5),(375.0 0.0 200.0),377.1078,380.344,0.04196907,2.295543,34.088,41.304
Truck-0,Route-0,(175.0 0.0 194.5),(125.0 0.0 150.0),387.8609,395.92,0.09172581,2.339513,35.08,52.944
Truck-3,Route-3,(675.0 0.0 155.5),(125.0 0.0 50.0),387.8609,396.376,0.09691576,2.350634,30.52,60.824
Truck-2,Route-2,(175.0 0.0 -5.5),(125.0 0.0 200.0),416.5357,419.2,0.02286258,2.091228,57.696,56.624
Truck-100,Route-100,(675.0 0.0 205.5),(375.0 0.0 150.0),341.2643,342.96,0.0410931,2.863999,7.344,30.704
Truck-104,Route-104,(675.0 0.0 105.5),(375.0 0.0 200.0),362.7704,359.752,-0.04808638,2.213037,22.672,32.112
Truck-103,Route-103,(175.0 0.0 155.5),(125.0 0.0 150.0),362.7704,362.728,-0.000675787,2.323259,30.32,27.488
Truck-102,Route-102,(175.0 0.0 105.5),(375.0 0.0 50.0),391.4453,396.976,0.06048167,2.255256,35.656,56.264
Truck-101,Route-101,(675.0 0.0 -5.5),(375.0 0.0 0.0),395.0296,407.896,0.1353935,2.397689,57.048,42.936
