Truck_id,Route_id,Origin,Destination,Completion_Time_alone,Completion_Time,Congestion_ratio,TravelTime_by_Distance,PickupSta_AT,DropSta_AT,,,C_max_prev,C_max_now,C_max,Congestion_ratio_AVG_prev,Congestion_ratio_AVG_now,Congestion_ratio_AVG
Truck-4,Route-4,(175.0 0.0 155.5),(125.0 0.0 200.0),341.2643,339.568,-0.04110863,2.637866,6.992,27.648,,,395.528,395.432,395.528,0.01263552,0.05311175,0.03287364
Truck-1,Route-1,(175.0 0.0 194.5),(375.0 0.0 150.0),352.0174,349.304,-0.05216295,2.347809,16.56,27.808
Truck-2,Route-2,(675.0 0.0 194.5),(625.0 0.0 200.0),355.6017,359.552,0.07104614,2.589217,24.784,29.776
Truck-102,Route-102,(675.0 0.0 55.5),(625.0 0.0 200.0),348.433,353.224,0.09891982,2.801263,7.368,41.032
Truck-103,Route-103,(175.0 0.0 205.5),(375.0 0.0 0.0),352.0174,354.44,0.04657364,2.592381,7.368,42.144
Truck-0,Route-0,(675.0 0.0 55.5),(625.0 0.0 100.0),373.5235,376.52,0.04075598,2.318788,39.568,32.08
Truck-3,Route-3,(175.0 0.0 105.5),(375.0 0.0 50.0),391.4453,395.528,0.04464708,2.221582,34.736,55.712
Truck-101,Route-101,(175.0 0.0 5.5),(125.0 0.0 50.0),380.6922,390.16,0.1173323,2.436757,45.08,40.216
Truck-104,Route-104,(675.0 0.0 194.5),(375.0 0.0 200.0),387.8609,390.936,0.03499968,2.217951,49.464,36.432
Truck-100,Route-100,(675.0 0.0 105.5),(375.0 0.0 200.0),398.614,395.432,-0.03226669,2.030468,38.192,52.264
