Truck_id,Route_id,Origin,Destination,Completion_Time_alone,Completion_Time,Congestion_ratio,TravelTime_by_Distance,PickupSta_AT,DropSta_AT,,,C_max_prev,C_max_now,C_max,Congestion_ratio_AVG_prev,Congestion_ratio_AVG_now,Congestion_ratio_AVG
Truck-2,Route-2,(175.0 0.0 194.5),(375.0 0.0 100.0),355.6017,353.048,-0.04592863,2.306435,16.432,31.584,,,430.648,418.728,430.648,0.0214308,-0.001174744,0.01012803
Truck-3,Route-3,(425.0 0.0 194.5),(125.0 0.0 150.0),369.9391,369.136,-0.01148329,2.230193,16.432,47.72
Truck-1,Route-1,(425.0 0.0 105.5),(375.0 0.0 0.0),377.1078,385.8,0.112727,2.451428,36.072,44.768
Truck-0,Route-0,(175.0 0.0 55.5),(625.0 0.0 200.0),427.2888,430.528,0.02544811,2.071873,88.888,36.664
Truck-4,Route-4,(425.0 0.0 55.5),(125.0 0.0 200.0),427.2888,430.648,0.02639081,2.073778,79.24,46.44
Truck-104,Route-104,(675.0 0.0 55.5),(375.0 0.0 200.0),348.433,348.016,-0.008610299,2.527158,7.128,35.88
Truck-103,Route-103,(425.0 0.0 -5.5),(625.0 0.0 200.0),362.7704,361.128,-0.0261656,2.264,16.6,39.512
Truck-102,Route-102,(425.0 0.0 155.5),(375.0 0.0 50.0),369.9391,371.536,0.02283262,2.307613,29.904,36.584
Truck-101,Route-101,(425.0 0.0 105.5),(125.0 0.0 50.0),391.4453,390.28,-0.01274263,2.099535,50.664,34.696
Truck-100,Route-100,(425.0 0.0 55.5),(375.0 0.0 100.0),416.5357,418.728,0.01881219,2.082947,81.304,32.424
