Truck_id,Route_id,Origin,Destination,Completion_Time_alone,Completion_Time,Congestion_ratio,TravelTime_by_Distance,PickupSta_AT,DropSta_AT,,,C_max_prev,C_max_now,C_max,Congestion_ratio_AVG_prev,Congestion_ratio_AVG_now,Congestion_ratio_AVG
Truck-4,Route-4,(675.0 0.0 205.5),(125.0 0.0 0.0),369.9391,367.064,-0.04110893,2.163355,22.824,39.32,,,402.288,441.248,441.248,0.04351612,0.05183009,0.04767311
Truck-3,Route-3,(675.0 0.0 -5.5),(625.0 0.0 200.0),362.7704,368.4,0.0896852,2.533333,29.912,33.512
Truck-0,Route-0,(175.0 0.0 105.5),(625.0 0.0 200.0),380.6922,380.352,-0.004216144,2.171675,6.992,68.448
Truck-1,Route-1,(175.0 0.0 -5.5),(125.0 0.0 50.0),373.5235,383.52,0.1359637,2.530909,36.264,42.296
Truck-2,Route-2,(175.0 0.0 155.5),(625.0 0.0 150.0),398.614,402.288,0.03725681,2.17634,30.12,67.192
Truck-104,Route-104,(425.0 0.0 105.5),(375.0 0.0 200.0),344.8487,347.048,0.04903916,2.76753,7.36,34.856
Truck-101,Route-101,(425.0 0.0 155.5),(375.0 0.0 50.0),369.9391,371.696,0.02512038,2.312775,31.008,35.72
Truck-103,Route-103,(675.0 0.0 105.5),(375.0 0.0 150.0),366.3548,373.04,0.10075,2.518621,37.48,30.584
Truck-102,Route-102,(675.0 0.0 55.5),(125.0 0.0 200.0),409.367,416.04,0.06101478,2.189434,65.416,45.696
Truck-100,Route-100,(425.0 0.0 55.5),(625.0 0.0 50.0),438.0418,441.248,0.02322613,2.047072,55.104,81.32
