Truck_id,Route_id,Origin,Destination,Completion_Time_alone,Completion_Time,Congestion_ratio,TravelTime_by_Distance,PickupSta_AT,DropSta_AT,,,C_max_prev,C_max_now,C_max,Congestion_ratio_AVG_prev,Congestion_ratio_AVG_now,Congestion_ratio_AVG
Truck-1,Route-1,(175.0 0.0 205.5),(125.0 0.0 150.0),341.2643,344.504,0.07851057,2.966933,6.88,32.656,,,398.864,423.584,423.584,0.04074884,0.02363497,0.03219191
Truck-3,Route-3,(675.0 0.0 155.5),(625.0 0.0 50.0),369.9391,370.056,0.001671201,2.259871,29.896,35.2
Truck-4,Route-4,(675.0 0.0 -5.5),(375.0 0.0 100.0),369.9391,372.84,0.0414772,2.349677,36.096,31.728
Truck-2,Route-2,(425.0 0.0 155.5),(125.0 0.0 0.0),373.5235,376.592,0.04173555,2.32097,29.896,41.696
Truck-0,Route-0,(175.0 0.0 105.5),(375.0 0.0 200.0),395.0296,398.864,0.04034965,2.196978,49.032,44.784
Truck-101,Route-101,(175.0 0.0 205.5),(125.0 0.0 150.0),341.2643,344.024,0.06687798,2.934932,7.088,32
Truck-102,Route-102,(675.0 0.0 55.5),(375.0 0.0 200.0),348.433,348.432,-2.079326E-05,2.549053,7.088,36.36
Truck-103,Route-103,(675.0 0.0 105.5),(375.0 0.0 200.0),362.7704,360.792,-0.03151841,2.251555,22.72,33.024
Truck-104,Route-104,(425.0 0.0 -5.5),(625.0 0.0 200.0),380.6922,382.496,0.02235411,2.229622,34.208,43.304
Truck-100,Route-100,(425.0 0.0 55.5),(125.0 0.0 100.0),416.5357,423.584,0.06048197,2.168141,67.304,51.216
