Truck_id,Route_id,Origin,Destination,Completion_Time_alone,Completion_Time,Congestion_ratio,TravelTime_by_Distance,PickupSta_AT,DropSta_AT,,,C_max_prev,C_max_now,C_max,Congestion_ratio_AVG_prev,Congestion_ratio_AVG_now,Congestion_ratio_AVG
Truck-0,Route-0,(175.0 0.0 55.5),(125.0 0.0 200.0),348.433,350.712,0.04705451,2.669053,7.128,38.536,,,415.568,406.456,415.568,0.09188244,0.0679937,0.07993807
Truck-3,Route-3,(425.0 0.0 205.5),(375.0 0.0 50.0),348.433,352.968,0.09363393,2.787789,7.128,40.92
Truck-4,Route-4,(675.0 0.0 -5.5),(375.0 0.0 100.0),369.9391,374.248,0.06160885,2.395096,36.224,33.024
Truck-1,Route-1,(425.0 0.0 105.5),(625.0 0.0 200.0),398.614,402.656,0.04098865,2.18417,29.992,67.888
Truck-2,Route-2,(175.0 0.0 -5.5),(625.0 0.0 0.0),395.0296,415.568,0.2161262,2.568178,43.272,58.248
Truck-100,Route-100,(175.0 0.0 194.5),(375.0 0.0 100.0),355.6017,356.48,0.0157962,2.455653,16.832,34.816
Truck-102,Route-102,(675.0 0.0 -5.5),(625.0 0.0 200.0),362.7704,372.032,0.1475472,2.667852,27.088,40.016
Truck-101,Route-101,(675.0 0.0 155.5),(375.0 0.0 0.0),373.5235,381.608,0.1099585,2.47297,30.144,46.392
Truck-104,Route-104,(175.0 0.0 55.5),(375.0 0.0 50.0),395.0296,400.76,0.06030129,2.239111,43.6,52.328
Truck-103,Route-103,(175.0 0.0 105.5),(625.0 0.0 100.0),405.7827,406.456,0.006365314,2.087373,35.192,66.32
