Truck_id,Route_id,Origin,Destination,Completion_Time_alone,Completion_Time,Congestion_ratio,TravelTime_by_Distance,PickupSta_AT,DropSta_AT,,,C_max_prev,C_max_now,C_max,Congestion_ratio_AVG_prev,Congestion_ratio_AVG_now,Congestion_ratio_AVG
Truck-1,Route-1,(425.0 0.0 194.5),(625.0 0.0 150.0),352.0174,350.632,-0.02663295,2.411047,16.56,29.152,,,395.696,442.04,442.04,0.05193045,0.09011799,0.07102422
Truck-4,Route-4,(675.0 0.0 105.5),(125.0 0.0 200.0),362.7704,360.768,-0.03190055,2.250667,7.056,48.72
Truck-0,Route-0,(175.0 0.0 105.5),(125.0 0.0 150.0),366.3548,371.304,0.07458724,2.458758,34.92,28.472
Truck-3,Route-3,(425.0 0.0 155.5),(375.0 0.0 0.0),373.5235,388.016,0.1971142,2.667151,30.592,52.456
Truck-2,Route-2,(175.0 0.0 55.5),(125.0 0.0 100.0),391.4453,395.696,0.04648424,2.225489,54.568,36.032
Truck-102,Route-102,(425.0 0.0 105.5),(375.0 0.0 150.0),366.3548,367.904,0.02334761,2.341517,35.12,27.776
Truck-104,Route-104,(425.0 0.0 155.5),(625.0 0.0 0.0),373.5235,374.88,0.01845039,2.269091,31.352,38.648
Truck-100,Route-100,(675.0 0.0 205.5),(125.0 0.0 0.0),369.9391,377.64,0.1101086,2.504517,7.616,65.096
Truck-101,Route-101,(175.0 0.0 -5.5),(625.0 0.0 200.0),398.614,402.672,0.04115082,2.18451,62.112,35.616
Truck-103,Route-103,(175.0 0.0 155.5),(625.0 0.0 50.0),412.9514,442.04,0.2575326,2.582546,31.136,105.952
