Truck_id,Route_id,Origin,Destination,Completion_Time_alone,Completion_Time,Congestion_ratio,TravelTime_by_Distance,PickupSta_AT,DropSta_AT,,,C_max_prev,C_max_now,C_max,Congestion_ratio_AVG_prev,Congestion_ratio_AVG_now,Congestion_ratio_AVG
Truck-4,Route-4,(675.0 0.0 205.5),(625.0 0.0 100.0),344.8487,354.848,0.2229571,3.226352,7.08,42.824,,,402.12,393.952,402.12,0.1449234,0.08164925,0.1132864
Truck-101,Route-101,(675.0 0.0 55.5),(625.0 0.0 200.0),348.433,348.816,0.007907738,2.569264,7.216,36.688
Truck-102,Route-102,(425.0 0.0 -5.5),(375.0 0.0 200.0),362.7704,372.488,0.1548116,2.684741,27.672,39.888
Truck-103,Route-103,(675.0 0.0 194.5),(125.0 0.0 200.0),373.5235,377.824,0.05849203,2.358303,25.504,47.296
Truck-1,Route-1,(425.0 0.0 194.5),(125.0 0.0 0.0),380.6922,390.4,0.1203065,2.443243,16.456,69.016
Truck-2,Route-2,(425.0 0.0 -5.5),(125.0 0.0 200.0),380.6922,391.208,0.13032,2.465081,16.456,69.672
Truck-0,Route-0,(425.0 0.0 55.5),(375.0 0.0 0.0),380.6922,394.928,0.1764211,2.565622,40.328,49.56
Truck-104,Route-104,(425.0 0.0 194.5),(125.0 0.0 50.0),377.1078,389.416,0.1596223,2.554742,16.896,67.592
Truck-3,Route-3,(675.0 0.0 105.5),(375.0 0.0 200.0),395.0296,402.12,0.07461247,2.269333,60.424,36.68
Truck-100,Route-100,(175.0 0.0 155.5),(625.0 0.0 0.0),391.4453,393.952,0.02741252,2.18493,46.144,42.88
