Truck_id,Route_id,Origin,Destination,Completion_Time_alone,Completion_Time,Congestion_ratio,TravelTime_by_Distance,PickupSta_AT,DropSta_AT,,,C_max_prev,C_max_now,C_max,Congestion_ratio_AVG_prev,Congestion_ratio_AVG_now,Congestion_ratio_AVG
Truck-104,Route-104,(675.0 0.0 55.5),(375.0 0.0 200.0),348.433,348.864,0.008898884,2.57179,7.216,36.736,,,409.048,409.776,409.776,0.02188851,0.0472415,0.03456501
Truck-1,Route-1,(425.0 0.0 155.5),(625.0 0.0 200.0),359.1861,363.704,0.0763346,2.54816,7.328,51.464
Truck-103,Route-103,(675.0 0.0 194.5),(375.0 0.0 200.0),355.6017,363.216,0.1369434,2.748522,24.544,33.64
Truck-2,Route-2,(425.0 0.0 55.5),(375.0 0.0 200.0),384.2766,382.52,-0.02084282,2.115897,30.192,47.424
Truck-0,Route-0,(675.0 0.0 55.5),(625.0 0.0 50.0),395.0296,399.416,0.04615807,2.209244,39.192,55.36
Truck-3,Route-3,(425.0 0.0 -5.5),(125.0 0.0 150.0),402.1983,399.84,-0.02307579,2.037551,52.704,42.168
Truck-4,Route-4,(175.0 0.0 55.5),(625.0 0.0 150.0),405.7827,409.048,0.03086849,2.138196,38.52,65.44
Truck-100,Route-100,(425.0 0.0 -5.5),(125.0 0.0 200.0),398.614,401.184,0.0260616,2.152851,45.536,50.736
Truck-101,Route-101,(175.0 0.0 105.5),(375.0 0.0 150.0),402.1983,404.912,0.02655312,2.141061,66.208,30.688
Truck-102,Route-102,(425.0 0.0 105.5),(125.0 0.0 100.0),405.7827,409.776,0.03775049,2.152471,52.368,52.464
