Truck_id,Route_id,Origin,Destination,Completion_Time_alone,Completion_Time,Congestion_ratio,TravelTime_by_Distance,PickupSta_AT,DropSta_AT,,,C_max_prev,C_max_now,C_max,Congestion_ratio_AVG_prev,Congestion_ratio_AVG_now,Congestion_ratio_AVG
Truck-0,Route-0,(675.0 0.0 105.5),(625.0 0.0 200.0),344.8487,345.584,0.01639629,2.681413,6.904,33.616,,,395.208,406.816,406.816,0.06302936,0.009914978,0.03647216
Truck-4,Route-4,(175.0 0.0 194.5),(125.0 0.0 50.0),359.1861,366.576,0.1248592,2.663039,16.36,45.256
Truck-2,Route-2,(425.0 0.0 -5.5),(125.0 0.0 200.0),362.7704,369.448,0.106381,2.572148,29.104,35.368
Truck-3,Route-3,(175.0 0.0 105.5),(375.0 0.0 50.0),391.4453,393.856,0.02636262,2.182697,34.576,54.328
Truck-1,Route-1,(175.0 0.0 55.5),(375.0 0.0 200.0),391.4453,395.208,0.04114764,2.21414,46.68,43.568
Truck-104,Route-104,(675.0 0.0 55.5),(375.0 0.0 200.0),373.5235,378.208,0.06371489,2.36994,31.016,42.16
Truck-103,Route-103,(425.0 0.0 194.5),(125.0 0.0 0.0),380.6922,380.192,-0.006199033,2.167351,16.584,58.664
Truck-100,Route-100,(175.0 0.0 55.5),(125.0 0.0 50.0),377.1078,381.952,0.06282301,2.341486,38.248,38.656
Truck-102,Route-102,(425.0 0.0 105.5),(125.0 0.0 100.0),387.8609,386.416,-0.01644549,2.107707,50.168,31.224
Truck-101,Route-101,(675.0 0.0 155.5),(625.0 0.0 200.0),412.9514,406.816,-0.05431848,1.942109,38.368,63.528
