Truck_id,Route_id,Origin,Destination,Completion_Time_alone,Completion_Time,Congestion_ratio,TravelTime_by_Distance,PickupSta_AT,DropSta_AT,,,C_max_prev,C_max_now,C_max,Congestion_ratio_AVG_prev,Congestion_ratio_AVG_now,Congestion_ratio_AVG
Truck-1,Route-1,(175.0 0.0 205.5),(125.0 0.0 150.0),341.2643,343.512,0.05447033,2.9008,6.928,31.616,,,393.512,417.232,417.232,0.06358743,0.05588543,0.05973643
Truck-3,Route-3,(675.0 0.0 155.5),(375.0 0.0 100.0),366.3548,370.824,0.06735369,2.442207,30.304,35.56
Truck-2,Route-2,(425.0 0.0 155.5),(125.0 0.0 0.0),373.5235,376.976,0.04695841,2.332607,30.176,41.848
Truck-4,Route-4,(675.0 0.0 -5.5),(625.0 0.0 50.0),373.5235,385.664,0.1651246,2.595879,35.8,41.784
Truck-0,Route-0,(175.0 0.0 105.5),(375.0 0.0 200.0),395.0296,393.512,-0.01596985,2.078044,49.12,39.312
Truck-101,Route-101,(175.0 0.0 205.5),(125.0 0.0 150.0),341.2643,344.296,0.07346971,2.953066,7.048,32.288
Truck-102,Route-102,(675.0 0.0 55.5),(375.0 0.0 200.0),348.433,350.688,0.04655862,2.667789,7.048,38.744
Truck-104,Route-104,(425.0 0.0 -5.5),(375.0 0.0 200.0),362.7704,366.56,0.06037209,2.465185,28.256,33.296
Truck-103,Route-103,(675.0 0.0 105.5),(625.0 0.0 200.0),380.6922,382.88,0.02711297,2.24,30.264,47.56
Truck-100,Route-100,(425.0 0.0 55.5),(125.0 0.0 100.0),409.367,417.232,0.07191374,2.211924,60.304,51.912
