Truck_id,Route_id,Origin,Destination,Completion_Time_alone,Completion_Time,Congestion_ratio,TravelTime_by_Distance,PickupSta_AT,DropSta_AT,,,C_max_prev,C_max_now,C_max,Congestion_ratio_AVG_prev,Congestion_ratio_AVG_now,Congestion_ratio_AVG
Truck-103,Route-103,(175.0 0.0 205.5),(375.0 0.0 0.0),352.0174,358.024,0.1154734,2.763047,7.32,45.648,,,414.376,429.32,429.32,0.05688708,0.1086754,0.08278123
Truck-1,Route-1,(425.0 0.0 155.5),(375.0 0.0 100.0),366.3548,369.064,0.04082945,2.381517,31.048,33.104
Truck-2,Route-2,(175.0 0.0 155.5),(125.0 0.0 50.0),369.9391,375.904,0.08528667,2.448516,31.048,39.984
Truck-104,Route-104,(425.0 0.0 205.5),(125.0 0.0 200.0),362.7704,366.136,0.05361714,2.449481,32.672,28.56
Truck-0,Route-0,(675.0 0.0 55.5),(375.0 0.0 50.0),377.1078,384.744,0.09903193,2.421257,40.064,39.688
Truck-102,Route-102,(675.0 0.0 -5.5),(375.0 0.0 200.0),362.7704,374.768,0.1911345,2.769185,27.144,42.712
Truck-101,Route-101,(675.0 0.0 155.5),(625.0 0.0 200.0),377.1078,380.056,0.03823412,2.287314,25.64,49.584
Truck-3,Route-3,(175.0 0.0 55.5),(625.0 0.0 0.0),398.614,399.944,0.01348742,2.126468,53.68,41.36
Truck-4,Route-4,(425.0 0.0 55.5),(625.0 0.0 200.0),409.367,414.376,0.04579994,2.158038,76.056,33.4
Truck-100,Route-100,(425.0 0.0 105.5),(625.0 0.0 200.0),412.9514,429.32,0.1449177,2.351273,36.232,88.048
