Truck_id,Route_id,Origin,Destination,Completion_Time_alone,Completion_Time,Congestion_ratio,TravelTime_by_Distance,PickupSta_AT,DropSta_AT,,,C_max_prev,C_max_now,C_max,Congestion_ratio_AVG_prev,Congestion_ratio_AVG_now,Congestion_ratio_AVG
Truck-2,Route-2,(425.0 0.0 55.5),(125.0 0.0 200.0),348.433,348.248,-0.003820288,2.539368,7.112,36.256,,,438.536,428.368,438.536,0.029509,0.08638407,0.05794653
Truck-0,Route-0,(175.0 0.0 155.5),(375.0 0.0 0.0),391.4453,390.472,-0.01064316,2.104,45.752,39.816
Truck-1,Route-1,(425.0 0.0 155.5),(625.0 0.0 200.0),409.367,418.744,0.08573869,2.240453,74.92,38.776
Truck-3,Route-3,(175.0 0.0 55.5),(625.0 0.0 200.0),427.2888,429.544,0.01771758,2.056254,87.08,37.488
Truck-4,Route-4,(175.0 0.0 105.5),(125.0 0.0 200.0),430.8731,438.536,0.05855216,2.131323,66.784,66.84
Truck-102,Route-102,(175.0 0.0 155.5),(125.0 0.0 100.0),366.3548,367.456,0.01659605,2.326069,30.16,32.432
Truck-101,Route-101,(675.0 0.0 155.5),(125.0 0.0 50.0),369.9391,378.408,0.1210892,2.52929,30.16,43.52
Truck-103,Route-103,(675.0 0.0 55.5),(375.0 0.0 100.0),373.5235,382.408,0.1208393,2.497212,39.472,38.112
Truck-100,Route-100,(425.0 0.0 -5.5),(125.0 0.0 0.0),412.9514,417.12,0.03690651,2.129454,51.904,60.152
Truck-104,Route-104,(425.0 0.0 105.5),(625.0 0.0 0.0),412.9514,428.368,0.1364893,2.333964,51.024,72.344
