Truck_id,Route_id,Origin,Destination,Completion_Time_alone,Completion_Time,Congestion_ratio,TravelTime_by_Distance,PickupSta_AT,DropSta_AT,,,C_max_prev,C_max_now,C_max,Congestion_ratio_AVG_prev,Congestion_ratio_AVG_now,Congestion_ratio_AVG
Truck-0,Route-0,(675.0 0.0 5.5),(625.0 0.0 200.0),352.0174,356.896,0.09378852,2.709333,7.792,44.16,,,404.664,425.936,425.936,0.06873558,0.05650489,0.06262024
Truck-3,Route-3,(175.0 0.0 155.5),(375.0 0.0 150.0),380.6922,379.672,-0.01264314,2.153297,31.256,43.56
Truck-1,Route-1,(675.0 0.0 105.5),(375.0 0.0 100.0),369.9391,381.912,0.1711899,2.642322,37.36,39.536
Truck-2,Route-2,(425.0 0.0 5.5),(375.0 0.0 200.0),387.8609,390.496,0.02999174,2.20722,31.704,53.8
Truck-4,Route-4,(175.0 0.0 105.5),(375.0 0.0 50.0),398.614,404.664,0.06135084,2.226894,36.008,63.712
Truck-101,Route-101,(425.0 0.0 155.5),(375.0 0.0 200.0),377.1078,373.496,-0.04684149,2.099886,22.808,45.808
Truck-100,Route-100,(675.0 0.0 55.5),(625.0 0.0 200.0),384.2766,379.224,-0.05995204,2.031385,22.808,51.648
Truck-104,Route-104,(425.0 0.0 -5.5),(375.0 0.0 200.0),380.6922,384.552,0.04783365,2.285189,49.2,30.44
Truck-103,Route-103,(675.0 0.0 105.5),(125.0 0.0 0.0),395.0296,409.376,0.1509677,2.430578,37.384,66.976
Truck-102,Route-102,(175.0 0.0 105.5),(625.0 0.0 100.0),405.7827,425.936,0.1905166,2.469333,36.168,84.832
