Truck_id,Route_id,Origin,Destination,Completion_Time_alone,Completion_Time,Congestion_ratio,TravelTime_by_Distance,PickupSta_AT,DropSta_AT,,,C_max_prev,C_max_now,C_max,Congestion_ratio_AVG_prev,Congestion_ratio_AVG_now,Congestion_ratio_AVG
Truck-1,Route-1,(675.0 0.0 105.5),(625.0 0.0 200.0),344.8487,346.496,0.03673106,2.735059,7.232,34.344,,,386.56,420.344,420.344,0.03235434,0.1014076,0.06688098
Truck-4,Route-4,(675.0 0.0 5.5),(375.0 0.0 200.0),352.0174,351.576,-0.008485162,2.455999,7.232,39.304
Truck-100,Route-100,(425.0 0.0 155.5),(375.0 0.0 200.0),341.2643,341.904,0.01550199,2.793599,7.368,29.624
Truck-3,Route-3,(175.0 0.0 5.5),(125.0 0.0 200.0),352.0174,354.952,0.05641638,2.616762,7.232,42.76
Truck-101,Route-101,(675.0 0.0 55.5),(125.0 0.0 200.0),366.3548,372.376,0.09074315,2.495724,7.368,60.176
Truck-2,Route-2,(675.0 0.0 155.5),(625.0 0.0 150.0),380.6922,384.728,0.05001471,2.289946,31.192,48.576
Truck-0,Route-0,(675.0 0.0 55.5),(125.0 0.0 200.0),384.2766,386.56,0.02709469,2.219487,42.8,38.816
Truck-102,Route-102,(425.0 0.0 105.5),(125.0 0.0 0.0),377.1078,384.68,0.09820198,2.419428,37.408,42.28
Truck-104,Route-104,(175.0 0.0 -5.5),(375.0 0.0 50.0),391.4453,406.528,0.1649376,2.477396,61.424,40.176
Truck-103,Route-103,(425.0 0.0 55.5),(625.0 0.0 150.0),405.7827,420.344,0.1376534,2.359686,42.352,73.112
