Truck_id,Route_id,Origin,Destination,Completion_Time_alone,Completion_Time,Congestion_ratio,TravelTime_by_Distance,PickupSta_AT,DropSta_AT,,,C_max_prev,C_max_now,C_max,Congestion_ratio_AVG_prev,Congestion_ratio_AVG_now,Congestion_ratio_AVG
Truck-103,Route-103,(425.0 0.0 105.5),(125.0 0.0 200.0),362.7704,359.96,-0.04477308,2.22074,7.36,47.68,,,396.096,404.92,404.92,0.07780242,0.0502634,0.06403291
Truck-102,Route-102,(175.0 0.0 194.5),(625.0 0.0 0.0),362.7704,360.16,-0.04158667,2.228148,16.84,38.296
Truck-101,Route-101,(425.0 0.0 5.5),(125.0 0.0 200.0),352.0174,360.584,0.1646883,2.884953,7.36,48.352
Truck-0,Route-0,(425.0 0.0 155.5),(125.0 0.0 100.0),366.3548,374.672,0.1253449,2.574896,31.32,38.384
Truck-104,Route-104,(675.0 0.0 -5.5),(625.0 0.0 200.0),362.7704,367.096,0.06891131,2.485037,34.608,27.648
Truck-4,Route-4,(175.0 0.0 155.5),(375.0 0.0 150.0),380.6922,378.128,-0.03177766,2.111567,45.232,27.864
Truck-1,Route-1,(175.0 0.0 55.5),(125.0 0.0 200.0),373.5235,379.48,0.08101553,2.408485,31.32,43.176
Truck-3,Route-3,(175.0 0.0 105.5),(125.0 0.0 50.0),373.5235,388.464,0.2032075,2.680727,35.76,47.904
Truck-2,Route-2,(175.0 0.0 -5.5),(625.0 0.0 0.0),395.0296,396.096,0.01122183,2.135467,53.416,37.72
Truck-100,Route-100,(675.0 0.0 105.5),(375.0 0.0 200.0),395.0296,404.92,0.1040772,2.331556,54.76,45.168
