Truck_id,Route_id,Origin,Destination,Completion_Time_alone,Completion_Time,Congestion_ratio,TravelTime_by_Distance,PickupSta_AT,DropSta_AT,,,C_max_prev,C_max_now,C_max,Congestion_ratio_AVG_prev,Congestion_ratio_AVG_now,Congestion_ratio_AVG
Truck-1,Route-1,(425.0 0.0 5.5),(375.0 0.0 200.0),352.0174,356.296,0.08225379,2.680761,7.008,44.344,,,405.576,387.632,405.576,0.06810164,0.03610477,0.0521032
Truck-4,Route-4,(675.0 0.0 155.5),(625.0 0.0 200.0),377.1078,370.512,-0.08554065,2.014628,22.832,42.776
Truck-2,Route-2,(425.0 0.0 105.5),(125.0 0.0 150.0),366.3548,372.544,0.09327498,2.501518,35.256,32.192
Truck-3,Route-3,(175.0 0.0 205.5),(625.0 0.0 100.0),380.6922,391.952,0.1395401,2.485189,7.008,79.944
Truck-0,Route-0,(425.0 0.0 55.5),(625.0 0.0 50.0),395.0296,405.576,0.11098,2.346133,39.064,61.44
Truck-103,Route-103,(425.0 0.0 155.5),(375.0 0.0 200.0),341.2643,339.68,-0.03839444,2.645333,7.584,27.312
Truck-104,Route-104,(425.0 0.0 205.5),(125.0 0.0 100.0),344.8487,345.624,0.01728769,2.683764,7.584,33.168
Truck-100,Route-100,(425.0 0.0 105.5),(125.0 0.0 200.0),362.7704,366.36,0.05718568,2.457777,30.496,30.872
Truck-101,Route-101,(675.0 0.0 55.5),(625.0 0.0 0.0),380.6922,385.408,0.05844171,2.308324,40.264,40.216
Truck-102,Route-102,(675.0 0.0 -5.5),(125.0 0.0 200.0),380.6922,387.632,0.08600321,2.368432,34.848,47.752
