Truck_id,Route_id,Origin,Destination,Completion_Time_alone,Completion_Time,Congestion_ratio,TravelTime_by_Distance,PickupSta_AT,DropSta_AT,,,C_max_prev,C_max_now,C_max,Congestion_ratio_AVG_prev,Congestion_ratio_AVG_now,Congestion_ratio_AVG
Truck-1,Route-1,(675.0 0.0 205.5),(125.0 0.0 100.0),362.7704,360.776,-0.03177317,2.250963,6.864,48.896,,,379.608,413.152,413.152,0.04250193,0.04366131,0.04308162
Truck-4,Route-4,(675.0 0.0 105.5),(375.0 0.0 100.0),369.9391,374.584,0.06641344,2.405936,34.496,35.104
Truck-3,Route-3,(675.0 0.0 55.5),(625.0 0.0 200.0),373.5235,375.016,0.02029996,2.273212,6.864,63.104
Truck-0,Route-0,(175.0 0.0 205.5),(125.0 0.0 50.0),373.5235,379.024,0.07481311,2.394666,6.864,67.12
Truck-2,Route-2,(425.0 0.0 55.5),(375.0 0.0 200.0),373.5235,379.608,0.08275635,2.412364,30.912,43.68
Truck-100,Route-100,(175.0 0.0 194.5),(125.0 0.0 100.0),355.6017,360.08,0.08054197,2.612173,16.576,38.48
Truck-104,Route-104,(425.0 0.0 194.5),(625.0 0.0 200.0),373.5235,371.992,-0.02082959,2.181576,23.744,43.256
Truck-101,Route-101,(675.0 0.0 205.5),(375.0 0.0 200.0),369.9391,373.704,0.053831,2.377549,37.608,31.096
Truck-102,Route-102,(425.0 0.0 55.5),(625.0 0.0 200.0),373.5235,376.104,0.03509812,2.306182,7.08,64.04
Truck-103,Route-103,(175.0 0.0 155.5),(625.0 0.0 50.0),405.7827,413.152,0.06966505,2.218667,30.152,77.984
