Truck_id,Route_id,Origin,Destination,Completion_Time_alone,Completion_Time,Congestion_ratio,TravelTime_by_Distance,PickupSta_AT,DropSta_AT,,,C_max_prev,C_max_now,C_max,Congestion_ratio_AVG_prev,Congestion_ratio_AVG_now,Congestion_ratio_AVG
Truck-0,Route-0,(675.0 0.0 205.5),(625.0 0.0 150.0),341.2643,343.792,0.06125582,2.919466,6.904,31.936,,,399.52,406.336,406.336,-0.003121756,0.02506266,0.01097045
Truck-2,Route-2,(425.0 0.0 155.5),(125.0 0.0 200.0),359.1861,354.616,-0.07721528,2.18464,22.592,27.032
Truck-3,Route-3,(675.0 0.0 155.5),(375.0 0.0 200.0),366.3548,363.968,-0.03596998,2.205793,29.392,29.52
Truck-1,Route-1,(175.0 0.0 105.5),(375.0 0.0 0.0),377.1078,379.2,0.02713295,2.262857,34.576,39.608
Truck-4,Route-4,(175.0 0.0 -5.5),(625.0 0.0 200.0),398.614,399.52,0.00918771,2.117447,57.888,36.648
Truck-102,Route-102,(425.0 0.0 155.5),(625.0 0.0 0.0),373.5235,372.736,-0.01071053,2.204121,30.224,37.48
Truck-101,Route-101,(425.0 0.0 -5.5),(375.0 0.0 200.0),380.6922,381.592,0.01115115,2.205189,48.832,27.752
Truck-103,Route-103,(675.0 0.0 105.5),(625.0 0.0 200.0),387.8609,390.128,0.02580317,2.198244,29.472,55.64
Truck-100,Route-100,(175.0 0.0 55.5),(125.0 0.0 200.0),391.4453,393.344,0.02076371,2.170791,46.752,41.632
Truck-104,Route-104,(175.0 0.0 105.5),(125.0 0.0 50.0),398.614,406.336,0.07830582,2.262468,34.592,66.808
