Truck_id,Route_id,Origin,Destination,Completion_Time_alone,Completion_Time,Congestion_ratio,TravelTime_by_Distance,PickupSta_AT,DropSta_AT,,,C_max_prev,C_max_now,C_max,Congestion_ratio_AVG_prev,Congestion_ratio_AVG_now,Congestion_ratio_AVG
Truck-2,Route-2,(425.0 0.0 -5.5),(375.0 0.0 200.0),362.7704,369.936,0.1141555,2.590222,26.936,38.096,,,401.592,403.232,403.232,0.05701609,0.06447823,0.06074716
Truck-102,Route-102,(675.0 0.0 55.5),(125.0 0.0 200.0),366.3548,364.544,-0.02728908,2.225655,7.288,52.376
Truck-101,Route-101,(675.0 0.0 -5.5),(375.0 0.0 200.0),362.7704,368.248,0.08726355,2.527703,29.984,33.336
Truck-0,Route-0,(175.0 0.0 105.5),(375.0 0.0 200.0),377.1078,379.096,0.02578413,2.259886,35.84,38.312
Truck-1,Route-1,(675.0 0.0 155.5),(125.0 0.0 100.0),384.2766,384.856,0.006875427,2.175795,30.176,49.752
Truck-103,Route-103,(175.0 0.0 205.5),(625.0 0.0 150.0),377.1078,378.248,0.01478626,2.235657,7.288,66.056
Truck-4,Route-4,(675.0 0.0 105.5),(125.0 0.0 150.0),384.2766,393.384,0.1080663,2.394462,34.104,51.192
Truck-104,Route-104,(425.0 0.0 55.5),(125.0 0.0 100.0),373.5235,385.384,0.1613163,2.587394,39.896,40.672
Truck-3,Route-3,(175.0 0.0 155.5),(125.0 0.0 200.0),398.614,401.592,0.03019915,2.161532,61.816,34.824
Truck-100,Route-100,(175.0 0.0 -5.5),(625.0 0.0 0.0),395.0296,403.232,0.08631408,2.294044,54.744,43.416
