Truck_id,Route_id,Origin,Destination,Completion_Time_alone,Completion_Time,Congestion_ratio,TravelTime_by_Distance,PickupSta_AT,DropSta_AT,,,C_max_prev,C_max_now,C_max,Congestion_ratio_AVG_prev,Congestion_ratio_AVG_now,Congestion_ratio_AVG
Truck-1,Route-1,(175.0 0.0 205.5),(125.0 0.0 150.0),341.2643,343.888,0.06358249,2.925867,7.272,31.768,,,398.72,413,413,0.1072317,0.08099858,0.09411511
Truck-102,Route-102,(675.0 0.0 55.5),(375.0 0.0 200.0),348.433,348.816,0.007907738,2.569264,7.424,36.328
Truck-101,Route-101,(175.0 0.0 205.5),(125.0 0.0 150.0),341.2643,350.968,0.235159,3.397866,7.424,38.576
Truck-103,Route-103,(675.0 0.0 105.5),(375.0 0.0 200.0),362.7704,363.248,0.007608195,2.342518,22.984,35.288
Truck-3,Route-3,(675.0 0.0 155.5),(375.0 0.0 100.0),366.3548,374.536,0.1232955,2.570207,32.688,36.88
Truck-2,Route-2,(425.0 0.0 155.5),(125.0 0.0 0.0),373.5235,383.824,0.1400986,2.540121,30.696,48.144
Truck-4,Route-4,(675.0 0.0 -5.5),(625.0 0.0 50.0),373.5235,386.048,0.1703475,2.607515,37.08,40.92
Truck-0,Route-0,(175.0 0.0 105.5),(375.0 0.0 200.0),395.0296,398.72,0.03883421,2.193778,49.384,44.392
Truck-104,Route-104,(425.0 0.0 -5.5),(625.0 0.0 200.0),380.6922,390.464,0.1210996,2.444973,33.536,51.88
Truck-100,Route-100,(425.0 0.0 55.5),(125.0 0.0 100.0),409.367,413,0.03321839,2.132076,55.752,52.192
