Truck_id,Route_id,Origin,Destination,Completion_Time_alone,Completion_Time,Congestion_ratio,TravelTime_by_Distance,PickupSta_AT,DropSta_AT,,,C_max_prev,C_max_now,C_max,Congestion_ratio_AVG_prev,Congestion_ratio_AVG_now,Congestion_ratio_AVG
Truck-4,Route-4,(175.0 0.0 155.5),(125.0 0.0 200.0),341.2643,340.672,-0.01435419,2.711467,7.104,28.528,,,396.272,391.688,396.272,0.02783039,0.09750115,0.06266578
Truck-2,Route-2,(675.0 0.0 205.5),(625.0 0.0 100.0),344.8487,349.408,0.1016602,2.906352,7.104,37.304
Truck-1,Route-1,(175.0 0.0 194.5),(375.0 0.0 150.0),352.0174,350.752,-0.02432554,2.416763,16.616,29.192
Truck-3,Route-3,(175.0 0.0 105.5),(375.0 0.0 50.0),391.4453,393.584,0.02338846,2.176373,34.744,51.024
Truck-0,Route-0,(675.0 0.0 55.5),(625.0 0.0 200.0),391.4453,396.272,0.05278297,2.238884,64.096,27.296
Truck-102,Route-102,(675.0 0.0 55.5),(625.0 0.0 200.0),348.433,348.752,0.006586421,2.565896,7.408,36.464
Truck-103,Route-103,(175.0 0.0 205.5),(375.0 0.0 0.0),352.0174,356.088,0.07825556,2.670858,7.408,43.784
Truck-100,Route-100,(675.0 0.0 105.5),(375.0 0.0 200.0),369.9391,385.672,0.2249511,2.763613,30.696,49.944
Truck-101,Route-101,(175.0 0.0 -5.5),(375.0 0.0 200.0),380.6922,387.936,0.08977082,2.376649,29.112,53.952
Truck-104,Route-104,(675.0 0.0 205.5),(125.0 0.0 50.0),384.2766,391.688,0.08794188,2.350974,42.344,44.568
