Truck_id,Route_id,Origin,Destination,Completion_Time_alone,Completion_Time,Congestion_ratio,TravelTime_by_Distance,PickupSta_AT,DropSta_AT,,,C_max_prev,C_max_now,C_max,Congestion_ratio_AVG_prev,Congestion_ratio_AVG_now,Congestion_ratio_AVG
Truck-3,Route-3,(175.0 0.0 5.5),(375.0 0.0 200.0),352.0174,357.344,0.102401,2.730666,7.056,45.512,,,384.672,404.592,404.592,0.05824164,0.04614797,0.0521948
Truck-2,Route-2,(175.0 0.0 205.5),(375.0 0.0 100.0),362.7704,363.856,0.01729431,2.365036,7.048,51.952
Truck-0,Route-0,(675.0 0.0 155.5),(125.0 0.0 150.0),362.7704,369.152,0.1016656,2.561186,31.088,33.192
Truck-1,Route-1,(425.0 0.0 5.5),(625.0 0.0 200.0),369.9391,374.496,0.06515502,2.403097,7.056,62.496
Truck-4,Route-4,(675.0 0.0 55.5),(625.0 0.0 200.0),384.2766,384.672,0.004692252,2.171077,36.12,43.424
Truck-104,Route-104,(175.0 0.0 55.5),(625.0 0.0 200.0),384.2766,378.584,-0.0675459,2.014975,7.384,66.32
Truck-100,Route-100,(425.0 0.0 55.5),(125.0 0.0 200.0),373.5235,379.992,0.0879792,2.424,31.856,43.384
Truck-102,Route-102,(675.0 0.0 105.5),(625.0 0.0 200.0),377.1078,384.648,0.09778721,2.418514,34.472,45.104
Truck-103,Route-103,(175.0 0.0 194.5),(375.0 0.0 200.0),380.6922,384.88,0.05189851,2.294054,31.176,48.6
Truck-101,Route-101,(675.0 0.0 155.5),(375.0 0.0 200.0),398.614,404.592,0.06062081,2.225362,63.336,36.408
