Truck_id,Route_id,Origin,Destination,Completion_Time_alone,Completion_Time,Congestion_ratio,TravelTime_by_Distance,PickupSta_AT,DropSta_AT,,,C_max_prev,C_max_now,C_max,Congestion_ratio_AVG_prev,Congestion_ratio_AVG_now,Congestion_ratio_AVG
Truck-3,Route-3,(425.0 0.0 5.5),(125.0 0.0 200.0),352.0174,352.752,0.01412316,2.512001,6.904,40.856,,,428.024,392.856,428.024,-0.007044268,0.01357741,0.00326657
Truck-0,Route-0,(675.0 0.0 55.5),(125.0 0.0 200.0),366.3548,366.288,-0.001006295,2.285793,22.752,38.52
Truck-2,Route-2,(175.0 0.0 155.5),(375.0 0.0 150.0),380.6922,377.392,-0.04089864,2.091676,45.592,26.816
Truck-4,Route-4,(675.0 0.0 -5.5),(125.0 0.0 100.0),387.8609,389.12,0.01433054,2.173658,35.944,48.128
Truck-1,Route-1,(175.0 0.0 55.5),(125.0 0.0 50.0),430.8731,428.024,-0.0217701,1.9696,68.776,54.248
Truck-100,Route-100,(425.0 0.0 205.5),(375.0 0.0 0.0),352.0174,350.072,-0.03739854,2.384381,7.024,38.064
Truck-102,Route-102,(675.0 0.0 205.5),(375.0 0.0 50.0),348.433,350.072,0.03384008,2.635368,7.024,38.064
Truck-101,Route-101,(675.0 0.0 55.5),(125.0 0.0 200.0),366.3548,369.424,0.04625507,2.393931,7.024,57.456
Truck-104,Route-104,(175.0 0.0 -5.5),(375.0 0.0 150.0),366.3548,369.544,0.04806346,2.398069,37.024,27.608
Truck-103,Route-103,(175.0 0.0 105.5),(625.0 0.0 0.0),395.0296,392.856,-0.02287303,2.063466,34.504,53.304
