Truck_id,Route_id,Origin,Destination,Completion_Time_alone,Completion_Time,Congestion_ratio,TravelTime_by_Distance,PickupSta_AT,DropSta_AT,,,C_max_prev,C_max_now,C_max,Congestion_ratio_AVG_prev,Congestion_ratio_AVG_now,Congestion_ratio_AVG
Truck-104,Route-104,(175.0 0.0 194.5),(125.0 0.0 100.0),355.6017,358.752,0.05665831,2.554435,16.84,36.912,,,419.408,376.72,419.408,0.1277843,0.04442185,0.08610306
Truck-2,Route-2,(675.0 0.0 194.5),(125.0 0.0 200.0),373.5235,374.512,0.01344503,2.257939,25.272,44.328
Truck-101,Route-101,(675.0 0.0 155.5),(625.0 0.0 100.0),366.3548,369.464,0.04685756,2.39531,30.624,33.8
Truck-1,Route-1,(425.0 0.0 105.5),(375.0 0.0 200.0),377.1078,381.192,0.05296655,2.319771,34.68,41.464
Truck-102,Route-102,(675.0 0.0 105.5),(375.0 0.0 150.0),366.3548,371.464,0.07699858,2.464276,34.504,32.008
Truck-103,Route-103,(675.0 0.0 5.5),(125.0 0.0 200.0),369.9391,373.2,0.04662476,2.361291,31.072,37.152
Truck-100,Route-100,(175.0 0.0 105.5),(375.0 0.0 200.0),377.1078,376.72,-0.005029941,2.192,34.504,37.288
Truck-0,Route-0,(675.0 0.0 55.5),(375.0 0.0 200.0),373.5235,396.112,0.3072289,2.912485,31.024,60.256
Truck-4,Route-4,(425.0 0.0 155.5),(375.0 0.0 100.0),384.2766,401.816,0.2081179,2.610667,49.856,44.048
Truck-3,Route-3,(175.0 0.0 55.5),(625.0 0.0 50.0),412.9514,419.408,0.05716297,2.171054,39.528,75.096
