Truck_id,Route_id,Origin,Destination,Completion_Time_alone,Completion_Time,Congestion_ratio,TravelTime_by_Distance,PickupSta_AT,DropSta_AT,,,C_max_prev,C_max_now,C_max,Congestion_ratio_AVG_prev,Congestion_ratio_AVG_now,Congestion_ratio_AVG
Truck-3,Route-3,(425.0 0.0 205.5),(625.0 0.0 0.0),352.0174,357.368,0.1028627,2.73181,7.36,45.032,,,398.16,416.704,416.704,0.1168261,0.07446657,0.09564634
Truck-103,Route-103,(425.0 0.0 155.5),(625.0 0.0 200.0),359.1861,356.928,-0.03815183,2.27712,7.36,44.6
Truck-1,Route-1,(675.0 0.0 205.5),(125.0 0.0 50.0),366.3548,369.72,0.05071579,2.404138,7.36,57.376
Truck-101,Route-101,(425.0 0.0 55.5),(125.0 0.0 200.0),366.3548,370.68,0.06518335,2.437241,36.6,29.192
Truck-0,Route-0,(675.0 0.0 -5.5),(625.0 0.0 50.0),373.5235,383.2,0.1316116,2.521213,37.096,41.072
Truck-2,Route-2,(425.0 0.0 105.5),(125.0 0.0 200.0),377.1078,387.456,0.1342035,2.498743,34.8,47.608
Truck-104,Route-104,(425.0 0.0 -5.5),(375.0 0.0 200.0),380.6922,386.368,0.07033904,2.33427,49.448,31.848
Truck-4,Route-4,(175.0 0.0 155.5),(375.0 0.0 100.0),384.2766,398.16,0.1647369,2.516923,31.024,62.216
Truck-102,Route-102,(675.0 0.0 55.5),(125.0 0.0 50.0),395.0296,414.784,0.2078762,2.550756,40.776,69.088
Truck-100,Route-100,(175.0 0.0 105.5),(625.0 0.0 50.0),409.367,416.704,0.0670861,2.201962,36.816,75.016
