Truck_id,Route_id,Origin,Destination,Completion_Time_alone,Completion_Time,Congestion_ratio,TravelTime_by_Distance,PickupSta_AT,DropSta_AT,,,C_max_prev,C_max_now,C_max,Congestion_ratio_AVG_prev,Congestion_ratio_AVG_now,Congestion_ratio_AVG
Truck-103,Route-103,(425.0 0.0 155.5),(375.0 0.0 200.0),341.2643,340.688,-0.01396666,2.712533,7.44,28.232,,,398.376,384.912,398.376,0.02081561,0.04067347,0.03074454
Truck-1,Route-1,(425.0 0.0 5.5),(375.0 0.0 200.0),352.0174,357.152,0.09871018,2.721524,7.376,44.72
Truck-104,Route-104,(425.0 0.0 205.5),(125.0 0.0 100.0),344.8487,350.248,0.1203898,2.955764,7.44,37.832
Truck-4,Route-4,(675.0 0.0 155.5),(625.0 0.0 200.0),377.1078,370.544,-0.08512548,2.015543,22.656,42.936
Truck-100,Route-100,(425.0 0.0 105.5),(125.0 0.0 200.0),362.7704,363.448,0.0107946,2.349926,30.848,27.64
Truck-3,Route-3,(175.0 0.0 205.5),(625.0 0.0 100.0),380.6922,379.576,-0.01383295,2.150702,7.376,67.144
Truck-0,Route-0,(425.0 0.0 55.5),(125.0 0.0 150.0),387.8609,390.368,0.028535,2.204098,54.84,30.472
Truck-102,Route-102,(675.0 0.0 -5.5),(125.0 0.0 200.0),380.6922,383.424,0.03385472,2.254703,34.384,44.016
Truck-101,Route-101,(675.0 0.0 55.5),(625.0 0.0 0.0),380.6922,384.912,0.05229487,2.294919,41.048,38.92
Truck-2,Route-2,(425.0 0.0 105.5),(625.0 0.0 50.0),391.4453,398.376,0.07579131,2.287814,37.392,56.152
