Truck_id,Route_id,Origin,Destination,Completion_Time_alone,Completion_Time,Congestion_ratio,TravelTime_by_Distance,PickupSta_AT,DropSta_AT,,,C_max_prev,C_max_now,C_max,Congestion_ratio_AVG_prev,Congestion_ratio_AVG_now,Congestion_ratio_AVG
Truck-0,Route-0,(675.0 0.0 -5.5),(625.0 0.0 200.0),362.7704,365.072,0.03666655,2.410074,29.704,30.352,,,395.832,428.12,428.12,0.06481575,0.01402744,0.0394216
Truck-2,Route-2,(675.0 0.0 155.5),(375.0 0.0 50.0),369.9391,377.248,0.1045033,2.49187,30.744,41.536
Truck-3,Route-3,(425.0 0.0 55.5),(125.0 0.0 200.0),373.5235,378.16,0.06306198,2.368485,30.224,43.056
Truck-1,Route-1,(675.0 0.0 55.5),(375.0 0.0 200.0),373.5235,378.808,0.07187563,2.388122,30.992,42.784
Truck-4,Route-4,(175.0 0.0 55.5),(375.0 0.0 100.0),391.4453,395.832,0.04797132,2.228651,39.72,51.144
Truck-102,Route-102,(425.0 0.0 205.5),(125.0 0.0 150.0),341.2643,341.16,-0.002527828,2.744,7.488,28.688
Truck-100,Route-100,(675.0 0.0 205.5),(125.0 0.0 100.0),362.7704,365.592,0.04495102,2.429334,7.496,53.144
Truck-103,Route-103,(675.0 0.0 105.5),(625.0 0.0 200.0),380.6922,378.928,-0.02186321,2.133189,22.912,51.024
Truck-101,Route-101,(175.0 0.0 -5.5),(125.0 0.0 200.0),416.5357,414.552,-0.01702228,2.009684,58.056,51.6
Truck-104,Route-104,(425.0 0.0 55.5),(375.0 0.0 50.0),420.1201,428.12,0.06659953,2.171525,41.032,82.152
