Truck_id,Route_id,Origin,Destination,Completion_Time_alone,Completion_Time,Congestion_ratio,TravelTime_by_Distance,PickupSta_AT,DropSta_AT,,,C_max_prev,C_max_now,C_max,Congestion_ratio_AVG_prev,Congestion_ratio_AVG_now,Congestion_ratio_AVG
Truck-104,Route-104,(175.0 0.0 105.5),(125.0 0.0 200.0),344.8487,348.232,0.07543884,2.837176,7.416,35.84,,,385.24,403.704,403.704,0.01008347,0.05642889,0.03325618
Truck-100,Route-100,(425.0 0.0 205.5),(125.0 0.0 50.0),348.433,349.064,0.01302792,2.582315,7.416,36.728
Truck-0,Route-0,(175.0 0.0 194.5),(625.0 0.0 150.0),369.9391,365.224,-0.06741747,2.104,32.04,28.144
Truck-1,Route-1,(675.0 0.0 155.5),(375.0 0.0 200.0),366.3548,369.808,0.05204219,2.407173,29.88,34.928
Truck-3,Route-3,(175.0 0.0 155.5),(375.0 0.0 150.0),380.6922,377.824,-0.03554488,2.103352,30.536,42.432
Truck-2,Route-2,(175.0 0.0 105.5),(375.0 0.0 200.0),377.1078,380.576,0.04497778,2.302171,34.048,41.528
Truck-4,Route-4,(675.0 0.0 -5.5),(125.0 0.0 200.0),380.6922,385.24,0.05635973,2.303783,26.856,53.488
Truck-101,Route-101,(675.0 0.0 105.5),(375.0 0.0 100.0),369.9391,378.256,0.1189162,2.524388,36.52,36.712
Truck-103,Route-103,(425.0 0.0 -5.5),(625.0 0.0 200.0),380.6922,385.536,0.06002824,2.311784,43.784,36.912
Truck-102,Route-102,(425.0 0.0 105.5),(375.0 0.0 150.0),402.1983,403.704,0.01473319,2.116408,51.192,47.664
