Truck_id,Route_id,Origin,Destination,Completion_Time_alone,Completion_Time,Congestion_ratio,TravelTime_by_Distance,PickupSta_AT,DropSta_AT,,,C_max_prev,C_max_now,C_max,Congestion_ratio_AVG_prev,Congestion_ratio_AVG_now,Congestion_ratio_AVG
Truck-2,Route-2,(425.0 0.0 194.5),(125.0 0.0 200.0),355.6017,357.64,0.03665893,2.506088,23.784,29.016,,,390.256,435.192,435.192,0.05661838,0.06438775,0.06050307
Truck-3,Route-3,(175.0 0.0 -5.5),(375.0 0.0 200.0),362.7704,361.088,-0.02680249,2.262519,16.8,39.44
Truck-1,Route-1,(675.0 0.0 105.5),(375.0 0.0 200.0),369.9391,375.096,0.073734,2.422452,30.928,39.136
Truck-100,Route-100,(425.0 0.0 -5.5),(375.0 0.0 200.0),362.7704,368.608,0.09299899,2.541037,31.64,31.984
Truck-4,Route-4,(175.0 0.0 105.5),(125.0 0.0 0.0),377.1078,383.352,0.08097931,2.381485,36.232,42.304
Truck-103,Route-103,(675.0 0.0 205.5),(125.0 0.0 0.0),369.9391,377.504,0.1081638,2.500129,7.56,64.912
Truck-0,Route-0,(675.0 0.0 155.5),(625.0 0.0 200.0),380.6922,390.256,0.1185221,2.439352,44.72,40.544
Truck-102,Route-102,(175.0 0.0 155.5),(625.0 0.0 150.0),398.614,396.728,-0.01912463,2.058043,46.36,45.496
Truck-101,Route-101,(175.0 0.0 105.5),(375.0 0.0 0.0),395.0296,402.424,0.07781164,2.276089,36.688,60.672
Truck-104,Route-104,(425.0 0.0 55.5),(125.0 0.0 200.0),427.2888,435.192,0.06208898,2.145905,72.544,57.664
