Truck_id,Route_id,Origin,Destination,Completion_Time_alone,Completion_Time,Congestion_ratio,TravelTime_by_Distance,PickupSta_AT,DropSta_AT,,,C_max_prev,C_max_now,C_max,Congestion_ratio_AVG_prev,Congestion_ratio_AVG_now,Congestion_ratio_AVG
Truck-4,Route-4,(175.0 0.0 194.5),(375.0 0.0 150.0),352.0174,348.44,-0.06877246,2.306667,16.464,27.032,,,388.304,373.936,388.304,0.003084149,0.06890033,0.03599224
Truck-1,Route-1,(425.0 0.0 194.5),(625.0 0.0 0.0),362.7704,359.144,-0.0577725,2.190519,16.464,37.712
Truck-2,Route-2,(175.0 0.0 -5.5),(375.0 0.0 200.0),380.6922,383.016,0.02879822,2.243675,26.128,51.84
Truck-0,Route-0,(175.0 0.0 155.5),(375.0 0.0 100.0),384.2766,385.864,0.01883636,2.201641,30.72,50.36
Truck-3,Route-3,(675.0 0.0 55.5),(375.0 0.0 0.0),380.6922,388.304,0.09433112,2.386594,40.616,42.616
Truck-100,Route-100,(675.0 0.0 105.5),(625.0 0.0 200.0),344.8487,346.392,0.03441206,2.728941,7.304,34.296
Truck-101,Route-101,(675.0 0.0 205.5),(625.0 0.0 0.0),352.0174,356.776,0.09148169,2.703619,7.304,44.56
Truck-102,Route-102,(675.0 0.0 155.5),(125.0 0.0 200.0),359.1861,364.16,0.084039,2.5664,7.304,51.92
Truck-104,Route-104,(425.0 0.0 155.5),(375.0 0.0 50.0),369.9391,371.36,0.02031578,2.301935,30.608,35.896
Truck-103,Route-103,(175.0 0.0 105.5),(125.0 0.0 150.0),366.3548,373.936,0.1142531,2.549517,35.856,33.136
