Truck_id,Route_id,Origin,Destination,Completion_Time_alone,Completion_Time,Congestion_ratio,TravelTime_by_Distance,PickupSta_AT,DropSta_AT,,,C_max_prev,C_max_now,C_max,Congestion_ratio_AVG_prev,Congestion_ratio_AVG_now,Congestion_ratio_AVG
Truck-4,Route-4,(425.0 0.0 155.5),(125.0 0.0 100.0),366.3548,373.976,0.114856,2.550897,31.48,37.48,,,433.304,400.2,433.304,0.05424809,0.03454062,0.04439435
Truck-2,Route-2,(675.0 0.0 155.5),(625.0 0.0 0.0),373.5235,379.016,0.07470436,2.394424,31.2,42.688
Truck-3,Route-3,(175.0 0.0 155.5),(625.0 0.0 200.0),377.1078,380.984,0.05026933,2.313829,7.296,68.672
Truck-1,Route-1,(175.0 0.0 205.5),(625.0 0.0 100.0),380.6922,381.728,0.0128364,2.208865,7.296,69.424
Truck-0,Route-0,(675.0 0.0 5.5),(625.0 0.0 200.0),430.8731,433.304,0.01857431,2.050831,46.568,81.728
Truck-103,Route-103,(425.0 0.0 5.5),(375.0 0.0 200.0),352.0174,353.248,0.0236579,2.535618,7.352,40.952
Truck-104,Route-104,(175.0 0.0 194.5),(375.0 0.0 50.0),359.1861,360.456,0.02145654,2.41824,16.928,38.488
Truck-102,Route-102,(675.0 0.0 105.5),(125.0 0.0 200.0),362.7704,363.624,0.01359839,2.356444,30.464,28.08
Truck-101,Route-101,(675.0 0.0 -5.5),(625.0 0.0 150.0),366.3548,375.216,0.1335433,2.593655,37.376,32.936
Truck-100,Route-100,(425.0 0.0 55.5),(625.0 0.0 200.0),402.1983,400.2,-0.01955307,2.044898,30.464,64.68
