Truck_id,Route_id,Origin,Destination,Completion_Time_alone,Completion_Time,Congestion_ratio,TravelTime_by_Distance,PickupSta_AT,DropSta_AT,,,C_max_prev,C_max_now,C_max,Congestion_ratio_AVG_prev,Congestion_ratio_AVG_now,Congestion_ratio_AVG
Truck-3,Route-3,(675.0 0.0 205.5),(625.0 0.0 100.0),344.8487,350.136,0.1178925,2.949176,7.352,37.888,,,385.84,399.648,399.648,0.09432372,0.06365813,0.07899092
Truck-104,Route-104,(425.0 0.0 194.5),(375.0 0.0 100.0),355.6017,358.752,0.05665831,2.554435,16.88,36.824
Truck-100,Route-100,(175.0 0.0 194.5),(125.0 0.0 200.0),355.6017,364.296,0.156367,2.795478,24.88,34.528
Truck-1,Route-1,(425.0 0.0 105.5),(125.0 0.0 200.0),369.9391,376.792,0.09798343,2.477161,30.344,41.488
Truck-2,Route-2,(675.0 0.0 155.5),(625.0 0.0 50.0),369.9391,376.792,0.09798343,2.477161,31.256,37.552
Truck-0,Route-0,(175.0 0.0 155.5),(125.0 0.0 0.0),373.5235,380.432,0.09396372,2.437334,31.04,44.448
Truck-102,Route-102,(175.0 0.0 55.5),(375.0 0.0 200.0),373.5235,373.976,0.006155112,2.241697,31.328,37.728
Truck-4,Route-4,(675.0 0.0 55.5),(625.0 0.0 0.0),380.6922,385.84,0.06379547,2.32,38.488,42.584
Truck-103,Route-103,(425.0 0.0 -5.5),(625.0 0.0 200.0),380.6922,384.768,0.05051053,2.291027,27.32,52.416
Truck-101,Route-101,(175.0 0.0 105.5),(375.0 0.0 200.0),395.0296,399.648,0.04859968,2.2144,51.432,43.208
