Truck_id,Route_id,Origin,Destination,Completion_Time_alone,Completion_Time,Congestion_ratio,TravelTime_by_Distance,PickupSta_AT,DropSta_AT,,,C_max_prev,C_max_now,C_max,Congestion_ratio_AVG_prev,Congestion_ratio_AVG_now,Congestion_ratio_AVG
Truck-4,Route-4,(675.0 0.0 105.5),(625.0 0.0 200.0),344.8487,346.288,0.03209306,2.722823,7.208,34.104,,,385.184,378.76,385.184,0.07742443,0.1145821,0.09600326
Truck-2,Route-2,(175.0 0.0 55.5),(125.0 0.0 200.0),348.433,347.768,-0.01373048,2.514106,7.208,35.648
Truck-103,Route-103,(425.0 0.0 205.5),(375.0 0.0 100.0),344.8487,357.712,0.2868166,3.394824,7.424,45.288
Truck-0,Route-0,(425.0 0.0 105.5),(125.0 0.0 150.0),366.3548,372.32,0.0898992,2.493793,35.912,31.368
Truck-100,Route-100,(425.0 0.0 -5.5),(625.0 0.0 200.0),362.7704,363.2,0.006843924,2.340741,16.864,41.368
Truck-102,Route-102,(675.0 0.0 205.5),(125.0 0.0 150.0),359.1861,366.96,0.1313472,2.6784,7.424,54.528
Truck-104,Route-104,(425.0 0.0 55.5),(125.0 0.0 200.0),366.3548,367.8,0.02178021,2.337931,22.824,39.96
Truck-3,Route-3,(425.0 0.0 205.5),(625.0 0.0 50.0),366.3548,384.144,0.268093,2.901518,7.208,71.92
Truck-1,Route-1,(675.0 0.0 55.5),(625.0 0.0 200.0),384.2766,385.184,0.01076741,2.184205,35.912,44.288
Truck-101,Route-101,(425.0 0.0 105.5),(125.0 0.0 100.0),369.9391,378.76,0.1261224,2.540645,37.456,36.384
