Truck_id,Route_id,Origin,Destination,Completion_Time_alone,Completion_Time,Congestion_ratio,TravelTime_by_Distance,PickupSta_AT,DropSta_AT,,,C_max_prev,C_max_now,C_max,Congestion_ratio_AVG_prev,Congestion_ratio_AVG_now,Congestion_ratio_AVG
Truck-1,Route-1,(425.0 0.0 5.5),(375.0 0.0 200.0),352.0174,361.088,0.1743773,2.908953,7.192,48.76,,,398.776,390.52,398.776,0.08356316,0.03238184,0.05797251
Truck-2,Route-2,(425.0 0.0 105.5),(125.0 0.0 150.0),366.3548,374.488,0.122572,2.568552,34.656,34.856
Truck-4,Route-4,(675.0 0.0 155.5),(625.0 0.0 200.0),377.1078,379.6,0.03232041,2.274286,22.592,52.04
Truck-3,Route-3,(175.0 0.0 205.5),(625.0 0.0 100.0),380.6922,384.656,0.04912255,2.288,7.192,72.512
Truck-0,Route-0,(425.0 0.0 55.5),(625.0 0.0 50.0),395.0296,398.776,0.0394235,2.195022,38.6,55.04
Truck-103,Route-103,(425.0 0.0 155.5),(375.0 0.0 200.0),341.2643,339.504,-0.0426595,2.6336,7.32,27.416
Truck-104,Route-104,(425.0 0.0 205.5),(125.0 0.0 100.0),344.8487,345.952,0.02460124,2.703058,7.32,33.792
Truck-100,Route-100,(425.0 0.0 105.5),(125.0 0.0 200.0),362.7704,363.88,0.01767694,2.365926,30.72,28.152
Truck-101,Route-101,(675.0 0.0 55.5),(625.0 0.0 0.0),380.6922,383.96,0.040497,2.269189,39.824,39.232
Truck-102,Route-102,(675.0 0.0 -5.5),(125.0 0.0 200.0),380.6922,390.52,0.1217935,2.446486,33.784,51.784
