Truck_id,Route_id,Origin,Destination,Completion_Time_alone,Completion_Time,Congestion_ratio,TravelTime_by_Distance,PickupSta_AT,DropSta_AT,,,C_max_prev,C_max_now,C_max,Congestion_ratio_AVG_prev,Congestion_ratio_AVG_now,Congestion_ratio_AVG
Truck-3,Route-3,(675.0 0.0 105.5),(625.0 0.0 200.0),344.8487,345.312,0.01033138,2.665412,7.2,33.328,,,417.168,414.8,417.168,0.0203448,0.07000832,0.04517656
Truck-4,Route-4,(175.0 0.0 55.5),(125.0 0.0 200.0),348.433,346.912,-0.03140475,2.469052,7.2,34.816
Truck-2,Route-2,(425.0 0.0 5.5),(375.0 0.0 200.0),352.0174,357.144,0.09855647,2.721143,7.2,45.096
Truck-104,Route-104,(175.0 0.0 205.5),(125.0 0.0 50.0),348.433,353.304,0.1005713,2.805473,7.288,41.12
Truck-0,Route-0,(675.0 0.0 205.5),(125.0 0.0 150.0),377.1078,380.872,0.04881682,2.310629,38.12,31.928
Truck-101,Route-101,(175.0 0.0 -5.5),(375.0 0.0 100.0),369.9391,375,0.07236126,2.419355,37.528,32.528
Truck-102,Route-102,(675.0 0.0 155.5),(125.0 0.0 0.0),373.5235,375,0.02008246,2.272727,30.92,39.152
Truck-1,Route-1,(675.0 0.0 55.5),(625.0 0.0 200.0),420.1201,417.168,-0.02457589,1.985898,45.384,66.776
Truck-103,Route-103,(675.0 0.0 55.5),(625.0 0.0 0.0),405.7827,413.376,0.0717826,2.223059,66.392,42.192
Truck-100,Route-100,(675.0 0.0 105.5),(375.0 0.0 50.0),405.7827,414.8,0.08524398,2.25098,71.248,35.808
