Truck_id,Route_id,Origin,Destination,Completion_Time_alone,Completion_Time,Congestion_ratio,TravelTime_by_Distance,PickupSta_AT,DropSta_AT,,,C_max_prev,C_max_now,C_max,Congestion_ratio_AVG_prev,Congestion_ratio_AVG_now,Congestion_ratio_AVG
Truck-4,Route-4,(425.0 0.0 205.5),(375.0 0.0 150.0),341.2643,350.808,0.2312822,3.387201,7.096,38.768,,,429.096,406.512,429.096,0.09751822,0.08572086,0.09161954
Truck-0,Route-0,(675.0 0.0 105.5),(125.0 0.0 200.0),362.7704,365.024,0.03590179,2.408296,7.104,52.832
Truck-3,Route-3,(425.0 0.0 105.5),(375.0 0.0 200.0),387.8609,386.376,-0.01690051,2.106732,29.592,51.904
Truck-2,Route-2,(425.0 0.0 -5.5),(625.0 0.0 200.0),380.6922,391.144,0.1295269,2.463352,26.664,59.392
Truck-1,Route-1,(175.0 0.0 -5.5),(125.0 0.0 200.0),416.5357,429.096,0.1077807,2.264842,57.752,66.328
Truck-102,Route-102,(425.0 0.0 194.5),(625.0 0.0 100.0),355.6017,354.384,-0.02190063,2.364522,16.792,32.64
Truck-100,Route-100,(675.0 0.0 194.5),(375.0 0.0 200.0),355.6017,358.664,0.0550754,2.550609,26.08,27.72
Truck-101,Route-101,(425.0 0.0 -5.5),(375.0 0.0 200.0),362.7704,368.744,0.0951654,2.546074,35.768,28.016
Truck-104,Route-104,(175.0 0.0 205.5),(625.0 0.0 0.0),369.9391,379.416,0.1355017,2.561806,7.368,67.168
Truck-103,Route-103,(175.0 0.0 55.5),(625.0 0.0 200.0),391.4453,406.512,0.1647624,2.477023,7.368,94.304
