Truck_id,Route_id,Origin,Destination,Completion_Time_alone,Completion_Time,Congestion_ratio,TravelTime_by_Distance,PickupSta_AT,DropSta_AT,,,C_max_prev,C_max_now,C_max,Congestion_ratio_AVG_prev,Congestion_ratio_AVG_now,Congestion_ratio_AVG
Truck-3,Route-3,(425.0 0.0 5.5),(125.0 0.0 200.0),352.0174,352.872,0.01642999,2.517715,6.88,41.096,,,420.744,393.072,420.744,-0.01780833,0.02828521,0.00523844
Truck-0,Route-0,(675.0 0.0 55.5),(125.0 0.0 200.0),366.3548,362.456,-0.05875649,2.153655,22.696,34.856
Truck-1,Route-1,(175.0 0.0 55.5),(375.0 0.0 150.0),387.8609,384.84,-0.03438281,2.069268,52.904,26.952
Truck-4,Route-4,(675.0 0.0 -5.5),(125.0 0.0 100.0),387.8609,388.88,0.01159906,2.167805,35.648,48.272
Truck-2,Route-2,(175.0 0.0 155.5),(125.0 0.0 50.0),423.7044,420.744,-0.02393139,1.97941,61.192,54.472
Truck-100,Route-100,(425.0 0.0 205.5),(375.0 0.0 0.0),352.0174,349.728,-0.0440116,2.368,7.056,37.68
Truck-102,Route-102,(675.0 0.0 205.5),(375.0 0.0 50.0),348.433,351.152,0.05613927,2.692211,7.056,39.072
Truck-101,Route-101,(675.0 0.0 55.5),(125.0 0.0 200.0),366.3548,368.176,0.02744683,2.350896,7.056,56.152
Truck-104,Route-104,(175.0 0.0 -5.5),(375.0 0.0 150.0),366.3548,374.48,0.1224516,2.568276,37.024,32.496
Truck-103,Route-103,(175.0 0.0 105.5),(625.0 0.0 0.0),395.0296,393.072,-0.02060001,2.068266,34.392,53.616
