Truck_id,Route_id,Origin,Destination,Completion_Time_alone,Completion_Time,Congestion_ratio,TravelTime_by_Distance,PickupSta_AT,DropSta_AT,,,C_max_prev,C_max_now,C_max,Congestion_ratio_AVG_prev,Congestion_ratio_AVG_now,Congestion_ratio_AVG
Truck-0,Route-0,(675.0 0.0 105.5),(375.0 0.0 200.0),362.7704,358.872,-0.0621058,2.180445,22.912,30.992,,,442.728,384.768,442.728,-0.01447838,0.06786732,0.02669448
Truck-1,Route-1,(675.0 0.0 205.5),(125.0 0.0 50.0),366.3548,369.816,0.05216268,2.407449,7.176,57.592
Truck-2,Route-2,(675.0 0.0 155.5),(625.0 0.0 200.0),377.1078,370.248,-0.08896453,2.007085,22.912,42.408
Truck-101,Route-101,(425.0 0.0 55.5),(125.0 0.0 200.0),366.3548,367.376,0.01539061,2.323311,34.824,27.824
Truck-103,Route-103,(675.0 0.0 205.5),(375.0 0.0 0.0),369.9391,371.984,0.02923816,2.322065,22.952,44.112
Truck-104,Route-104,(675.0 0.0 -5.5),(625.0 0.0 200.0),362.7704,372.664,0.1576154,2.691259,31.656,36.032
Truck-3,Route-3,(425.0 0.0 55.5),(375.0 0.0 200.0),384.2766,387.952,0.04361172,2.255179,34.544,48.632
Truck-100,Route-100,(175.0 0.0 5.5),(125.0 0.0 100.0),377.1078,383.784,0.08658195,2.393828,43.92,35.024
Truck-102,Route-102,(425.0 0.0 -5.5),(625.0 0.0 200.0),380.6922,384.768,0.05051053,2.291027,30.736,49.088
Truck-4,Route-4,(175.0 0.0 55.5),(125.0 0.0 200.0),445.2105,442.728,-0.01709596,1.955178,87.56,50.352
