Truck_id,Route_id,Origin,Destination,Completion_Time_alone,Completion_Time,Congestion_ratio,TravelTime_by_Distance,PickupSta_AT,DropSta_AT,,,C_max_prev,C_max_now,C_max,Congestion_ratio_AVG_prev,Congestion_ratio_AVG_now,Congestion_ratio_AVG
Truck-0,Route-0,(675.0 0.0 105.5),(375.0 0.0 200.0),362.7704,364.744,0.03144111,2.397925,22.584,37.264,,,445.28,388.224,445.28,0.007280486,0.1074386,0.05735954
Truck-1,Route-1,(675.0 0.0 205.5),(125.0 0.0 50.0),366.3548,367.856,0.02262416,2.339862,7.28,55.712
Truck-2,Route-2,(675.0 0.0 155.5),(625.0 0.0 200.0),377.1078,376.328,-0.01011371,2.1808,22.584,48.888
Truck-3,Route-3,(425.0 0.0 55.5),(375.0 0.0 200.0),384.2766,383.6,-0.008027668,2.14359,35.448,43.256
Truck-4,Route-4,(175.0 0.0 55.5),(125.0 0.0 200.0),445.2105,445.28,0.0004785365,1.990137,87.552,52.84
Truck-101,Route-101,(425.0 0.0 55.5),(125.0 0.0 200.0),366.3548,368.6,0.03383689,2.365517,35.096,28.424
Truck-104,Route-104,(675.0 0.0 -5.5),(625.0 0.0 200.0),362.7704,375.416,0.2014575,2.793185,31.64,38.808
Truck-103,Route-103,(675.0 0.0 205.5),(375.0 0.0 0.0),369.9391,376.344,0.09157789,2.462709,27.784,43.704
Truck-100,Route-100,(175.0 0.0 5.5),(125.0 0.0 100.0),377.1078,386.128,0.1169809,2.4608,42.344,38.944
Truck-102,Route-102,(425.0 0.0 -5.5),(625.0 0.0 200.0),380.6922,388.224,0.09333987,2.384432,29.832,53.352
