Truck_id,Route_id,Origin,Destination,Completion_Time_alone,Completion_Time,Congestion_ratio,TravelTime_by_Distance,PickupSta_AT,DropSta_AT,,,C_max_prev,C_max_now,C_max,Congestion_ratio_AVG_prev,Congestion_ratio_AVG_now,Congestion_ratio_AVG
Truck-1,Route-1,(175.0 0.0 155.5),(125.0 0.0 200.0),341.2643,341.632,0.008910261,2.775466,7.112,29.488,,,398.056,420.464,420.464,0.05496544,0.03102389,0.04299467
Truck-0,Route-0,(175.0 0.0 205.5),(125.0 0.0 0.0),352.0174,355.768,0.07210363,2.655619,7.112,43.704
Truck-2,Route-2,(425.0 0.0 155.5),(625.0 0.0 150.0),380.6922,386.864,0.07648588,2.347676,30.96,50.984
Truck-3,Route-3,(675.0 0.0 155.5),(625.0 0.0 200.0),384.2766,388.072,0.04503555,2.258256,29.536,53.432
Truck-4,Route-4,(425.0 0.0 55.5),(625.0 0.0 200.0),391.4453,398.056,0.07229187,2.280372,46.44,46.672
Truck-100,Route-100,(675.0 0.0 205.5),(125.0 0.0 50.0),366.3548,363.064,-0.04959359,2.174621,7.624,50.656
Truck-104,Route-104,(675.0 0.0 55.5),(375.0 0.0 200.0),366.3548,368.752,0.03612773,2.370759,30.52,33.336
Truck-102,Route-102,(425.0 0.0 155.5),(125.0 0.0 100.0),366.3548,372.928,0.09906209,2.514759,30.792,37.184
Truck-103,Route-103,(175.0 0.0 -5.5),(125.0 0.0 200.0),398.614,395.464,-0.03194237,2.031149,32.072,58.384
Truck-101,Route-101,(175.0 0.0 55.5),(625.0 0.0 100.0),409.367,420.464,0.1014656,2.272905,80.984,34.536
