Truck_id,Route_id,Origin,Destination,Completion_Time_alone,Completion_Time,Congestion_ratio,TravelTime_by_Distance,PickupSta_AT,DropSta_AT,,,C_max_prev,C_max_now,C_max,Congestion_ratio_AVG_prev,Congestion_ratio_AVG_now,Congestion_ratio_AVG
Truck-2,Route-2,(675.0 0.0 194.5),(125.0 0.0 200.0),373.5235,375.632,0.0286782,2.291878,24.408,46.208,,,418.968,377.44,418.968,0.08207481,0.03159197,0.05683339
Truck-1,Route-1,(425.0 0.0 105.5),(375.0 0.0 200.0),377.1078,380.504,0.04404414,2.300114,33.736,41.8
Truck-4,Route-4,(425.0 0.0 155.5),(375.0 0.0 100.0),384.2766,388.376,0.04864291,2.266052,45.808,37.536
Truck-0,Route-0,(675.0 0.0 55.5),(375.0 0.0 200.0),373.5235,390.856,0.2357413,2.753212,30.88,54.984
Truck-3,Route-3,(175.0 0.0 55.5),(625.0 0.0 50.0),412.9514,418.968,0.05326746,2.163054,37.328,76.552
Truck-104,Route-104,(175.0 0.0 194.5),(125.0 0.0 100.0),355.6017,357.68,0.03737794,2.507826,16.6,36.112
Truck-101,Route-101,(675.0 0.0 155.5),(625.0 0.0 100.0),366.3548,367.496,0.017199,2.327448,30.368,32.128
Truck-102,Route-102,(675.0 0.0 105.5),(375.0 0.0 150.0),366.3548,369.152,0.04215584,2.384552,33.992,30.256
Truck-103,Route-103,(675.0 0.0 5.5),(125.0 0.0 200.0),369.9391,373.92,0.05691945,2.384516,30.368,38.6
Truck-100,Route-100,(175.0 0.0 105.5),(375.0 0.0 200.0),377.1078,377.44,0.004307646,2.212571,35.872,36.656
