Truck_id,Route_id,Origin,Destination,Completion_Time_alone,Completion_Time,Congestion_ratio,TravelTime_by_Distance,PickupSta_AT,DropSta_AT,,,C_max_prev,C_max_now,C_max,Congestion_ratio_AVG_prev,Congestion_ratio_AVG_now,Congestion_ratio_AVG
Truck-0,Route-0,(675.0 0.0 155.5),(375.0 0.0 200.0),359.1861,356.192,-0.05058758,2.247679,22.632,28.56,,,382.616,448.192,448.192,0.02542372,0.06323259,0.04432816
Truck-3,Route-3,(675.0 0.0 105.5),(125.0 0.0 200.0),362.7704,361.024,-0.02782249,2.260148,6.952,49.112
Truck-1,Route-1,(175.0 0.0 55.5),(375.0 0.0 200.0),366.3548,365.672,-0.01028969,2.264552,6.952,53.896
Truck-2,Route-2,(675.0 0.0 205.5),(125.0 0.0 0.0),369.9391,376.384,0.09214994,2.464,7.392,63.992
Truck-4,Route-4,(425.0 0.0 -5.5),(375.0 0.0 50.0),373.5235,382.616,0.1236684,2.503515,37.352,40.2
Truck-101,Route-101,(175.0 0.0 205.5),(375.0 0.0 50.0),366.3548,368.184,0.02756733,2.351172,7.728,55.576
Truck-104,Route-104,(675.0 0.0 155.5),(625.0 0.0 50.0),369.9391,371.976,0.02912384,2.321807,30.792,36.288
Truck-102,Route-102,(675.0 0.0 55.5),(375.0 0.0 200.0),373.5235,386.216,0.1726324,2.612606,31.568,49.632
Truck-103,Route-103,(425.0 0.0 105.5),(625.0 0.0 150.0),384.2766,387.688,0.04047909,2.24841,37.592,45.216
Truck-100,Route-100,(425.0 0.0 55.5),(125.0 0.0 0.0),441.6262,448.192,0.04636027,2.087211,82.2,61.088
