Truck_id,Route_id,Origin,Destination,Completion_Time_alone,Completion_Time,Congestion_ratio,TravelTime_by_Distance,PickupSta_AT,DropSta_AT,,,C_max_prev,C_max_now,C_max,Congestion_ratio_AVG_prev,Congestion_ratio_AVG_now,Congestion_ratio_AVG
Truck-2,Route-2,(425.0 0.0 194.5),(125.0 0.0 200.0),355.6017,355.68,0.001407827,2.420869,23.576,27.16,,,382.128,428.056,428.056,0.02487478,0.001518976,0.01319688
Truck-3,Route-3,(175.0 0.0 -5.5),(375.0 0.0 200.0),362.7704,360.152,-0.04171405,2.227852,16.48,38.752
Truck-1,Route-1,(675.0 0.0 105.5),(625.0 0.0 200.0),377.1078,378.304,0.01551251,2.237257,33.64,39.632
Truck-0,Route-0,(675.0 0.0 155.5),(375.0 0.0 200.0),373.5235,379.704,0.08406217,2.415273,38.656,35.992
Truck-4,Route-4,(175.0 0.0 105.5),(125.0 0.0 0.0),377.1078,382.128,0.06510545,2.346514,34.016,39.968
Truck-103,Route-103,(675.0 0.0 205.5),(125.0 0.0 0.0),369.9391,366.008,-0.05620777,2.12929,7.08,53.904
Truck-100,Route-100,(425.0 0.0 -5.5),(375.0 0.0 200.0),362.7704,367.104,0.0690387,2.485333,29.624,32.464
Truck-101,Route-101,(175.0 0.0 105.5),(375.0 0.0 0.0),377.1078,376.832,-0.003577436,2.1952,34.72,37.168
Truck-102,Route-102,(175.0 0.0 155.5),(625.0 0.0 150.0),398.614,397.856,-0.007686185,2.082042,49.472,43.424
Truck-104,Route-104,(425.0 0.0 55.5),(125.0 0.0 200.0),427.2888,428.056,0.006027574,2.032635,72.608,50.376
