Truck_id,Route_id,Origin,Destination,Completion_Time_alone,Completion_Time,Congestion_ratio,TravelTime_by_Distance,PickupSta_AT,DropSta_AT,,,C_max_prev,C_max_now,C_max,Congestion_ratio_AVG_prev,Congestion_ratio_AVG_now,Congestion_ratio_AVG
Truck-4,Route-4,(425.0 0.0 194.5),(375.0 0.0 50.0),359.1861,361.952,0.04673279,2.47808,16.768,40.288,,,395.624,412,412,0.1228264,0.04423048,0.08352841
Truck-2,Route-2,(175.0 0.0 205.5),(375.0 0.0 100.0),362.7704,365.672,0.04622529,2.432296,7.16,53.528
Truck-3,Route-3,(675.0 0.0 -5.5),(625.0 0.0 200.0),362.7704,374.104,0.1805562,2.744593,31.6,37.448
Truck-0,Route-0,(425.0 0.0 55.5),(125.0 0.0 50.0),377.1078,384.856,0.1004844,2.424457,39.248,40.68
Truck-1,Route-1,(175.0 0.0 -5.5),(375.0 0.0 0.0),377.1078,395.624,0.2401331,2.732114,43.176,47.448
Truck-100,Route-100,(675.0 0.0 55.5),(625.0 0.0 200.0),348.433,349.48,0.02161743,2.604211,7.264,37.184
Truck-101,Route-101,(175.0 0.0 205.5),(625.0 0.0 150.0),377.1078,383.808,0.08689342,2.394515,7.264,71.528
Truck-103,Route-103,(425.0 0.0 194.5),(375.0 0.0 200.0),380.6922,390.336,0.1195134,2.441514,51.776,33.64
Truck-102,Route-102,(175.0 0.0 55.5),(625.0 0.0 200.0),391.4453,394.376,0.03204929,2.194791,31.496,57.968
Truck-104,Route-104,(675.0 0.0 155.5),(375.0 0.0 150.0),416.5357,412,-0.03892117,1.964912,62.792,44.424
