Truck_id,Route_id,Origin,Destination,Completion_Time_alone,Completion_Time,Congestion_ratio,TravelTime_by_Distance,PickupSta_AT,DropSta_AT,,,C_max_prev,C_max_now,C_max,Congestion_ratio_AVG_prev,Congestion_ratio_AVG_now,Congestion_ratio_AVG
Truck-3,Route-3,(425.0 0.0 205.5),(625.0 0.0 0.0),352.0174,356.792,0.09178911,2.704381,7.32,44.552,,,384.624,415.16,415.16,0.06720598,0.06505103,0.06612851
Truck-1,Route-1,(675.0 0.0 205.5),(125.0 0.0 50.0),366.3548,367.608,0.01888688,2.331311,7.32,55.312
Truck-4,Route-4,(175.0 0.0 155.5),(375.0 0.0 100.0),384.2766,383.32,-0.01135005,2.13641,30.992,47.352
Truck-0,Route-0,(675.0 0.0 -5.5),(625.0 0.0 50.0),373.5235,383.76,0.1392282,2.538182,36.952,41.96
Truck-2,Route-2,(425.0 0.0 105.5),(125.0 0.0 200.0),377.1078,384.624,0.09747573,2.417828,35.728,43.808
Truck-103,Route-103,(425.0 0.0 155.5),(625.0 0.0 200.0),359.1861,358.36,-0.01395734,2.334399,7.352,46.104
Truck-101,Route-101,(425.0 0.0 55.5),(125.0 0.0 200.0),366.3548,369.808,0.05204219,2.407173,35.264,29.504
Truck-104,Route-104,(425.0 0.0 -5.5),(375.0 0.0 200.0),380.6922,388.312,0.09443059,2.386811,50.512,32.76
Truck-102,Route-102,(675.0 0.0 55.5),(125.0 0.0 50.0),395.0296,408.312,0.1397713,2.406934,45.248,58.296
Truck-100,Route-100,(175.0 0.0 105.5),(625.0 0.0 50.0),409.367,415.16,0.05296844,2.17283,35.72,74.552
