Truck_id,Route_id,Origin,Destination,Completion_Time_alone,Completion_Time,Congestion_ratio,TravelTime_by_Distance,PickupSta_AT,DropSta_AT,,,C_max_prev,C_max_now,C_max,Congestion_ratio_AVG_prev,Congestion_ratio_AVG_now,Congestion_ratio_AVG
Truck-2,Route-2,(175.0 0.0 105.5),(125.0 0.0 200.0),344.8487,344.28,-0.01267963,2.604706,6.944,32.432,,,395.616,402.456,402.456,-0.003867815,0.03938431,0.01775824
Truck-3,Route-3,(675.0 0.0 205.5),(375.0 0.0 0.0),352.0174,351.232,-0.01509823,2.439619,6.944,39.376
Truck-4,Route-4,(175.0 0.0 205.5),(625.0 0.0 150.0),377.1078,374.92,-0.02837371,2.140572,6.944,63.152
Truck-101,Route-101,(425.0 0.0 55.5),(125.0 0.0 150.0),369.9391,373.52,0.05119984,2.371613,37.176,31.352
Truck-0,Route-0,(425.0 0.0 5.5),(625.0 0.0 200.0),387.8609,387.088,-0.008796725,2.124098,22.568,59.52
Truck-103,Route-103,(425.0 0.0 194.5),(125.0 0.0 50.0),377.1078,377.376,0.0034777,2.210743,16.712,55.712
Truck-104,Route-104,(425.0 0.0 -5.5),(125.0 0.0 200.0),380.6922,385.272,0.05675646,2.304649,16.712,63.616
Truck-1,Route-1,(425.0 0.0 105.5),(625.0 0.0 50.0),391.4453,395.616,0.04560921,2.223628,36.864,53.888
Truck-100,Route-100,(675.0 0.0 -5.5),(125.0 0.0 200.0),380.6922,390.128,0.1169356,2.435892,34.8,50.424
Truck-102,Route-102,(175.0 0.0 155.5),(625.0 0.0 50.0),405.7827,402.456,-0.03144807,2.008941,45.488,52.136
