Truck_id,Route_id,Origin,Destination,Completion_Time_alone,Completion_Time,Congestion_ratio,TravelTime_by_Distance,PickupSta_AT,DropSta_AT,,,C_max_prev,C_max_now,C_max,Congestion_ratio_AVG_prev,Congestion_ratio_AVG_now,Congestion_ratio_AVG
Truck-2,Route-2,(175.0 0.0 5.5),(375.0 0.0 200.0),352.0174,357.264,0.1008633,2.726857,7.408,44.984,,,418.6,415.416,418.6,0.05427377,0.07646267,0.06536822
Truck-3,Route-3,(675.0 0.0 155.5),(375.0 0.0 200.0),373.5235,379.368,0.07949222,2.405091,36.848,37.712
Truck-0,Route-0,(175.0 0.0 194.5),(125.0 0.0 50.0),395.0296,395.736,0.007433372,2.127466,31.856,58.92
Truck-1,Route-1,(425.0 0.0 -5.5),(125.0 0.0 200.0),398.614,408.104,0.09623437,2.300085,42.528,60.68
Truck-4,Route-4,(175.0 0.0 105.5),(125.0 0.0 150.0),420.1201,418.6,-0.01265442,2.01017,66.992,46.68
Truck-100,Route-100,(675.0 0.0 205.5),(375.0 0.0 150.0),341.2643,340.352,-0.02210925,2.690133,7.352,28
Truck-103,Route-103,(175.0 0.0 155.5),(125.0 0.0 150.0),362.7704,363.12,0.005569166,2.337778,30.264,27.976
Truck-104,Route-104,(675.0 0.0 105.5),(375.0 0.0 200.0),362.7704,365.256,0.0395982,2.416889,22.936,37.464
Truck-102,Route-102,(175.0 0.0 105.5),(375.0 0.0 50.0),391.4453,404.68,0.1447286,2.434418,36.016,63.912
Truck-101,Route-101,(675.0 0.0 -5.5),(375.0 0.0 0.0),395.0296,415.416,0.2145267,2.5648,58.76,48.816
