Truck_id,Route_id,Origin,Destination,Completion_Time_alone,Completion_Time,Congestion_ratio,TravelTime_by_Distance,PickupSta_AT,DropSta_AT,,,C_max_prev,C_max_now,C_max,Congestion_ratio_AVG_prev,Congestion_ratio_AVG_now,Congestion_ratio_AVG
Truck-1,Route-1,(175.0 0.0 55.5),(125.0 0.0 150.0),369.9391,369.944,6.981519E-05,2.256258,37.28,27.592,,,388.24,399.208,399.208,0.06065109,0.007716921,0.03418401
Truck-4,Route-4,(675.0 0.0 -5.5),(375.0 0.0 200.0),362.7704,370.04,0.1158124,2.594074,26.936,38.072
Truck-3,Route-3,(425.0 0.0 55.5),(625.0 0.0 200.0),373.5235,378.056,0.06164742,2.365333,31.264,41.736
Truck-0,Route-0,(425.0 0.0 194.5),(375.0 0.0 200.0),377.1078,383.176,0.07869686,2.376457,33.6,44.48
Truck-2,Route-2,(175.0 0.0 155.5),(375.0 0.0 100.0),384.2766,388.24,0.04702898,2.262564,29.904,53.304
Truck-101,Route-101,(425.0 0.0 155.5),(375.0 0.0 200.0),341.2643,339.696,-0.03800617,2.646401,7.112,27.592
Truck-102,Route-102,(675.0 0.0 55.5),(625.0 0.0 200.0),348.433,348.704,0.005595276,2.563369,7.112,36.552
Truck-103,Route-103,(675.0 0.0 105.5),(375.0 0.0 50.0),373.5235,379.456,0.08068887,2.407757,34.96,39.472
Truck-104,Route-104,(425.0 0.0 -5.5),(125.0 0.0 200.0),398.614,397.064,-0.01571742,2.065192,48.536,43.496
Truck-100,Route-100,(425.0 0.0 55.5),(625.0 0.0 0.0),398.614,399.208,0.006024048,2.110809,37.712,56.464
