Truck_id,Route_id,Origin,Destination,Completion_Time_alone,Completion_Time,Congestion_ratio,TravelTime_by_Distance,PickupSta_AT,DropSta_AT,,,C_max_prev,C_max_now,C_max,Congestion_ratio_AVG_prev,Congestion_ratio_AVG_now,Congestion_ratio_AVG
Truck-0,Route-0,(675.0 0.0 205.5),(625.0 0.0 150.0),341.2643,345.256,0.0967349,3.017067,6.96,33.328,,,402.776,394.4,402.776,0.01461589,0.02806485,0.02134037
Truck-2,Route-2,(425.0 0.0 155.5),(125.0 0.0 200.0),359.1861,354.936,-0.07180847,2.19744,22.608,27.344
Truck-3,Route-3,(675.0 0.0 155.5),(375.0 0.0 200.0),366.3548,367.152,0.01201483,2.315587,29.48,32.64
Truck-1,Route-1,(175.0 0.0 105.5),(375.0 0.0 0.0),377.1078,376.64,-0.006067274,2.189715,34.184,37.392
Truck-4,Route-4,(175.0 0.0 -5.5),(625.0 0.0 200.0),398.614,402.776,0.04220547,2.186723,57.696,40.064
Truck-102,Route-102,(425.0 0.0 155.5),(625.0 0.0 0.0),373.5235,372.752,-0.01049262,2.204607,30.296,37.448
Truck-104,Route-104,(175.0 0.0 105.5),(125.0 0.0 50.0),373.5235,374.872,0.01834164,2.268849,34.984,34.928
Truck-101,Route-101,(425.0 0.0 -5.5),(625.0 0.0 200.0),380.6922,384.672,0.04932072,2.288432,26.592,53.032
Truck-103,Route-103,(675.0 0.0 105.5),(375.0 0.0 200.0),387.8609,392.328,0.05084289,2.251903,59.8,27.512
Truck-100,Route-100,(175.0 0.0 55.5),(125.0 0.0 200.0),391.4453,394.4,0.0323116,2.195349,47,42.464
