Truck_id,Route_id,Origin,Destination,Completion_Time_alone,Completion_Time,Congestion_ratio,TravelTime_by_Distance,PickupSta_AT,DropSta_AT,,,C_max_prev,C_max_now,C_max,Congestion_ratio_AVG_prev,Congestion_ratio_AVG_now,Congestion_ratio_AVG
Truck-3,Route-3,(675.0 0.0 55.5),(625.0 0.0 200.0),348.433,350.232,0.03714369,2.643789,6.912,38.336,,,381.408,411.096,411.096,0.07752015,0.02579522,0.05165769
Truck-0,Route-0,(175.0 0.0 205.5),(125.0 0.0 50.0),348.433,354.48,0.1248528,2.867369,6.792,42.76
Truck-1,Route-1,(675.0 0.0 205.5),(125.0 0.0 100.0),362.7704,364.136,0.02175499,2.375407,6.912,52.2
Truck-4,Route-4,(675.0 0.0 105.5),(375.0 0.0 100.0),369.9391,376.696,0.09661113,2.474065,36,35.696
Truck-2,Route-2,(425.0 0.0 55.5),(375.0 0.0 200.0),373.5235,381.408,0.1072382,2.466909,30.856,45.496
Truck-100,Route-100,(175.0 0.0 194.5),(125.0 0.0 100.0),355.6017,362.52,0.1244255,2.71826,16.6,40.936
Truck-102,Route-102,(425.0 0.0 55.5),(625.0 0.0 200.0),366.3548,363.472,-0.04344499,2.188689,7.08,51.328
Truck-104,Route-104,(425.0 0.0 194.5),(625.0 0.0 200.0),373.5235,372,-0.02072084,2.181818,23.784,43.232
Truck-101,Route-101,(675.0 0.0 194.5),(375.0 0.0 200.0),380.6922,382.184,0.01848742,2.221189,44.544,32.72
Truck-103,Route-103,(175.0 0.0 155.5),(625.0 0.0 50.0),405.7827,411.096,0.05022898,2.178353,30.152,75.936
