Truck_id,Route_id,Origin,Destination,Completion_Time_alone,Completion_Time,Congestion_ratio,TravelTime_by_Distance,PickupSta_AT,DropSta_AT,,,C_max_prev,C_max_now,C_max,Congestion_ratio_AVG_prev,Congestion_ratio_AVG_now,Congestion_ratio_AVG
Truck-1,Route-1,(425.0 0.0 205.5),(125.0 0.0 200.0),362.7704,363.112,0.005441787,2.337481,30.608,27.648,,,391.6,398.864,398.864,0.04720065,0.07558584,0.06139325
Truck-4,Route-4,(175.0 0.0 105.5),(375.0 0.0 200.0),362.7704,364.44,0.0265983,2.386667,7.184,52.408
Truck-0,Route-0,(425.0 0.0 55.5),(625.0 0.0 200.0),366.3548,365.536,-0.01233907,2.259862,7.184,53.496
Truck-2,Route-2,(675.0 0.0 55.5),(375.0 0.0 200.0),373.5235,379.488,0.08112428,2.408727,30.608,44.128
Truck-3,Route-3,(675.0 0.0 194.5),(125.0 0.0 200.0),380.6922,391.6,0.135178,2.475676,30.832,55.984
Truck-100,Route-100,(425.0 0.0 105.5),(125.0 0.0 200.0),362.7704,360.48,-0.03648861,2.24,22.736,32.88
Truck-103,Route-103,(425.0 0.0 155.5),(375.0 0.0 150.0),362.7704,364.08,0.02086286,2.373333,30.776,28.32
Truck-101,Route-101,(425.0 0.0 -5.5),(375.0 0.0 200.0),362.7704,368.936,0.09822443,2.553185,27.112,37.04
Truck-102,Route-102,(675.0 0.0 -5.5),(625.0 0.0 200.0),362.7704,376.216,0.2142026,2.822815,27.88,43.432
Truck-104,Route-104,(675.0 0.0 155.5),(625.0 0.0 200.0),391.4453,398.864,0.08112791,2.299163,59.528,34.432
