Truck_id,Route_id,Origin,Destination,Completion_Time_alone,Completion_Time,Congestion_ratio,TravelTime_by_Distance,PickupSta_AT,DropSta_AT,,,C_max_prev,C_max_now,C_max,Congestion_ratio_AVG_prev,Congestion_ratio_AVG_now,Congestion_ratio_AVG
Truck-103,Route-103,(425.0 0.0 105.5),(125.0 0.0 200.0),344.8487,345.416,0.01264969,2.671529,7.192,33.256,,,397.36,405.128,405.128,0.1023988,0.03087221,0.0666355
Truck-101,Route-101,(425.0 0.0 5.5),(125.0 0.0 200.0),352.0174,350.504,-0.02909349,2.404952,7.192,38.272
Truck-102,Route-102,(175.0 0.0 194.5),(625.0 0.0 0.0),362.7704,360.744,-0.03228317,2.249777,17.648,38.184
Truck-0,Route-0,(425.0 0.0 155.5),(125.0 0.0 100.0),366.3548,377.888,0.1738117,2.685793,31.864,41.112
Truck-104,Route-104,(675.0 0.0 -5.5),(625.0 0.0 200.0),362.7704,368.848,0.09682229,2.549926,33.72,30.08
Truck-4,Route-4,(175.0 0.0 155.5),(375.0 0.0 150.0),380.6922,379.336,-0.01680709,2.144216,46.328,27.92
Truck-1,Route-1,(175.0 0.0 55.5),(125.0 0.0 200.0),373.5235,382.656,0.1242126,2.504727,31.432,46.264
Truck-3,Route-3,(175.0 0.0 105.5),(125.0 0.0 50.0),373.5235,388.688,0.2062542,2.687515,36.144,47.52
Truck-2,Route-2,(175.0 0.0 -5.5),(625.0 0.0 0.0),395.0296,397.36,0.02452271,2.163555,53.248,39.24
Truck-100,Route-100,(675.0 0.0 105.5),(375.0 0.0 200.0),395.0296,405.128,0.1062657,2.336178,54.928,45.232
