Truck_id,Route_id,Origin,Destination,Completion_Time_alone,Completion_Time,Congestion_ratio,TravelTime_by_Distance,PickupSta_AT,DropSta_AT,,,C_max_prev,C_max_now,C_max,Congestion_ratio_AVG_prev,Congestion_ratio_AVG_now,Congestion_ratio_AVG
Truck-5,Route-5,(675.0 0.0 105.5),(625.0 0.0 200.0),344.8487,344.928,0.001769188,2.642824,6.928,32.76,,,435.464,398.232,435.464,0.04411802,0.07505082,0.05958442
Truck-9,Route-9,(175.0 0.0 194.5),(125.0 0.0 150.0),352.0174,351.824,-0.003717208,2.46781,16.536,30.2
Truck-108,Route-108,(175.0 0.0 55.5),(125.0 0.0 200.0),348.433,346.896,-0.03173492,2.46821,7.288,34.52
Truck-106,Route-106,(675.0 0.0 105.5),(625.0 0.0 200.0),344.8487,348.024,0.07080085,2.82494,7.288,35.68
Truck-105,Route-105,(675.0 0.0 205.5),(375.0 0.0 150.0),341.2643,352.008,0.2603626,3.4672,7.288,33.64
Truck-8,Route-8,(175.0 0.0 -5.5),(125.0 0.0 200.0),362.7704,364.464,0.02698043,2.387555,16.536,42.76
Truck-107,Route-107,(425.0 0.0 105.5),(125.0 0.0 200.0),362.7704,363.544,0.01232412,2.353482,30.424,27.928
Truck-109,Route-109,(175.0 0.0 105.5),(375.0 0.0 200.0),362.7704,363.944,0.01869645,2.368296,7.288,51.616
Truck-6,Route-6,(425.0 0.0 194.5),(125.0 0.0 50.0),377.1078,378.968,0.02412385,2.256228,16.536,57.256
Truck-3,Route-3,(425.0 0.0 105.5),(125.0 0.0 100.0),369.9391,379.76,0.1404206,2.572904,35.328,39.392
Truck-1,Route-1,(425.0 0.0 -5.5),(625.0 0.0 200.0),380.6922,380.8,0.001335793,2.183784,42.36,33.312
Truck-7,Route-7,(675.0 0.0 -5.5),(125.0 0.0 200.0),380.6922,383.168,0.03068202,2.247784,33.192,44.832
Truck-104,Route-104,(175.0 0.0 5.5),(625.0 0.0 200.0),369.9391,378.896,0.1280668,2.545032,7.288,66.536
Truck-102,Route-102,(175.0 0.0 205.5),(625.0 0.0 150.0),377.1078,380.176,0.03979032,2.290743,7.288,67.784
Truck-100,Route-100,(675.0 0.0 -5.5),(625.0 0.0 0.0),377.1078,382.544,0.0705007,2.3584,35.632,41.72
Truck-103,Route-103,(425.0 0.0 55.5),(375.0 0.0 50.0),377.1078,388.52,0.1480023,2.529143,42.904,37.368
Truck-2,Route-2,(175.0 0.0 105.5),(125.0 0.0 0.0),395.0296,407.728,0.1336257,2.393955,57.648,41.96
Truck-101,Route-101,(675.0 0.0 55.5),(625.0 0.0 50.0),395.0296,398.232,0.03369889,2.182933,37.688,55.336
Truck-4,Route-4,(425.0 0.0 55.5),(125.0 0.0 200.0),409.367,411.744,0.02173401,2.108377,46.296,60.344
Truck-0,Route-0,(175.0 0.0 55.5),(625.0 0.0 200.0),427.2888,435.464,0.06422587,2.150222,85.464,44.992
