Truck_id,Route_id,Origin,Destination,Completion_Time_alone,Completion_Time,Congestion_ratio,TravelTime_by_Distance,PickupSta_AT,DropSta_AT,,,C_max_prev,C_max_now,C_max,Congestion_ratio_AVG_prev,Congestion_ratio_AVG_now,Congestion_ratio_AVG
Truck-6,Route-6,(175.0 0.0 5.5),(125.0 0.0 200.0),352.0174,352.648,0.01212375,2.507048,6.864,40.888,,,405.488,403.288,405.488,0.01684609,0.03400439,0.02542524
Truck-2,Route-2,(675.0 0.0 205.5),(125.0 0.0 150.0),359.1861,355.024,-0.07032194,2.200959,6.864,43.264
Truck-3,Route-3,(425.0 0.0 205.5),(625.0 0.0 0.0),352.0174,355.696,0.07071965,2.652191,6.864,43.928
Truck-5,Route-5,(425.0 0.0 155.5),(625.0 0.0 200.0),359.1861,356.456,-0.04612694,2.25824,6.984,44.48
Truck-103,Route-103,(425.0 0.0 194.5),(625.0 0.0 150.0),352.0174,350.064,-0.03755225,2.384,16.664,28.352
Truck-8,Route-8,(675.0 0.0 55.5),(375.0 0.0 200.0),366.3548,367.064,0.01068843,2.312551,22.68,39.336
Truck-1,Route-1,(425.0 0.0 105.5),(375.0 0.0 100.0),369.9391,371.816,0.02683608,2.316645,35.688,31.088
Truck-108,Route-108,(425.0 0.0 155.5),(375.0 0.0 150.0),362.7704,363.696,0.01474577,2.359112,29.384,29.288
Truck-9,Route-9,(675.0 0.0 155.5),(625.0 0.0 50.0),369.9391,373.808,0.05531806,2.380904,30.704,38.072
Truck-102,Route-102,(425.0 0.0 -5.5),(375.0 0.0 200.0),362.7704,365.856,0.04915646,2.439111,26.288,34.536
Truck-7,Route-7,(175.0 0.0 105.5),(125.0 0.0 50.0),373.5235,376.32,0.03803601,2.312727,33.664,37.616
Truck-109,Route-109,(175.0 0.0 155.5),(625.0 0.0 200.0),377.1078,378.92,0.02350168,2.254858,7.064,66.824
Truck-107,Route-107,(175.0 0.0 105.5),(125.0 0.0 200.0),377.1078,382.112,0.06489807,2.346057,33.512,43.632
Truck-104,Route-104,(175.0 0.0 -5.5),(125.0 0.0 200.0),380.6922,384.936,0.0525925,2.295568,16.664,63.256
Truck-4,Route-4,(175.0 0.0 55.5),(375.0 0.0 0.0),398.614,398.76,0.0014811,2.101277,52.944,40.784
Truck-105,Route-105,(675.0 0.0 155.5),(125.0 0.0 100.0),384.2766,390.248,0.07085524,2.314051,30.112,55.104
Truck-0,Route-0,(425.0 0.0 -5.5),(125.0 0.0 200.0),398.614,405.488,0.06970671,2.244426,47.152,53.248
Truck-100,Route-100,(675.0 0.0 194.5),(125.0 0.0 200.0),398.614,398.784,0.00172434,2.101787,29.384,64.376
Truck-101,Route-101,(425.0 0.0 105.5),(375.0 0.0 200.0),395.0296,400.04,0.05272469,2.223111,49.36,45.624
Truck-106,Route-106,(675.0 0.0 -5.5),(125.0 0.0 200.0),398.614,403.288,0.04739737,2.197617,26.6,71.664
