Truck_id,Route_id,Origin,Destination,Completion_Time_alone,Completion_Time,Congestion_ratio,TravelTime_by_Distance,PickupSta_AT,DropSta_AT,,,C_max_prev,C_max_now,C_max,Congestion_ratio_AVG_prev,Congestion_ratio_AVG_now,Congestion_ratio_AVG
Truck-5,Route-5,(425.0 0.0 205.5),(375.0 0.0 150.0),341.2643,344.304,0.07366348,2.953599,7.256,31.48,,,433.832,408.856,433.832,0.1350897,0.09095415,0.1130219
Truck-6,Route-6,(675.0 0.0 205.5),(625.0 0.0 150.0),341.2643,344.992,0.09033694,2.999467,7.256,32.192
Truck-4,Route-4,(175.0 0.0 5.5),(375.0 0.0 200.0),352.0174,357.2,0.09963303,2.72381,7.256,44.4
Truck-103,Route-103,(175.0 0.0 5.5),(125.0 0.0 200.0),352.0174,352.112,0.001819297,2.481524,7.208,39.208
Truck-3,Route-3,(425.0 0.0 55.5),(125.0 0.0 200.0),366.3548,368.736,0.03588628,2.370207,35.032,27.96
Truck-101,Route-101,(425.0 0.0 194.5),(625.0 0.0 0.0),362.7704,359.616,-0.05025328,2.208,16.76,37.176
Truck-104,Route-104,(175.0 0.0 194.5),(125.0 0.0 50.0),359.1861,369.712,0.1778449,2.78848,16.76,47.344
Truck-108,Route-108,(675.0 0.0 -5.5),(375.0 0.0 200.0),362.7704,370.88,0.1291944,2.625185,27.016,38.136
Truck-107,Route-107,(675.0 0.0 105.5),(125.0 0.0 200.0),362.7704,371.272,0.1354394,2.639704,22.856,42.736
Truck-105,Route-105,(175.0 0.0 155.5),(125.0 0.0 150.0),362.7704,372.448,0.1541743,2.683259,30.768,35.984
Truck-2,Route-2,(675.0 0.0 105.5),(375.0 0.0 50.0),373.5235,382.816,0.1263888,2.509576,35.904,41.184
Truck-9,Route-9,(675.0 0.0 155.5),(125.0 0.0 50.0),369.9391,383.232,0.1900636,2.684903,31.848,42.704
Truck-109,Route-109,(675.0 0.0 155.5),(625.0 0.0 100.0),366.3548,374.464,0.1222101,2.567724,29.952,35.664
Truck-8,Route-8,(675.0 0.0 55.5),(625.0 0.0 200.0),373.5235,388.752,0.207125,2.689455,29.528,53.56
Truck-106,Route-106,(425.0 0.0 155.5),(375.0 0.0 50.0),369.9391,381.976,0.1721053,2.644387,35.664,40.544
Truck-0,Route-0,(425.0 0.0 155.5),(375.0 0.0 100.0),384.2766,395.848,0.1373032,2.457641,31.848,58.344
Truck-1,Route-1,(675.0 0.0 -5.5),(125.0 0.0 100.0),387.8609,405.928,0.2056331,2.58361,36.064,55.136
Truck-100,Route-100,(425.0 0.0 55.5),(625.0 0.0 200.0),402.1983,398.432,-0.03685283,2.008816,29.96,62.728
Truck-102,Route-102,(175.0 0.0 55.5),(375.0 0.0 0.0),398.614,408.856,0.1038599,2.316085,54.336,48.736
Truck-7,Route-7,(175.0 0.0 55.5),(625.0 0.0 50.0),412.9514,433.832,0.1848641,2.433309,38.16,84.224
