Truck_id,Route_id,Origin,Destination,Completion_Time_alone,Completion_Time,Congestion_ratio,TravelTime_by_Distance,PickupSta_AT,DropSta_AT,,,C_max_prev,C_max_now,C_max,Congestion_ratio_AVG_prev,Congestion_ratio_AVG_now,Congestion_ratio_AVG
Truck-3,Route-3,(425.0 0.0 155.5),(125.0 0.0 200.0),341.2643,340.24,-0.02482345,2.682666,6.984,27.984,,,394.84,422.688,422.688,0.0477409,0.1971782,0.1224595
Truck-109,Route-109,(425.0 0.0 55.5),(375.0 0.0 200.0),348.433,347.992,-0.009105556,2.525895,7.216,35.6
Truck-5,Route-5,(675.0 0.0 -5.5),(625.0 0.0 200.0),362.7704,365.416,0.04214675,2.422814,29.936,30.048
Truck-7,Route-7,(175.0 0.0 194.5),(625.0 0.0 150.0),369.9391,365.928,-0.05735143,2.12671,16.376,44.376
Truck-1,Route-1,(425.0 0.0 105.5),(375.0 0.0 100.0),369.9391,371.944,0.02866612,2.320774,35.472,31.224
Truck-8,Route-8,(175.0 0.0 155.5),(125.0 0.0 150.0),362.7704,372.32,0.1521352,2.678519,30.072,36.848
Truck-102,Route-102,(675.0 0.0 5.5),(625.0 0.0 200.0),352.0174,366.568,0.2797264,3.169904,7.216,48.096
Truck-2,Route-2,(425.0 0.0 55.5),(375.0 0.0 200.0),373.5235,377.096,0.04859047,2.336243,30.912,40.76
Truck-6,Route-6,(425.0 0.0 194.5),(125.0 0.0 100.0),373.5235,378.792,0.07165772,2.387636,16.376,57.272
Truck-105,Route-105,(675.0 0.0 155.5),(125.0 0.0 200.0),359.1861,369.704,0.1777098,2.78816,7.216,57.32
Truck-100,Route-100,(425.0 0.0 155.5),(125.0 0.0 100.0),366.3548,373.056,0.100991,2.519172,29.312,38.344
Truck-108,Route-108,(425.0 0.0 5.5),(125.0 0.0 200.0),369.9391,377.936,0.1143407,2.514065,25.72,43.824
Truck-107,Route-107,(675.0 0.0 55.5),(625.0 0.0 100.0),373.5235,378.36,0.06578195,2.374545,40.136,32.832
Truck-0,Route-0,(425.0 0.0 -5.5),(125.0 0.0 200.0),380.6922,389.816,0.1130693,2.42746,16.384,68.232
Truck-4,Route-4,(175.0 0.0 55.5),(625.0 0.0 200.0),384.2766,393.152,0.1053135,2.388513,6.976,81.024
Truck-9,Route-9,(175.0 0.0 105.5),(625.0 0.0 200.0),395.0296,394.84,-0.001995228,2.107555,33.96,55.424
Truck-106,Route-106,(175.0 0.0 155.5),(375.0 0.0 200.0),359.1861,388.992,0.5035973,3.55968,7.216,76.656
Truck-104,Route-104,(175.0 0.0 105.5),(375.0 0.0 0.0),377.1078,400.448,0.3026949,2.869943,35.04,51.128
Truck-103,Route-103,(175.0 0.0 55.5),(625.0 0.0 200.0),384.2766,410.76,0.3142447,2.84,7.216,97.624
Truck-101,Route-101,(425.0 0.0 105.5),(625.0 0.0 50.0),409.367,422.688,0.1218008,2.314868,34.512,82.752
