Truck_id,Route_id,Origin,Destination,Completion_Time_alone,Completion_Time,Congestion_ratio,TravelTime_by_Distance,PickupSta_AT,DropSta_AT,,,C_max_prev,C_max_now,C_max,Congestion_ratio_AVG_prev,Congestion_ratio_AVG_now,Congestion_ratio_AVG
Truck-6,Route-6,(175.0 0.0 155.5),(125.0 0.0 200.0),341.2643,342.616,0.03275675,2.841067,7.24,30.216,,,419.192,397.76,419.192,0.0772837,0.08304609,0.08016489
Truck-3,Route-3,(425.0 0.0 205.5),(125.0 0.0 100.0),344.8487,345.272,0.009439297,2.663059,7.24,32.912
Truck-0,Route-0,(425.0 0.0 55.5),(125.0 0.0 200.0),348.433,348.072,-0.007454067,2.530105,7.248,35.656
Truck-107,Route-107,(675.0 0.0 155.5),(375.0 0.0 200.0),341.2643,341.152,-0.002721593,2.743467,7.072,28.856
Truck-7,Route-7,(675.0 0.0 205.5),(625.0 0.0 50.0),348.433,353.36,0.1017275,2.80842,7.24,40.96
Truck-102,Route-102,(175.0 0.0 105.5),(125.0 0.0 200.0),344.8487,343.72,-0.02516601,2.571765,7.072,31.592
Truck-5,Route-5,(425.0 0.0 5.5),(375.0 0.0 200.0),352.0174,356.432,0.08486862,2.687238,7.24,43.992
Truck-108,Route-108,(175.0 0.0 55.5),(125.0 0.0 200.0),348.433,346.792,-0.0338823,2.462736,7.072,34.608
Truck-9,Route-9,(425.0 0.0 155.5),(625.0 0.0 200.0),359.1861,361.536,0.03970436,2.46144,7.24,49.144
Truck-106,Route-106,(425.0 0.0 55.5),(375.0 0.0 200.0),348.433,353.272,0.09991097,2.80379,7.072,41.064
Truck-103,Route-103,(175.0 0.0 205.5),(375.0 0.0 0.0),352.0174,358.264,0.1200877,2.774477,7.072,46.136
Truck-105,Route-105,(425.0 0.0 205.5),(625.0 0.0 100.0),362.7704,370.776,0.1275375,2.621333,7.072,58.584
Truck-8,Route-8,(675.0 0.0 105.5),(375.0 0.0 100.0),369.9391,381.912,0.1711899,2.642322,36.944,39.648
Truck-2,Route-2,(425.0 0.0 105.5),(625.0 0.0 0.0),377.1078,385.616,0.1103409,2.446171,36.672,43.584
Truck-1,Route-1,(175.0 0.0 105.5),(125.0 0.0 200.0),377.1078,387.936,0.1404287,2.512457,33.992,42.568
Truck-100,Route-100,(675.0 0.0 105.5),(375.0 0.0 100.0),369.9391,379.496,0.1366458,2.564387,36.144,38.008
Truck-101,Route-101,(425.0 0.0 155.5),(625.0 0.0 0.0),373.5235,385.104,0.157508,2.578909,30.464,49.376
Truck-109,Route-109,(675.0 0.0 -5.5),(125.0 0.0 150.0),384.2766,395.896,0.1378728,2.458872,36.28,42.376
Truck-104,Route-104,(425.0 0.0 5.5),(625.0 0.0 200.0),387.8609,397.76,0.112668,2.384391,22.84,69.568
Truck-4,Route-4,(675.0 0.0 55.5),(125.0 0.0 200.0),409.367,419.192,0.08983497,2.248905,63.928,50.16
