Truck_id,Route_id,Origin,Destination,Completion_Time_alone,Completion_Time,Congestion_ratio,TravelTime_by_Distance,PickupSta_AT,DropSta_AT,,,C_max_prev,C_max_now,C_max,Congestion_ratio_AVG_prev,Congestion_ratio_AVG_now,Congestion_ratio_AVG
Truck-4,Route-4,(175.0 0.0 105.5),(125.0 0.0 200.0),344.8487,344.528,-0.007149559,2.619295,7,32.224,,,401.16,439.936,439.936,0.04776131,0.06432997,0.05604564
Truck-100,Route-100,(175.0 0.0 105.5),(125.0 0.0 200.0),344.8487,344.352,-0.01107443,2.608941,7.2,31.848
Truck-102,Route-102,(425.0 0.0 205.5),(375.0 0.0 150.0),341.2643,345.696,0.1073979,3.046401,7.2,30.2
Truck-6,Route-6,(675.0 0.0 105.5),(125.0 0.0 200.0),362.7704,361.064,-0.02718511,2.261629,7,48.808
Truck-104,Route-104,(675.0 0.0 55.5),(375.0 0.0 200.0),348.433,351.224,0.05762567,2.696,7.2,38.792
Truck-5,Route-5,(175.0 0.0 194.5),(375.0 0.0 0.0),362.7704,361.432,-0.0213223,2.275259,16.576,39.52
Truck-0,Route-0,(425.0 0.0 155.5),(375.0 0.0 150.0),362.7704,362.648,-0.001950059,2.320297,30.496,26.92
Truck-1,Route-1,(175.0 0.0 5.5),(375.0 0.0 200.0),352.0174,365.088,0.2512747,3.099429,7,52.768
Truck-101,Route-101,(675.0 0.0 205.5),(625.0 0.0 0.0),352.0174,355.72,0.07118078,2.653333,7.2,43.2
Truck-3,Route-3,(425.0 0.0 55.5),(625.0 0.0 200.0),366.3548,367.032,0.01020644,2.311449,7,54.76
Truck-7,Route-7,(675.0 0.0 55.5),(125.0 0.0 200.0),366.3548,374.36,0.1206427,2.564137,7,62.048
Truck-105,Route-105,(425.0 0.0 55.5),(125.0 0.0 200.0),366.3548,366.12,-0.003538129,2.28,7.2,53.648
Truck-8,Route-8,(675.0 0.0 194.5),(625.0 0.0 200.0),377.1078,383.096,0.07765952,2.374172,34.176,43.568
Truck-109,Route-109,(675.0 0.0 155.5),(375.0 0.0 100.0),366.3548,373.256,0.1040053,2.526069,30.368,37.576
Truck-2,Route-2,(425.0 0.0 194.5),(625.0 0.0 200.0),380.6922,384.696,0.04961836,2.289082,29.36,50
Truck-106,Route-106,(175.0 0.0 55.5),(375.0 0.0 200.0),373.5235,376.936,0.04641425,2.331394,31.192,40.44
Truck-103,Route-103,(425.0 0.0 -5.5),(625.0 0.0 200.0),380.6922,389.096,0.1041465,2.408,45.272,38.568
Truck-9,Route-9,(175.0 0.0 155.5),(625.0 0.0 150.0),398.614,401.16,0.02581836,2.15234,30.784,65.168
Truck-107,Route-107,(425.0 0.0 155.5),(625.0 0.0 200.0),380.6922,393.072,0.1534199,2.515459,37.336,50.472
Truck-108,Route-108,(175.0 0.0 155.5),(625.0 0.0 150.0),438.0418,439.936,0.0137219,2.028058,30.368,104.352
