Truck_id,Route_id,Origin,Destination,Completion_Time_alone,Completion_Time,Congestion_ratio,TravelTime_by_Distance,PickupSta_AT,DropSta_AT,,,C_max_prev,C_max_now,C_max,Congestion_ratio_AVG_prev,Congestion_ratio_AVG_now,Congestion_ratio_AVG
Truck-5,Route-5,(425.0 0.0 105.5),(125.0 0.0 200.0),344.8487,343.216,-0.03640376,2.542118,6.928,31.32,,,430.2,408.72,430.2,0.0255163,0.06669421,0.04610525
Truck-2,Route-2,(675.0 0.0 55.5),(625.0 0.0 200.0),348.433,350.984,0.05267058,2.683369,6.936,39.096
Truck-0,Route-0,(425.0 0.0 194.5),(375.0 0.0 200.0),355.6017,355.504,-0.001757451,2.413217,23.488,27.088
Truck-9,Route-9,(175.0 0.0 155.5),(375.0 0.0 200.0),359.1861,360.248,0.01794206,2.40992,6.928,48.368
Truck-6,Route-6,(675.0 0.0 105.5),(125.0 0.0 200.0),362.7704,365.544,0.04418626,2.427556,6.928,53.648
Truck-1,Route-1,(175.0 0.0 55.5),(375.0 0.0 200.0),366.3548,370.608,0.06409841,2.434759,6.928,58.712
Truck-104,Route-104,(425.0 0.0 155.5),(375.0 0.0 100.0),366.3548,366.68,0.004901318,2.29931,30.096,31.6
Truck-106,Route-106,(675.0 0.0 155.5),(625.0 0.0 50.0),369.9391,371.616,0.02397628,2.310194,30.096,36.528
Truck-102,Route-102,(175.0 0.0 205.5),(625.0 0.0 0.0),369.9391,374.192,0.06080816,2.39329,7.032,62.16
Truck-7,Route-7,(675.0 0.0 -5.5),(125.0 0.0 200.0),380.6922,385.312,0.05725228,2.30573,33.2,47.08
Truck-105,Route-105,(425.0 0.0 105.5),(125.0 0.0 150.0),366.3548,375.904,0.1439117,2.617379,33.752,37.072
Truck-108,Route-108,(675.0 0.0 105.5),(125.0 0.0 200.0),380.6922,377.184,-0.04347644,2.086054,7.024,65.152
Truck-100,Route-100,(175.0 0.0 55.5),(375.0 0.0 200.0),373.5235,379.304,0.07862139,2.403151,7.032,67.264
Truck-107,Route-107,(425.0 0.0 5.5),(625.0 0.0 200.0),387.8609,385.176,-0.0305586,2.077463,22.816,57.328
Truck-8,Route-8,(175.0 0.0 194.5),(125.0 0.0 0.0),398.614,398.168,-0.004522214,2.088681,32.032,61.096
Truck-3,Route-3,(175.0 0.0 -5.5),(125.0 0.0 200.0),398.614,399.52,0.00918771,2.117447,32.04,62.456
Truck-103,Route-103,(675.0 0.0 55.5),(375.0 0.0 0.0),380.6922,398.184,0.2167718,2.653621,37.696,46.472
Truck-109,Route-109,(175.0 0.0 155.5),(625.0 0.0 150.0),398.614,405.312,0.06792203,2.240681,30.2,70.144
Truck-101,Route-101,(175.0 0.0 105.5),(625.0 0.0 200.0),395.0296,408.72,0.1440646,2.416,7.032,96.704
Truck-4,Route-4,(175.0 0.0 105.5),(125.0 0.0 100.0),423.7044,430.2,0.05250909,2.134426,66.192,58.952
