Truck_id,Route_id,Origin,Destination,Completion_Time_alone,Completion_Time,Congestion_ratio,TravelTime_by_Distance,PickupSta_AT,DropSta_AT,,,C_max_prev,C_max_now,C_max,Congestion_ratio_AVG_prev,Congestion_ratio_AVG_now,Congestion_ratio_AVG
Truck-4,Route-4,(175.0 0.0 105.5),(125.0 0.0 200.0),344.8487,344.416,-0.009647517,2.612705,7.168,31.824,,,413.912,418.888,418.888,0.1745533,0.09242976,0.1334916
Truck-2,Route-2,(675.0 0.0 55.5),(375.0 0.0 200.0),348.433,348.496,0.001300524,2.552421,7.176,35.896
Truck-104,Route-104,(675.0 0.0 155.5),(375.0 0.0 200.0),341.2643,343.824,0.06203163,2.9216,7.096,31.32
Truck-101,Route-101,(425.0 0.0 55.5),(125.0 0.0 200.0),348.433,348.304,-0.002664057,2.542315,7.096,35.832
Truck-108,Route-108,(675.0 0.0 105.5),(375.0 0.0 200.0),344.8487,349.768,0.1096876,2.92753,7.096,37.28
Truck-103,Route-103,(675.0 0.0 205.5),(125.0 0.0 150.0),359.1861,354.168,-0.08478459,2.16672,7.096,41.64
Truck-8,Route-8,(675.0 0.0 5.5),(375.0 0.0 200.0),352.0174,370.328,0.3520101,3.348953,7.168,57.704
Truck-3,Route-3,(175.0 0.0 -5.5),(125.0 0.0 200.0),362.7704,370.472,0.1226942,2.610074,26.824,38.24
Truck-7,Route-7,(675.0 0.0 205.5),(125.0 0.0 0.0),369.9391,373.536,0.05142892,2.372129,7.168,60.888
Truck-105,Route-105,(175.0 0.0 194.5),(125.0 0.0 50.0),359.1861,368.68,0.1604081,2.7472,16.632,46.688
Truck-5,Route-5,(425.0 0.0 5.5),(625.0 0.0 200.0),352.0174,379.64,0.5310275,3.792382,7.168,67
Truck-107,Route-107,(675.0 0.0 -5.5),(625.0 0.0 200.0),362.7704,377.864,0.2404572,2.883852,26.944,45.368
Truck-109,Route-109,(425.0 0.0 155.5),(375.0 0.0 150.0),362.7704,380.376,0.2804759,2.976889,31.272,34.48
Truck-106,Route-106,(175.0 0.0 55.5),(125.0 0.0 200.0),373.5235,380.776,0.09864242,2.447758,31.272,43.904
Truck-9,Route-9,(675.0 0.0 105.5),(625.0 0.0 200.0),387.8609,395.664,0.08881198,2.333268,30,60.144
Truck-0,Route-0,(175.0 0.0 205.5),(625.0 0.0 100.0),380.6922,398.96,0.2263886,2.674594,7.176,86.192
Truck-6,Route-6,(675.0 0.0 155.5),(625.0 0.0 150.0),380.6922,398.96,0.2263886,2.674594,30.712,56.656
Truck-100,Route-100,(175.0 0.0 155.5),(625.0 0.0 200.0),398.614,399.352,0.007484104,2.113872,52.464,41.536
Truck-1,Route-1,(425.0 0.0 105.5),(625.0 0.0 200.0),398.614,413.912,0.1551305,2.423659,30.712,77.576
Truck-102,Route-102,(425.0 0.0 105.5),(125.0 0.0 200.0),412.9514,418.888,0.05255931,2.1616,49.832,63.656
