Truck_id,Route_id,Origin,Destination,Completion_Time_alone,Completion_Time,Congestion_ratio,TravelTime_by_Distance,PickupSta_AT,DropSta_AT,,,C_max_prev,C_max_now,C_max,Congestion_ratio_AVG_prev,Congestion_ratio_AVG_now,Congestion_ratio_AVG
Truck-101,Route-101,(425.0 0.0 205.5),(125.0 0.0 50.0),348.433,347.728,-0.01455654,2.512,7.544,35.04,,,400.384,424.48,424.48,0.0764384,0.1572039,0.1168212
Truck-1,Route-1,(175.0 0.0 205.5),(375.0 0.0 100.0),362.7704,364.256,0.02366713,2.379852,7.296,51.656
Truck-0,Route-0,(175.0 0.0 -5.5),(125.0 0.0 200.0),362.7704,367.048,0.06814656,2.483259,17.072,44.8
Truck-5,Route-5,(425.0 0.0 205.5),(625.0 0.0 50.0),366.3548,368.792,0.03673022,2.372138,7.296,56.144
Truck-2,Route-2,(675.0 0.0 155.5),(375.0 0.0 150.0),362.7704,369.056,0.1001361,2.55763,30.992,32.848
Truck-7,Route-7,(175.0 0.0 155.5),(625.0 0.0 200.0),377.1078,376.656,-0.005859887,2.190171,7.296,64.008
Truck-103,Route-103,(675.0 0.0 105.5),(125.0 0.0 200.0),362.7704,367.368,0.07324462,2.495111,7.544,54.64
Truck-4,Route-4,(425.0 0.0 155.5),(625.0 0.0 150.0),380.6922,381.32,0.007780276,2.197838,32.16,43.976
Truck-104,Route-104,(175.0 0.0 -5.5),(625.0 0.0 200.0),362.7704,374.304,0.1837421,2.751999,17.024,52.104
Truck-108,Route-108,(425.0 0.0 -5.5),(375.0 0.0 200.0),362.7704,383.368,0.3281418,3.087704,17.024,61.104
Truck-105,Route-105,(675.0 0.0 155.5),(375.0 0.0 150.0),362.7704,384.96,0.3535037,3.146666,30.664,37.024
Truck-3,Route-3,(675.0 0.0 -5.5),(125.0 0.0 100.0),387.8609,395.856,0.09099709,2.337951,36.192,51.56
Truck-6,Route-6,(175.0 0.0 105.5),(625.0 0.0 0.0),395.0296,397.856,0.02974216,2.174577,36.04,56.592
Truck-8,Route-8,(175.0 0.0 55.5),(625.0 0.0 200.0),384.2766,398.52,0.1690083,2.526154,7.296,85.872
Truck-9,Route-9,(425.0 0.0 55.5),(125.0 0.0 0.0),380.6922,400.384,0.244036,2.713081,40.616,51.464
Truck-102,Route-102,(175.0 0.0 155.5),(625.0 0.0 200.0),377.1078,392.696,0.2021606,2.648458,7.544,80.048
Truck-106,Route-106,(675.0 0.0 205.5),(625.0 0.0 50.0),384.2766,393.896,0.1141414,2.40759,25.656,62.952
Truck-100,Route-100,(175.0 0.0 205.5),(625.0 0.0 150.0),398.614,408.304,0.0982623,2.30434,7.544,95.616
Truck-109,Route-109,(425.0 0.0 105.5),(625.0 0.0 200.0),412.9514,414.688,0.01537506,2.085236,22.944,86.488
Truck-107,Route-107,(175.0 0.0 55.5),(375.0 0.0 50.0),402.1983,424.48,0.2180242,2.540408,38.264,80.928
