Truck_id,Route_id,Origin,Destination,Completion_Time_alone,Completion_Time,Congestion_ratio,TravelTime_by_Distance,PickupSta_AT,DropSta_AT,,,C_max_prev,C_max_now,C_max,Congestion_ratio_AVG_prev,Congestion_ratio_AVG_now,Congestion_ratio_AVG
Truck-2,Route-2,(175.0 0.0 155.5),(125.0 0.0 200.0),341.2643,343.72,0.05951119,2.914667,7.056,31.328,,,399.632,401.44,401.44,0.05630317,0.1306556,0.09347942
Truck-5,Route-5,(425.0 0.0 55.5),(375.0 0.0 200.0),348.433,348.648,0.004439045,2.560422,7.056,36.192
Truck-101,Route-101,(425.0 0.0 55.5),(375.0 0.0 200.0),348.433,348.712,0.005760362,2.56379,7.344,36.128
Truck-7,Route-7,(425.0 0.0 194.5),(625.0 0.0 50.0),359.1861,359.056,-0.002197577,2.36224,17.288,36.432
Truck-8,Route-8,(175.0 0.0 194.5),(375.0 0.0 100.0),355.6017,360.16,0.08198108,2.615652,17.288,37.632
Truck-105,Route-105,(425.0 0.0 205.5),(375.0 0.0 150.0),341.2643,351.872,0.2570671,3.458134,7.336,36.216
Truck-3,Route-3,(675.0 0.0 194.5),(625.0 0.0 200.0),355.6017,364.208,0.1547847,2.791652,26.176,32.704
Truck-0,Route-0,(425.0 0.0 -5.5),(625.0 0.0 200.0),362.7704,365.992,0.05132335,2.444148,17.296,43.4
Truck-9,Route-9,(675.0 0.0 55.5),(125.0 0.0 200.0),366.3548,368.92,0.03865957,2.376552,34.896,28.728
Truck-6,Route-6,(175.0 0.0 105.5),(125.0 0.0 50.0),373.5235,376.336,0.03825351,2.313212,33.752,37.312
Truck-102,Route-102,(675.0 0.0 205.5),(375.0 0.0 0.0),352.0174,369.344,0.3330932,3.302095,7.344,53.648
Truck-107,Route-107,(175.0 0.0 -5.5),(125.0 0.0 200.0),362.7704,369.344,0.1047241,2.568296,26.344,37.688
Truck-103,Route-103,(675.0 0.0 105.5),(125.0 0.0 150.0),366.3548,371.168,0.07253785,2.454069,35.424,30.448
Truck-4,Route-4,(175.0 0.0 55.5),(375.0 0.0 200.0),373.5235,382.784,0.1259534,2.508606,30.792,46.792
Truck-104,Route-104,(425.0 0.0 -5.5),(625.0 0.0 150.0),366.3548,374.56,0.123657,2.571034,38.904,30.352
Truck-106,Route-106,(175.0 0.0 155.5),(125.0 0.0 0.0),373.5235,376.656,0.04260596,2.322909,30.296,40.976
Truck-109,Route-109,(175.0 0.0 105.5),(625.0 0.0 200.0),380.6922,384.072,0.04188498,2.272216,7.336,71.456
Truck-108,Route-108,(175.0 0.0 194.5),(625.0 0.0 100.0),373.5235,386.072,0.1706737,2.608242,16.64,61.152
Truck-1,Route-1,(175.0 0.0 -5.5),(375.0 0.0 200.0),398.614,399.632,0.01032345,2.11983,62.376,31.976
Truck-100,Route-100,(675.0 0.0 5.5),(125.0 0.0 200.0),387.8609,401.44,0.1545523,2.474146,7.344,85.744
