Truck_id,Route_id,Origin,Destination,Completion_Time_alone,Completion_Time,Congestion_ratio,TravelTime_by_Distance,PickupSta_AT,DropSta_AT,,,C_max_prev,C_max_now,C_max,Congestion_ratio_AVG_prev,Congestion_ratio_AVG_now,Congestion_ratio_AVG
Truck-5,Route-5,(425.0 0.0 205.5),(125.0 0.0 50.0),348.433,349.456,0.02112154,2.602947,6.84,37.36,,,427.152,436.696,436.696,0.1053599,0.09814616,0.101753
Truck-6,Route-6,(675.0 0.0 205.5),(375.0 0.0 50.0),348.433,350.376,0.04011712,2.651369,6.84,38.24
Truck-0,Route-0,(425.0 0.0 155.5),(125.0 0.0 200.0),359.1861,355.344,-0.06491514,2.21376,22.664,27.416
Truck-4,Route-4,(175.0 0.0 5.5),(375.0 0.0 200.0),352.0174,355.472,0.06641283,2.641523,6.84,43.376
Truck-101,Route-101,(425.0 0.0 194.5),(625.0 0.0 0.0),362.7704,360.224,-0.04056716,2.230519,16.712,38.168
Truck-9,Route-9,(675.0 0.0 155.5),(375.0 0.0 150.0),362.7704,371.4,0.1374784,2.644444,31.88,31.288
Truck-2,Route-2,(675.0 0.0 105.5),(625.0 0.0 150.0),366.3548,372.68,0.09532436,2.506207,35.8,31.624
Truck-107,Route-107,(675.0 0.0 105.5),(125.0 0.0 200.0),362.7704,364.648,0.02991208,2.394371,22.824,36.536
Truck-105,Route-105,(175.0 0.0 155.5),(125.0 0.0 150.0),362.7704,365.808,0.04839219,2.437334,31.176,29.32
Truck-104,Route-104,(175.0 0.0 194.5),(125.0 0.0 50.0),359.1861,367.984,0.1486489,2.71936,16.56,46.12
Truck-108,Route-108,(675.0 0.0 -5.5),(375.0 0.0 200.0),362.7704,372.096,0.1485667,2.670223,26.856,39.992
Truck-109,Route-109,(675.0 0.0 155.5),(625.0 0.0 100.0),366.3548,372.896,0.09857965,2.513655,29.928,34.68
Truck-8,Route-8,(675.0 0.0 55.5),(625.0 0.0 200.0),373.5235,390.04,0.2246431,2.728485,29.264,55.536
Truck-102,Route-102,(175.0 0.0 55.5),(125.0 0.0 200.0),373.5235,380.632,0.0966837,2.443394,31.176,44.192
Truck-106,Route-106,(425.0 0.0 155.5),(375.0 0.0 0.0),373.5235,387.04,0.1838398,2.637576,32.176,49.472
Truck-103,Route-103,(175.0 0.0 -5.5),(375.0 0.0 50.0),373.5235,391.96,0.250757,2.786666,45.808,40.864
Truck-1,Route-1,(675.0 0.0 -5.5),(125.0 0.0 100.0),387.8609,403.64,0.179592,2.527805,36.24,59.128
Truck-3,Route-3,(425.0 0.0 55.5),(375.0 0.0 100.0),391.4453,412.304,0.2281008,2.611721,38.208,62.8
Truck-7,Route-7,(175.0 0.0 55.5),(625.0 0.0 50.0),412.9514,427.152,0.1257236,2.311855,37.92,83.944
Truck-100,Route-100,(425.0 0.0 55.5),(625.0 0.0 200.0),434.4575,436.696,0.0166488,2.040239,30.208,101.272
