Truck_id,Route_id,Origin,Destination,Completion_Time_alone,Completion_Time,Congestion_ratio,TravelTime_by_Distance,PickupSta_AT,DropSta_AT,,,C_max_prev,C_max_now,C_max,Congestion_ratio_AVG_prev,Congestion_ratio_AVG_now,Congestion_ratio_AVG
Truck-4,Route-4,(675.0 0.0 105.5),(375.0 0.0 200.0),344.8487,346.472,0.03619554,2.733646,7.096,34.28,,,411.448,396.152,411.448,0.02257891,0.04106074,0.03181982
Truck-2,Route-2,(175.0 0.0 194.5),(125.0 0.0 50.0),359.1861,360.552,0.02307868,2.42208,16.576,38.928
Truck-0,Route-0,(175.0 0.0 55.5),(375.0 0.0 0.0),380.6922,380.128,-0.006992113,2.165621,38.2,36.856
Truck-3,Route-3,(675.0 0.0 55.5),(625.0 0.0 200.0),391.4453,395.248,0.04158482,2.21507,63.016,27.184
Truck-1,Route-1,(425.0 0.0 155.5),(125.0 0.0 0.0),409.367,411.448,0.01902762,2.102793,45.768,60.688
Truck-102,Route-102,(175.0 0.0 205.5),(375.0 0.0 150.0),359.1861,358.648,-0.009090913,2.34592,7.16,46.416
Truck-101,Route-101,(175.0 0.0 155.5),(375.0 0.0 200.0),359.1861,359.688,0.008480418,2.38752,7.16,47.496
Truck-100,Route-100,(675.0 0.0 105.5),(375.0 0.0 100.0),369.9391,380.552,0.1517446,2.598452,39.512,35.944
Truck-103,Route-103,(675.0 0.0 55.5),(125.0 0.0 200.0),384.2766,384.504,0.002698823,2.166769,46.968,32.52
Truck-104,Route-104,(675.0 0.0 155.5),(125.0 0.0 0.0),391.4453,396.152,0.05147076,2.236093,30.528,60.6
