Truck_id,Route_id,Origin,Destination,Completion_Time_alone,Completion_Time,Congestion_ratio,TravelTime_by_Distance,PickupSta_AT,DropSta_AT,,,C_max_prev,C_max_now,C_max,Congestion_ratio_AVG_prev,Congestion_ratio_AVG_now,Congestion_ratio_AVG
Truck-0,Route-0,(175.0 0.0 205.5),(375.0 0.0 0.0),352.0174,354.576,0.04918789,2.598857,7.016,42.504,,,402.552,395.184,402.552,0.04772118,0.01476692,0.03124405
Truck-2,Route-2,(425.0 0.0 205.5),(625.0 0.0 150.0),359.1861,363.784,0.07768603,2.55136,7.016,51.68
Truck-1,Route-1,(425.0 0.0 155.5),(375.0 0.0 100.0),384.2766,385.936,0.01969058,2.203487,30.056,50.808
Truck-3,Route-3,(675.0 0.0 155.5),(375.0 0.0 200.0),402.1983,399.192,-0.02941651,2.024326,44.84,49.328
Truck-4,Route-4,(175.0 0.0 55.5),(625.0 0.0 200.0),391.4453,402.552,0.1214579,2.38493,7.008,90.488
Truck-100,Route-100,(675.0 0.0 205.5),(375.0 0.0 150.0),341.2643,338.72,-0.06165889,2.581333,6.976,26.68
Truck-102,Route-102,(425.0 0.0 205.5),(625.0 0.0 100.0),362.7704,366.736,0.06317588,2.471704,6.976,54.76
Truck-103,Route-103,(675.0 0.0 155.5),(125.0 0.0 50.0),369.9391,373.728,0.05417397,2.378322,31.24,37.496
Truck-101,Route-101,(175.0 0.0 155.5),(375.0 0.0 100.0),384.2766,382.36,-0.02274138,2.111794,30.224,47.112
Truck-104,Route-104,(675.0 0.0 55.5),(125.0 0.0 100.0),391.4453,395.184,0.040885,2.213581,54.88,35.248
