Truck_id,Route_id,Origin,Destination,Completion_Time_alone,Completion_Time,Congestion_ratio,TravelTime_by_Distance,PickupSta_AT,DropSta_AT,,,C_max_prev,C_max_now,C_max,Congestion_ratio_AVG_prev,Congestion_ratio_AVG_now,Congestion_ratio_AVG
Truck-2,Route-2,(175.0 0.0 -5.5),(625.0 0.0 200.0),362.7704,359.544,-0.05140017,2.205333,16.464,37.992,,,410.328,413.48,413.48,0.02783093,-0.007565424,0.01013276
Truck-1,Route-1,(175.0 0.0 105.5),(125.0 0.0 100.0),369.9391,369.936,-4.450718E-05,2.256,34.04,30.888
Truck-0,Route-0,(675.0 0.0 55.5),(625.0 0.0 200.0),384.2766,382.92,-0.01609625,2.126154,34.296,43.624
Truck-3,Route-3,(175.0 0.0 205.5),(625.0 0.0 100.0),380.6922,390.952,0.1271473,2.458162,6.896,79.016
Truck-4,Route-4,(675.0 0.0 -5.5),(625.0 0.0 150.0),402.1983,410.328,0.07954828,2.251592,56.856,48.472
Truck-103,Route-103,(675.0 0.0 55.5),(375.0 0.0 200.0),348.433,346.984,-0.02991772,2.472842,6.952,34.984
Truck-101,Route-101,(175.0 0.0 205.5),(375.0 0.0 150.0),359.1861,358.192,-0.01679584,2.327679,6.952,46.216
Truck-102,Route-102,(675.0 0.0 155.5),(125.0 0.0 150.0),362.7704,361.912,-0.01367569,2.293036,30.144,26.72
Truck-104,Route-104,(425.0 0.0 5.5),(625.0 0.0 200.0),387.8609,389.432,0.01788174,2.181268,22.808,61.576
Truck-100,Route-100,(675.0 0.0 105.5),(625.0 0.0 200.0),412.9514,413.48,0.004680387,2.063273,29.208,79.216
