Truck_id,Route_id,Origin,Destination,Completion_Time_alone,Completion_Time,Congestion_ratio,TravelTime_by_Distance,PickupSta_AT,DropSta_AT,,,C_max_prev,C_max_now,C_max,Congestion_ratio_AVG_prev,Congestion_ratio_AVG_now,Congestion_ratio_AVG
Truck-2,Route-2,(425.0 0.0 205.5),(375.0 0.0 100.0),344.8487,348.304,0.07704404,2.841411,6.904,36.296,,,411.136,382.224,411.136,0.01555725,0.02328757,0.01942241
Truck-1,Route-1,(425.0 0.0 155.5),(625.0 0.0 200.0),395.0296,386.176,-0.09316684,1.915022,22.664,58.464
Truck-0,Route-0,(675.0 0.0 55.5),(375.0 0.0 200.0),391.4453,394.248,0.03064932,2.191814,44.816,44.328
Truck-3,Route-3,(175.0 0.0 55.5),(375.0 0.0 50.0),395.0296,396.232,0.01265282,2.138489,36.912,54.272
Truck-4,Route-4,(675.0 0.0 105.5),(125.0 0.0 200.0),405.7827,411.136,0.0506069,2.179137,58.6,47.56
Truck-103,Route-103,(675.0 0.0 155.5),(625.0 0.0 200.0),341.2643,342.712,0.03508341,2.847467,7.024,30.688
Truck-104,Route-104,(425.0 0.0 5.5),(125.0 0.0 200.0),369.9391,376.808,0.09821251,2.477678,41.152,30.624
Truck-101,Route-101,(175.0 0.0 55.5),(125.0 0.0 50.0),377.1078,378.936,0.02370907,2.255314,37.624,36.28
Truck-100,Route-100,(675.0 0.0 205.5),(625.0 0.0 100.0),380.6922,379.384,-0.01621219,2.145514,22.92,51.44
Truck-102,Route-102,(425.0 0.0 55.5),(375.0 0.0 200.0),384.2766,382.224,-0.02435495,2.108308,30.216,46.904
