Truck_id,Route_id,Origin,Destination,Completion_Time_alone,Completion_Time,Congestion_ratio,TravelTime_by_Distance,PickupSta_AT,DropSta_AT,,,C_max_prev,C_max_now,C_max,Congestion_ratio_AVG_prev,Congestion_ratio_AVG_now,Congestion_ratio_AVG
Truck-3,Route-3,(175.0 0.0 205.5),(375.0 0.0 100.0),362.7704,362.664,-0.001695302,2.320889,6.888,50.808,,,398.776,385.344,398.776,0.007447858,0.02853935,0.0179936
Truck-1,Route-1,(175.0 0.0 55.5),(375.0 0.0 200.0),366.3548,365.896,-0.006913908,2.272276,6.888,54.008
Truck-0,Route-0,(425.0 0.0 105.5),(375.0 0.0 200.0),380.6922,378.088,-0.0322731,2.110487,25.552,47.504
Truck-4,Route-4,(675.0 0.0 55.5),(625.0 0.0 200.0),391.4453,394.984,0.0386981,2.20893,62.632,27.352
Truck-2,Route-2,(675.0 0.0 105.5),(125.0 0.0 0.0),395.0296,398.776,0.0394235,2.195022,55.976,37.752
Truck-101,Route-101,(425.0 0.0 5.5),(625.0 0.0 200.0),352.0174,357.464,0.1047078,2.73638,7.008,45.408
Truck-103,Route-103,(175.0 0.0 105.5),(625.0 0.0 200.0),380.6922,379.368,-0.01641036,2.145081,7.008,67.328
Truck-102,Route-102,(175.0 0.0 55.5),(125.0 0.0 200.0),373.5235,382.184,0.1177926,2.490424,32.536,44.664
Truck-104,Route-104,(425.0 0.0 155.5),(625.0 0.0 50.0),387.8609,384.808,-0.03474682,2.068488,28.512,51.232
Truck-100,Route-100,(175.0 0.0 155.5),(375.0 0.0 50.0),387.8609,385.344,-0.02864649,2.081561,29.88,50.384
