Truck_id,Route_id,Origin,Destination,Completion_Time_alone,Completion_Time,Congestion_ratio,TravelTime_by_Distance,PickupSta_AT,DropSta_AT,,,C_max_prev,C_max_now,C_max,Congestion_ratio_AVG_prev,Congestion_ratio_AVG_now,Congestion_ratio_AVG
Truck-2,Route-2,(425.0 0.0 155.5),(125.0 0.0 200.0),341.2643,339.208,-0.04983253,2.613867,6.976,27.184,,,393.16,402.336,402.336,-0.01967598,0.03778389,0.009053954
Truck-1,Route-1,(675.0 0.0 205.5),(125.0 0.0 0.0),369.9391,370.904,0.01379592,2.287225,6.976,58.88
Truck-3,Route-3,(675.0 0.0 155.5),(625.0 0.0 50.0),387.8609,390.52,0.03026475,2.207805,30.328,55.12
Truck-4,Route-4,(175.0 0.0 155.5),(625.0 0.0 0.0),391.4453,391.064,-0.004169228,2.117767,30,56.008
Truck-0,Route-0,(675.0 0.0 55.5),(375.0 0.0 200.0),402.1983,393.16,-0.08843884,1.901225,38.256,49.848
Truck-103,Route-103,(425.0 0.0 105.5),(375.0 0.0 200.0),344.8487,344.952,0.002304027,2.644235,7.048,32.856
Truck-102,Route-102,(425.0 0.0 205.5),(125.0 0.0 50.0),348.433,352.672,0.0875226,2.77221,7.048,40.64
Truck-100,Route-100,(675.0 0.0 -5.5),(625.0 0.0 100.0),369.9391,376.552,0.09455202,2.469419,35.656,35.928
Truck-101,Route-101,(425.0 0.0 155.5),(625.0 0.0 0.0),391.4453,394.84,0.03712325,2.205581,33.16,56.696
Truck-104,Route-104,(425.0 0.0 5.5),(625.0 0.0 200.0),405.7827,402.336,-0.03258242,2.006588,35.088,62.248
