Truck_id,Route_id,Origin,Destination,Completion_Time_alone,Completion_Time,Congestion_ratio,TravelTime_by_Distance,PickupSta_AT,DropSta_AT,,,C_max_prev,C_max_now,C_max,Congestion_ratio_AVG_prev,Congestion_ratio_AVG_now,Congestion_ratio_AVG
Truck-1,Route-1,(675.0 0.0 155.5),(125.0 0.0 200.0),359.1861,354.616,-0.07721528,2.18464,6.944,42.68,,,392.752,382.408,392.752,0.02461384,0.01317026,0.01889205
Truck-4,Route-4,(175.0 0.0 194.5),(125.0 0.0 50.0),359.1861,361.56,0.04010964,2.4624,16.456,40.048
Truck-3,Route-3,(175.0 0.0 105.5),(375.0 0.0 200.0),377.1078,379.88,0.03595167,2.282286,33.136,41.704
Truck-0,Route-0,(425.0 0.0 -5.5),(625.0 0.0 200.0),380.6922,386.224,0.06855433,2.330378,33.696,47.464
Truck-2,Route-2,(675.0 0.0 55.5),(125.0 0.0 150.0),387.8609,392.752,0.05566883,2.262244,38.984,45.728
Truck-101,Route-101,(425.0 0.0 205.5),(375.0 0.0 0.0),352.0174,355.248,0.06210659,2.630857,7.136,43.08
Truck-100,Route-100,(425.0 0.0 -5.5),(625.0 0.0 200.0),362.7704,360.872,-0.03024366,2.254519,16.592,39.304
Truck-104,Route-104,(175.0 0.0 55.5),(125.0 0.0 200.0),373.5235,374.536,0.01377169,2.258667,31.112,38.416
Truck-103,Route-103,(675.0 0.0 105.5),(625.0 0.0 50.0),373.5235,376.64,0.04238846,2.322425,35.928,35.712
Truck-102,Route-102,(425.0 0.0 55.5),(375.0 0.0 200.0),384.2766,382.408,-0.02217178,2.113025,29.968,47.424
