Truck_id,Route_id,Origin,Destination,Completion_Time_alone,Completion_Time,Congestion_ratio,TravelTime_by_Distance,PickupSta_AT,DropSta_AT,,,C_max_prev,C_max_now,C_max,Congestion_ratio_AVG_prev,Congestion_ratio_AVG_now,Congestion_ratio_AVG
Truck-4,Route-4,(175.0 0.0 155.5),(125.0 0.0 200.0),341.2643,339.68,-0.03839444,2.645333,7.096,27.56,,,411.784,377.072,411.784,0.01689266,-0.02531685,-0.004212096
Truck-0,Route-0,(425.0 0.0 194.5),(375.0 0.0 50.0),359.1861,361.768,0.04362411,2.47072,16.456,40.184
Truck-2,Route-2,(175.0 0.0 194.5),(375.0 0.0 200.0),398.614,401.784,0.032146,2.165617,59.96,36.784
Truck-3,Route-3,(425.0 0.0 55.5),(625.0 0.0 200.0),402.1983,404.752,0.0249878,2.137796,29.984,69.728
Truck-1,Route-1,(675.0 0.0 55.5),(125.0 0.0 200.0),409.367,411.784,0.02209983,2.109132,30.96,75.768
Truck-104,Route-104,(425.0 0.0 105.5),(375.0 0.0 200.0),344.8487,345.44,0.01318521,2.672941,7.16,33.208
Truck-103,Route-103,(425.0 0.0 155.5),(125.0 0.0 200.0),359.1861,355.432,-0.06342809,2.21728,22.832,27.544
Truck-102,Route-102,(175.0 0.0 105.5),(375.0 0.0 200.0),362.7704,361.208,-0.02489084,2.266963,7.16,49.024
Truck-100,Route-100,(175.0 0.0 194.5),(375.0 0.0 50.0),377.1078,376.6,-0.006586139,2.188572,32.12,39.416
Truck-101,Route-101,(175.0 0.0 -5.5),(625.0 0.0 200.0),380.6922,377.072,-0.04486442,2.083027,32.112,39.888
