Truck_id,Route_id,Origin,Destination,Completion_Time_alone,Completion_Time,Congestion_ratio,TravelTime_by_Distance,PickupSta_AT,DropSta_AT,,,C_max_prev,C_max_now,C_max,Congestion_ratio_AVG_prev,Congestion_ratio_AVG_now,Congestion_ratio_AVG
Truck-1,Route-1,(675.0 0.0 205.5),(375.0 0.0 150.0),341.2643,338.408,-0.06922019,2.560533,6.976,26.408,,,408.208,406.28,408.208,-0.03336876,-0.001721387,-0.01754508
Truck-0,Route-0,(425.0 0.0 155.5),(125.0 0.0 200.0),359.1861,355.744,-0.05815689,2.229759,22.664,27.992
Truck-3,Route-3,(675.0 0.0 155.5),(375.0 0.0 0.0),373.5235,377.352,0.0520721,2.344,30.072,42.248
Truck-2,Route-2,(675.0 0.0 105.5),(375.0 0.0 200.0),398.614,390.632,-0.08094153,1.92834,38.24,47.328
Truck-4,Route-4,(425.0 0.0 55.5),(625.0 0.0 200.0),409.367,408.208,-0.01059731,2.041661,29.2,73.984
Truck-104,Route-104,(425.0 0.0 205.5),(125.0 0.0 50.0),348.433,349.296,0.01781793,2.594526,7.048,37.304
Truck-103,Route-103,(425.0 0.0 155.5),(625.0 0.0 200.0),359.1861,354.88,-0.07275464,2.1952,7.056,42.88
Truck-102,Route-102,(175.0 0.0 -5.5),(625.0 0.0 200.0),398.614,398.408,-0.00208858,2.093787,60.968,32.384
Truck-101,Route-101,(175.0 0.0 55.5),(375.0 0.0 50.0),395.0296,399.184,0.04371678,2.204089,36.576,57.56
Truck-100,Route-100,(175.0 0.0 155.5),(625.0 0.0 50.0),405.7827,406.28,0.004701574,2.083921,30.208,71.096
