Truck_id,Route_id,Origin,Destination,Completion_Time_alone,Completion_Time,Congestion_ratio,TravelTime_by_Distance,PickupSta_AT,DropSta_AT,,,C_max_prev,C_max_now,C_max,Congestion_ratio_AVG_prev,Congestion_ratio_AVG_now,Congestion_ratio_AVG
Truck-2,Route-2,(675.0 0.0 55.5),(625.0 0.0 200.0),348.433,350.28,0.03813483,2.646316,7.096,38.312,,,390.064,446.264,446.264,0.01167539,0.02794766,0.01981153
Truck-4,Route-4,(175.0 0.0 105.5),(375.0 0.0 200.0),362.7704,362.128,-0.01023453,2.301037,7.096,50.072
Truck-3,Route-3,(175.0 0.0 55.5),(375.0 0.0 200.0),366.3548,366.48,0.001887493,2.292414,7.096,54.408
Truck-102,Route-102,(425.0 0.0 105.5),(125.0 0.0 200.0),362.7704,362.544,-0.003606952,2.316445,23.224,34.552
Truck-0,Route-0,(425.0 0.0 155.5),(125.0 0.0 0.0),373.5235,376.736,0.04369386,2.325333,31.04,40.784
Truck-103,Route-103,(175.0 0.0 205.5),(375.0 0.0 50.0),366.3548,369.88,0.05312712,2.409655,7.376,57.576
Truck-1,Route-1,(425.0 0.0 194.5),(125.0 0.0 200.0),391.4453,390.064,-0.01510473,2.094512,39.784,45.288
Truck-104,Route-104,(425.0 0.0 -5.5),(375.0 0.0 200.0),380.6922,384.296,0.04466095,2.27827,46.12,33.256
Truck-101,Route-101,(425.0 0.0 55.5),(625.0 0.0 200.0),409.367,410.768,0.01281009,2.089962,63.064,42.824
Truck-100,Route-100,(175.0 0.0 155.5),(375.0 0.0 100.0),441.6262,446.264,0.03274711,2.060056,102.416,32.928
