Truck_id,Route_id,Origin,Destination,Completion_Time_alone,Completion_Time,Congestion_ratio,TravelTime_by_Distance,PickupSta_AT,DropSta_AT,,,C_max_prev,C_max_now,C_max,Congestion_ratio_AVG_prev,Congestion_ratio_AVG_now,Congestion_ratio_AVG
Truck-0,Route-0,(675.0 0.0 205.5),(625.0 0.0 50.0),348.433,354.28,0.1207231,2.856842,7.264,42.16,,,387,394.16,394.16,0.0582764,0.09476911,0.07652275
Truck-1,Route-1,(675.0 0.0 105.5),(125.0 0.0 200.0),362.7704,363.264,0.007863439,2.343111,30.288,28.08
Truck-3,Route-3,(425.0 0.0 205.5),(125.0 0.0 200.0),362.7704,366.504,0.05947996,2.463111,30.288,31.296
Truck-101,Route-101,(425.0 0.0 -5.5),(375.0 0.0 200.0),362.7704,364.952,0.0347549,2.405629,32.928,27.064
Truck-2,Route-2,(675.0 0.0 55.5),(375.0 0.0 200.0),373.5235,381.84,0.1131139,2.48,33.912,43.104
Truck-4,Route-4,(425.0 0.0 5.5),(375.0 0.0 200.0),387.8609,387,-0.009798452,2.121951,30.288,51.856
Truck-100,Route-100,(175.0 0.0 205.5),(625.0 0.0 150.0),377.1078,380.592,0.04518556,2.302629,7.536,67.976
Truck-104,Route-104,(675.0 0.0 -5.5),(625.0 0.0 100.0),369.9391,382.44,0.1787395,2.659355,36.92,40.488
Truck-102,Route-102,(175.0 0.0 -5.5),(125.0 0.0 50.0),373.5235,384.072,0.1434715,2.547636,37.552,41.736
Truck-103,Route-103,(175.0 0.0 105.5),(375.0 0.0 100.0),387.8609,394.16,0.07169404,2.296586,35.84,53.272
