Truck_id,Route_id,Origin,Destination,Completion_Time_alone,Completion_Time,Congestion_ratio,TravelTime_by_Distance,PickupSta_AT,DropSta_AT,,,C_max_prev,C_max_now,C_max,Congestion_ratio_AVG_prev,Congestion_ratio_AVG_now,Congestion_ratio_AVG
Truck-3,Route-3,(425.0 0.0 155.5),(375.0 0.0 200.0),341.2643,340.592,-0.01629258,2.706134,7.176,28.472,,,426.472,409.824,426.472,0.01936855,0.05886288,0.03911572
Truck-1,Route-1,(425.0 0.0 194.5),(125.0 0.0 150.0),369.9391,368.8,-0.01628745,2.219354,17.712,46.032
Truck-4,Route-4,(425.0 0.0 55.5),(125.0 0.0 200.0),373.5235,379.768,0.08493257,2.417212,31.64,43.128
Truck-102,Route-102,(675.0 0.0 -5.5),(625.0 0.0 200.0),362.7704,372.904,0.1614387,2.700148,26.968,40.888
Truck-0,Route-0,(675.0 0.0 -5.5),(125.0 0.0 200.0),380.6922,384.8,0.05090688,2.291892,27.984,51.928
Truck-103,Route-103,(175.0 0.0 194.5),(375.0 0.0 0.0),380.6922,382.4,0.0211643,2.227027,31.992,45.48
Truck-104,Route-104,(675.0 0.0 194.5),(125.0 0.0 200.0),380.6922,385.896,0.06448946,2.321513,32.432,48.528
Truck-101,Route-101,(425.0 0.0 105.5),(375.0 0.0 200.0),395.0296,399.12,0.04304336,2.202667,66.048,28.128
Truck-100,Route-100,(175.0 0.0 55.5),(375.0 0.0 200.0),409.367,409.824,0.004178598,2.072151,62,42.92
Truck-2,Route-2,(175.0 0.0 55.5),(375.0 0.0 200.0),427.2888,426.472,-0.00641669,2.007492,92.576,28.952
