Truck_id,Route_id,Origin,Destination,Completion_Time_alone,Completion_Time,Congestion_ratio,TravelTime_by_Distance,PickupSta_AT,DropSta_AT,,,C_max_prev,C_max_now,C_max,Congestion_ratio_AVG_prev,Congestion_ratio_AVG_now,Congestion_ratio_AVG
Truck-0,Route-0,(675.0 0.0 155.5),(625.0 0.0 200.0),341.2643,339.808,-0.03529197,2.653867,7.312,27.752,,,402.976,403.976,403.976,0.009079312,0.001935928,0.005507621
Truck-104,Route-104,(675.0 0.0 155.5),(375.0 0.0 200.0),341.2643,343.312,0.04962397,2.887467,7.272,31.096
Truck-4,Route-4,(425.0 0.0 155.5),(375.0 0.0 100.0),366.3548,369.08,0.04107044,2.382068,30.344,33.744
Truck-3,Route-3,(675.0 0.0 205.5),(125.0 0.0 0.0),369.9391,370.112,0.002471894,2.261678,7.312,58.024
Truck-101,Route-101,(425.0 0.0 55.5),(125.0 0.0 200.0),366.3548,367.264,0.01370272,2.319448,25.704,36.64
Truck-2,Route-2,(425.0 0.0 5.5),(375.0 0.0 200.0),387.8609,390.456,0.02953638,2.206244,31.208,54.152
Truck-103,Route-103,(425.0 0.0 105.5),(625.0 0.0 200.0),398.614,391.192,-0.07526284,1.940255,22.96,63.36
Truck-1,Route-1,(175.0 0.0 155.5),(625.0 0.0 100.0),402.1983,402.976,0.007609813,2.101551,30.768,67.32
Truck-102,Route-102,(675.0 0.0 105.5),(375.0 0.0 200.0),395.0296,401.768,0.07090846,2.261511,61.048,35.872
Truck-100,Route-100,(425.0 0.0 155.5),(375.0 0.0 0.0),409.367,403.976,-0.04929266,1.961812,45.8,53.296
