Truck_id,Route_id,Origin,Destination,Completion_Time_alone,Completion_Time,Congestion_ratio,TravelTime_by_Distance,PickupSta_AT,DropSta_AT,,,C_max_prev,C_max_now,C_max,Congestion_ratio_AVG_prev,Congestion_ratio_AVG_now,Congestion_ratio_AVG
Truck-0,Route-0,(675.0 0.0 155.5),(625.0 0.0 200.0),341.2643,342.4,0.02752212,2.826666,7.224,30.28,,,399.52,405.544,405.544,0.03818361,0.01303582,0.02560971
Truck-104,Route-104,(675.0 0.0 155.5),(375.0 0.0 200.0),341.2643,343.472,0.05350076,2.898132,7.288,31.144
Truck-4,Route-4,(425.0 0.0 155.5),(375.0 0.0 100.0),366.3548,371,0.07000602,2.448276,30.72,35.28
Truck-3,Route-3,(675.0 0.0 205.5),(125.0 0.0 0.0),369.9391,374.856,0.07030214,2.414709,7.224,62.656
Truck-101,Route-101,(425.0 0.0 55.5),(125.0 0.0 200.0),366.3548,367.528,0.01768145,2.328552,25.304,37.408
Truck-2,Route-2,(425.0 0.0 5.5),(375.0 0.0 200.0),387.8609,392.192,0.0492948,2.248585,30.504,56.72
Truck-1,Route-1,(175.0 0.0 155.5),(625.0 0.0 100.0),402.1983,399.52,-0.02620703,2.03102,30.28,64.248
Truck-103,Route-103,(425.0 0.0 105.5),(625.0 0.0 200.0),398.614,392.592,-0.06106582,1.970043,23.096,64.464
Truck-102,Route-102,(675.0 0.0 105.5),(375.0 0.0 200.0),395.0296,403.584,0.0900184,2.301867,60.616,37.944
Truck-100,Route-100,(425.0 0.0 155.5),(375.0 0.0 0.0),409.367,405.544,-0.03495568,1.991396,46.296,54.352
