Truck_id,Route_id,Origin,Destination,Completion_Time_alone,Completion_Time,Congestion_ratio,TravelTime_by_Distance,PickupSta_AT,DropSta_AT,,,C_max_prev,C_max_now,C_max,Congestion_ratio_AVG_prev,Congestion_ratio_AVG_now,Congestion_ratio_AVG
Truck-3,Route-3,(675.0 0.0 105.5),(625.0 0.0 200.0),344.8487,346.728,0.04190389,2.748706,7.312,34.384,,,414.064,395.384,414.064,0.01764866,0.1538471,0.08574791
Truck-4,Route-4,(175.0 0.0 55.5),(125.0 0.0 200.0),348.433,348.168,-0.005471777,2.535158,7.312,35.864
Truck-2,Route-2,(425.0 0.0 5.5),(375.0 0.0 200.0),352.0174,356.296,0.08225379,2.680761,7.312,44.032
Truck-104,Route-104,(175.0 0.0 205.5),(125.0 0.0 50.0),348.433,352.04,0.07447388,2.738948,7.512,39.736
Truck-0,Route-0,(675.0 0.0 205.5),(125.0 0.0 150.0),377.1078,378.648,0.01997412,2.247086,38.152,35.68
Truck-100,Route-100,(675.0 0.0 105.5),(375.0 0.0 100.0),369.9391,381.128,0.1599802,2.617032,35.688,40.48
Truck-102,Route-102,(675.0 0.0 155.5),(625.0 0.0 0.0),373.5235,381.544,0.1090881,2.47103,30.72,42.896
Truck-103,Route-103,(675.0 0.0 55.5),(375.0 0.0 50.0),377.1078,391.656,0.1886728,2.618743,39.928,46.84
Truck-101,Route-101,(175.0 0.0 -5.5),(125.0 0.0 0.0),377.1078,395.384,0.2370207,2.725257,38.072,43.44
Truck-1,Route-1,(675.0 0.0 55.5),(625.0 0.0 200.0),420.1201,414.064,-0.05041673,1.933288,45.936,63.224
