Truck_id,Route_id,Origin,Destination,Completion_Time_alone,Completion_Time,Congestion_ratio,TravelTime_by_Distance,PickupSta_AT,DropSta_AT,,,C_max_prev,C_max_now,C_max,Congestion_ratio_AVG_prev,Congestion_ratio_AVG_now,Congestion_ratio_AVG
Truck-2,Route-2,(175.0 0.0 -5.5),(125.0 0.0 200.0),362.7704,368.688,0.09427326,2.544,28.512,35.24,,,397.976,410.632,410.632,0.05977999,0.0406988,0.0502394
Truck-4,Route-4,(675.0 0.0 155.5),(625.0 0.0 0.0),373.5235,376.056,0.03444522,2.304727,29.84,41.2
Truck-1,Route-1,(175.0 0.0 155.5),(125.0 0.0 0.0),373.5235,376.872,0.04554384,2.329455,30.72,41.232
Truck-104,Route-104,(675.0 0.0 5.5),(125.0 0.0 200.0),369.9391,374.632,0.06709938,2.407484,22.848,46.952
Truck-103,Route-103,(425.0 0.0 55.5),(375.0 0.0 50.0),377.1078,382.968,0.07599924,2.370514,40.824,37.176
Truck-102,Route-102,(675.0 0.0 55.5),(625.0 0.0 200.0),384.2766,385.44,0.01380517,2.190769,31.152,49.288
Truck-0,Route-0,(675.0 0.0 105.5),(625.0 0.0 50.0),391.4453,396.312,0.05322048,2.239814,34.6,56.816
Truck-3,Route-3,(425.0 0.0 55.5),(625.0 0.0 100.0),391.4453,397.976,0.07141718,2.278512,39.64,50.48
Truck-101,Route-101,(175.0 0.0 55.5),(625.0 0.0 200.0),391.4453,394.648,0.03502379,2.201117,31.152,58.488
Truck-100,Route-100,(175.0 0.0 105.5),(625.0 0.0 50.0),409.367,410.632,0.01156641,2.087396,36.576,69.128
