Truck_id,Route_id,Origin,Destination,Completion_Time_alone,Completion_Time,Congestion_ratio,TravelTime_by_Distance,PickupSta_AT,DropSta_AT,,,C_max_prev,C_max_now,C_max,Congestion_ratio_AVG_prev,Congestion_ratio_AVG_now,Congestion_ratio_AVG
Truck-102,Route-102,(175.0 0.0 105.5),(125.0 0.0 200.0),344.8487,348.616,0.08400103,2.859765,7.4,36.288,,,436.472,417.16,436.472,0.1102405,0.09912498,0.1046827
Truck-0,Route-0,(425.0 0.0 155.5),(125.0 0.0 50.0),369.9391,374.584,0.06641344,2.405936,29.92,39.744
Truck-1,Route-1,(675.0 0.0 105.5),(375.0 0.0 100.0),369.9391,376.64,0.09581044,2.472259,36.688,34.792
Truck-3,Route-3,(425.0 0.0 105.5),(375.0 0.0 50.0),373.5235,377.896,0.05947119,2.360485,33.864,39.168
Truck-4,Route-4,(425.0 0.0 -5.5),(125.0 0.0 150.0),366.3548,383.432,0.2573627,2.876966,41.48,37.224
Truck-103,Route-103,(675.0 0.0 55.5),(375.0 0.0 200.0),373.5235,380.536,0.09537829,2.440485,29.72,45.928
Truck-101,Route-101,(675.0 0.0 194.5),(125.0 0.0 200.0),380.6922,390.696,0.123975,2.451244,32.336,53.424
Truck-100,Route-100,(175.0 0.0 55.5),(375.0 0.0 100.0),391.4453,395.64,0.04587185,2.224186,54.744,35.936
Truck-104,Route-104,(425.0 0.0 55.5),(625.0 0.0 200.0),402.1983,417.16,0.1463987,2.391021,35.36,76.8
Truck-2,Route-2,(175.0 0.0 5.5),(625.0 0.0 100.0),427.2888,436.472,0.07214484,2.166222,43.008,88.608
