Truck_id,Route_id,Origin,Destination,Completion_Time_alone,Completion_Time,Congestion_ratio,TravelTime_by_Distance,PickupSta_AT,DropSta_AT,,,C_max_prev,C_max_now,C_max,Congestion_ratio_AVG_prev,Congestion_ratio_AVG_now,Congestion_ratio_AVG
Truck-1,Route-1,(425.0 0.0 5.5),(125.0 0.0 200.0),352.0174,351.936,-0.00156409,2.473143,7.216,39.768,,,397.4,444.16,444.16,0.0311145,0.1377549,0.08443473
Truck-2,Route-2,(175.0 0.0 55.5),(375.0 0.0 200.0),366.3548,362.624,-0.05622466,2.159448,7.216,50.352
Truck-103,Route-103,(425.0 0.0 205.5),(625.0 0.0 0.0),352.0174,354.432,0.04641993,2.592,7.496,42.032
Truck-3,Route-3,(675.0 0.0 155.5),(375.0 0.0 50.0),369.9391,375.312,0.07682245,2.42942,30.6,39.832
Truck-104,Route-104,(675.0 0.0 155.5),(375.0 0.0 100.0),366.3548,375.728,0.1412593,2.61131,33.456,37.2
Truck-0,Route-0,(675.0 0.0 55.5),(625.0 0.0 150.0),387.8609,394.136,0.07142068,2.296,38.992,50.12
Truck-101,Route-101,(675.0 0.0 -5.5),(625.0 0.0 100.0),369.9391,384.68,0.2107673,2.731613,36.256,37.48
Truck-102,Route-102,(425.0 0.0 55.5),(125.0 0.0 50.0),377.1078,386.744,0.1249696,2.4784,39.712,42.184
Truck-4,Route-4,(425.0 0.0 55.5),(625.0 0.0 200.0),391.4453,397.4,0.06511811,2.265116,29.896,62.504
Truck-100,Route-100,(175.0 0.0 5.5),(625.0 0.0 50.0),423.7044,444.16,0.1653587,2.363279,44.608,91.672
