Truck_id,Route_id,Origin,Destination,Completion_Time_alone,Completion_Time,Congestion_ratio,TravelTime_by_Distance,PickupSta_AT,DropSta_AT,,,C_max_prev,C_max_now,C_max,Congestion_ratio_AVG_prev,Congestion_ratio_AVG_now,Congestion_ratio_AVG
Truck-1,Route-1,(425.0 0.0 205.5),(125.0 0.0 150.0),341.2643,339.376,-0.04576123,2.625067,7.152,27.192,,,428.408,421.688,428.408,0.001014164,0.1108459,0.05593002
Truck-4,Route-4,(675.0 0.0 155.5),(125.0 0.0 200.0),359.1861,355.896,-0.05558858,2.23584,22.592,28.392
Truck-3,Route-3,(675.0 0.0 55.5),(125.0 0.0 200.0),366.3548,371.024,0.07036752,2.449103,7.152,58.856
Truck-103,Route-103,(425.0 0.0 55.5),(625.0 0.0 200.0),366.3548,368.872,0.03793612,2.374897,7.36,56.528
Truck-101,Route-101,(175.0 0.0 205.5),(625.0 0.0 100.0),380.6922,379.912,-0.009668994,2.159783,7.36,67.568
Truck-0,Route-0,(675.0 0.0 105.5),(625.0 0.0 200.0),387.8609,390.256,0.02726026,2.201366,29.272,56
Truck-104,Route-104,(425.0 0.0 -5.5),(125.0 0.0 100.0),369.9391,385.664,0.2248368,2.763355,36.576,44.096
Truck-100,Route-100,(425.0 0.0 155.5),(375.0 0.0 100.0),384.2766,400.16,0.1884682,2.568205,31.232,63.944
Truck-2,Route-2,(175.0 0.0 55.5),(625.0 0.0 200.0),427.2888,428.408,0.00879286,2.038222,59.968,63.664
Truck-102,Route-102,(675.0 0.0 -5.5),(625.0 0.0 50.0),409.367,421.688,0.1126572,2.296,58.232,58.488
