Truck_id,Route_id,Origin,Destination,Completion_Time_alone,Completion_Time,Congestion_ratio,TravelTime_by_Distance,PickupSta_AT,DropSta_AT,,,C_max_prev,C_max_now,C_max,Congestion_ratio_AVG_prev,Congestion_ratio_AVG_now,Congestion_ratio_AVG
Truck-2,Route-2,(675.0 0.0 55.5),(625.0 0.0 200.0),348.433,347.928,-0.01042687,2.522527,7.208,35.92,,,400.792,414.232,414.232,0.03961916,0.04689278,0.04325597
Truck-4,Route-4,(175.0 0.0 194.5),(125.0 0.0 150.0),352.0174,352.632,0.01181575,2.506285,16.824,30.944
Truck-3,Route-3,(675.0 0.0 5.5),(375.0 0.0 200.0),352.0174,355.048,0.05826208,2.621334,7.208,42.984
Truck-102,Route-102,(675.0 0.0 205.5),(125.0 0.0 100.0),362.7704,364.904,0.03399014,2.403852,7.456,52.584
Truck-0,Route-0,(175.0 0.0 55.5),(125.0 0.0 50.0),377.1078,386.08,0.1163583,2.459428,39.832,41.336
Truck-104,Route-104,(175.0 0.0 105.5),(375.0 0.0 100.0),387.8609,388.168,0.003495279,2.150439,35.56,47.616
Truck-1,Route-1,(175.0 0.0 -5.5),(625.0 0.0 200.0),398.614,400.792,0.02208653,2.144511,29.32,66.536
Truck-100,Route-100,(675.0 0.0 -5.5),(125.0 0.0 200.0),380.6922,390.736,0.1244704,2.452324,27.256,58.736
Truck-103,Route-103,(425.0 0.0 155.5),(625.0 0.0 0.0),391.4453,394.008,0.0280249,2.186233,45.648,43.296
Truck-101,Route-101,(175.0 0.0 55.5),(375.0 0.0 200.0),409.367,414.232,0.04448316,2.155321,72.92,36.504
