Truck_id,Route_id,Origin,Destination,Completion_Time_alone,Completion_Time,Congestion_ratio,TravelTime_by_Distance,PickupSta_AT,DropSta_AT,,,C_max_prev,C_max_now,C_max,Congestion_ratio_AVG_prev,Congestion_ratio_AVG_now,Congestion_ratio_AVG
Truck-0,Route-0,(175.0 0.0 155.5),(125.0 0.0 200.0),341.2643,339.392,-0.0453737,2.626133,7.24,27.368,,,394.92,394.472,394.92,0.001649688,0.1073225,0.05448611
Truck-101,Route-101,(175.0 0.0 205.5),(375.0 0.0 0.0),352.0174,359.168,0.1374663,2.817524,7.296,46.92
Truck-3,Route-3,(175.0 0.0 194.5),(625.0 0.0 100.0),373.5235,369.576,-0.05369006,2.108363,16.632,48.152
Truck-2,Route-2,(675.0 0.0 5.5),(375.0 0.0 200.0),369.9391,373.632,0.05280123,2.375226,30.576,38
Truck-4,Route-4,(425.0 0.0 194.5),(125.0 0.0 50.0),377.1078,381.4,0.05566417,2.325714,16.632,59.864
Truck-103,Route-103,(425.0 0.0 205.5),(625.0 0.0 50.0),366.3548,374.792,0.1271533,2.579034,7.296,59.592
Truck-1,Route-1,(175.0 0.0 105.5),(625.0 0.0 200.0),395.0296,394.92,-0.001153205,2.109334,33.752,56.256
Truck-104,Route-104,(175.0 0.0 105.5),(625.0 0.0 200.0),380.6922,389.4,0.1079137,2.416216,7.288,77.064
Truck-100,Route-100,(675.0 0.0 194.5),(375.0 0.0 200.0),387.8609,391.648,0.04310347,2.235317,50.52,36.288
Truck-102,Route-102,(675.0 0.0 155.5),(625.0 0.0 200.0),384.2766,394.472,0.1209759,2.422359,30.96,58.616
