Truck_id,Route_id,Origin,Destination,Completion_Time_alone,Completion_Time,Congestion_ratio,TravelTime_by_Distance,PickupSta_AT,DropSta_AT,,,C_max_prev,C_max_now,C_max,Congestion_ratio_AVG_prev,Congestion_ratio_AVG_now,Congestion_ratio_AVG
Truck-2,Route-2,(425.0 0.0 55.5),(125.0 0.0 200.0),366.3548,364.784,-0.02367231,2.233931,7.352,52.384,,,438.72,419.576,438.72,0.0702999,0.08521477,0.07775734
Truck-102,Route-102,(175.0 0.0 155.5),(125.0 0.0 100.0),366.3548,368.528,0.03275196,2.363035,30.864,32.856
Truck-101,Route-101,(675.0 0.0 155.5),(125.0 0.0 50.0),369.9391,379.256,0.1332144,2.556646,31.288,43.184
Truck-103,Route-103,(675.0 0.0 55.5),(375.0 0.0 100.0),373.5235,380.448,0.09418122,2.437818,38.472,37.056
Truck-0,Route-0,(175.0 0.0 155.5),(375.0 0.0 0.0),391.4453,404.928,0.1474408,2.440186,50.832,43.064
Truck-104,Route-104,(425.0 0.0 105.5),(625.0 0.0 0.0),395.0296,405.224,0.107276,2.338311,36.056,64.184
Truck-1,Route-1,(425.0 0.0 155.5),(625.0 0.0 200.0),409.367,425.84,0.1506212,2.37434,83.352,37.568
Truck-3,Route-3,(175.0 0.0 55.5),(625.0 0.0 200.0),427.2888,429.472,0.01715177,2.055111,87.944,36.608
Truck-100,Route-100,(425.0 0.0 -5.5),(125.0 0.0 0.0),412.9514,419.576,0.05865033,2.174109,52.184,62.392
Truck-4,Route-4,(175.0 0.0 105.5),(125.0 0.0 200.0),430.8731,438.72,0.05995803,2.134154,67.192,66.632
