Truck_id,Route_id,Origin,Destination,Completion_Time_alone,Completion_Time,Congestion_ratio,TravelTime_by_Distance,PickupSta_AT,DropSta_AT,,,C_max_prev,C_max_now,C_max,Congestion_ratio_AVG_prev,Congestion_ratio_AVG_now,Congestion_ratio_AVG
Truck-3,Route-3,(675.0 0.0 205.5),(375.0 0.0 50.0),348.433,350.36,0.03978632,2.650526,7.24,38.112,,,381.176,394.664,394.664,0.03610871,0.04773534,0.04192203
Truck-2,Route-2,(175.0 0.0 205.5),(125.0 0.0 0.0),352.0174,350.76,-0.02417183,2.417143,7.24,38.536
Truck-103,Route-103,(175.0 0.0 194.5),(125.0 0.0 200.0),355.6017,355.392,-0.003771768,2.408348,22.888,27.544
Truck-1,Route-1,(675.0 0.0 155.5),(125.0 0.0 150.0),362.7704,367.264,0.07158773,2.49126,30.376,32.088
Truck-4,Route-4,(175.0 0.0 -5.5),(375.0 0.0 100.0),369.9391,376.048,0.08734578,2.453161,38.504,32.616
Truck-101,Route-101,(425.0 0.0 -5.5),(375.0 0.0 200.0),362.7704,369.488,0.1070184,2.57363,16.952,47.568
Truck-0,Route-0,(175.0 0.0 155.5),(375.0 0.0 150.0),380.6922,381.176,0.005995563,2.193946,29.944,46.296
Truck-104,Route-104,(175.0 0.0 55.5),(375.0 0.0 200.0),373.5235,376.8,0.04456427,2.327272,31.432,40.448
Truck-100,Route-100,(675.0 0.0 155.5),(125.0 0.0 100.0),384.2766,388.968,0.05566717,2.28123,30.584,53.536
Truck-102,Route-102,(175.0 0.0 105.5),(375.0 0.0 50.0),391.4453,394.664,0.03519865,2.201488,35.864,53.888
