Truck_id,Route_id,Origin,Destination,Completion_Time_alone,Completion_Time,Congestion_ratio,TravelTime_by_Distance,PickupSta_AT,DropSta_AT,,,C_max_prev,C_max_now,C_max,Congestion_ratio_AVG_prev,Congestion_ratio_AVG_now,Congestion_ratio_AVG
Truck-103,Route-103,(425.0 0.0 155.5),(125.0 0.0 200.0),341.2643,340.752,-0.01241505,2.716801,7.416,28.456,,,422.384,421.768,422.384,0.07391524,0.04386058,0.05888791
Truck-0,Route-0,(425.0 0.0 105.5),(125.0 0.0 200.0),362.7704,364.624,0.02952946,2.393481,30.816,28.968
Truck-2,Route-2,(675.0 0.0 155.5),(625.0 0.0 150.0),362.7704,364.848,0.03309801,2.401778,31.032,28.968
Truck-4,Route-4,(425.0 0.0 55.5),(625.0 0.0 200.0),373.5235,378,0.06088576,2.363636,32.152,40.904
Truck-1,Route-1,(675.0 0.0 55.5),(375.0 0.0 200.0),373.5235,382.864,0.1270417,2.511031,31.488,46.424
Truck-102,Route-102,(175.0 0.0 -5.5),(625.0 0.0 200.0),380.6922,379.616,-0.01333713,2.151784,32.064,42.584
Truck-100,Route-100,(425.0 0.0 55.5),(625.0 0.0 200.0),373.5235,382.08,0.1163781,2.487272,7.416,69.672
Truck-101,Route-101,(175.0 0.0 55.5),(125.0 0.0 50.0),395.0296,399.84,0.05061996,2.218667,55.48,39.44
Truck-3,Route-3,(175.0 0.0 55.5),(625.0 0.0 100.0),409.367,422.384,0.1190213,2.309132,54.312,63.152
Truck-104,Route-104,(425.0 0.0 105.5),(375.0 0.0 200.0),412.9514,421.768,0.07805706,2.213964,82,34.816
