Truck_id,Route_id,Origin,Destination,Completion_Time_alone,Completion_Time,Congestion_ratio,TravelTime_by_Distance,PickupSta_AT,DropSta_AT,,,C_max_prev,C_max_now,C_max,Congestion_ratio_AVG_prev,Congestion_ratio_AVG_now,Congestion_ratio_AVG
Truck-4,Route-4,(425.0 0.0 105.5),(125.0 0.0 200.0),344.8487,345.16,0.00694202,2.656471,7.12,33.096,,,408.136,414.256,414.256,0.003781483,0.1553928,0.07958716
Truck-101,Route-101,(675.0 0.0 205.5),(625.0 0.0 150.0),341.2643,346.904,0.1366721,3.126933,7.288,34.6
Truck-100,Route-100,(675.0 0.0 155.5),(125.0 0.0 150.0),362.7704,362.488,-0.004499089,2.314371,30.952,26.52
Truck-2,Route-2,(175.0 0.0 55.5),(375.0 0.0 200.0),373.5235,377.952,0.06023285,2.362182,31.248,41.68
Truck-0,Route-0,(175.0 0.0 194.5),(125.0 0.0 150.0),387.8609,383.424,-0.05049902,2.034732,31.92,46.6
Truck-3,Route-3,(175.0 0.0 -5.5),(375.0 0.0 200.0),398.614,399.944,0.01348742,2.126468,61.264,33.76
Truck-102,Route-102,(425.0 0.0 155.5),(375.0 0.0 0.0),373.5235,390.192,0.2267102,2.73309,31.168,51.072
Truck-103,Route-103,(175.0 0.0 55.5),(125.0 0.0 100.0),373.5235,392.6,0.2594619,2.806061,39.712,47.872
Truck-1,Route-1,(175.0 0.0 105.5),(625.0 0.0 50.0),409.367,408.136,-0.01125585,2.040302,64.848,38.352
Truck-104,Route-104,(175.0 0.0 -5.5),(625.0 0.0 200.0),398.614,414.256,0.1586191,2.430979,45.808,63.392
