Truck_id,Route_id,Origin,Destination,Completion_Time_alone,Completion_Time,Congestion_ratio,TravelTime_by_Distance,PickupSta_AT,DropSta_AT,,,C_max_prev,C_max_now,C_max,Congestion_ratio_AVG_prev,Congestion_ratio_AVG_now,Congestion_ratio_AVG
Truck-2,Route-2,(175.0 0.0 105.5),(125.0 0.0 200.0),344.8487,342.672,-0.04853358,2.510118,7.192,30.664,,,398.984,409.216,409.216,-0.0006479546,0.04590636,0.02262921
Truck-3,Route-3,(675.0 0.0 205.5),(375.0 0.0 0.0),352.0174,350.68,-0.0257101,2.413333,7.192,38.72
Truck-4,Route-4,(175.0 0.0 205.5),(625.0 0.0 150.0),377.1078,374.44,-0.0345989,2.126857,7.192,62.36
Truck-103,Route-103,(425.0 0.0 194.5),(125.0 0.0 50.0),377.1078,377.488,0.004930205,2.213943,16.744,55.776
Truck-0,Route-0,(425.0 0.0 5.5),(625.0 0.0 200.0),387.8609,389.896,0.02316269,2.192585,22.664,62.312
Truck-101,Route-101,(425.0 0.0 55.5),(125.0 0.0 150.0),369.9391,379.696,0.1395056,2.570839,40.832,33.928
Truck-104,Route-104,(425.0 0.0 -5.5),(125.0 0.0 200.0),380.6922,380.504,-0.002332343,2.175784,16.744,58.784
Truck-100,Route-100,(675.0 0.0 -5.5),(125.0 0.0 200.0),380.6922,385.128,0.05497174,2.300756,33.712,46.536
Truck-1,Route-1,(425.0 0.0 105.5),(625.0 0.0 50.0),391.4453,398.984,0.08244012,2.301954,37.368,56.648
Truck-102,Route-102,(175.0 0.0 155.5),(625.0 0.0 50.0),405.7827,409.216,0.03245664,2.14149,46.512,57.592
