Truck_id,Route_id,Origin,Destination,Completion_Time_alone,Completion_Time,Congestion_ratio,TravelTime_by_Distance,PickupSta_AT,DropSta_AT,,,C_max_prev,C_max_now,C_max,Congestion_ratio_AVG_prev,Congestion_ratio_AVG_now,Congestion_ratio_AVG
Truck-3,Route-3,(175.0 0.0 5.5),(375.0 0.0 200.0),352.0174,357.472,0.1048615,2.736761,7.296,45.368,,,413.624,419.696,419.696,0.135162,0.05479586,0.09497891
Truck-100,Route-100,(675.0 0.0 155.5),(375.0 0.0 200.0),359.1861,355.4,-0.06396897,2.216,22.896,27.512
Truck-0,Route-0,(675.0 0.0 205.5),(125.0 0.0 50.0),366.3548,385.424,0.2873832,2.945656,7.296,73.144
Truck-2,Route-2,(425.0 0.0 155.5),(375.0 0.0 100.0),384.2766,388.736,0.05291439,2.275282,46.496,37.392
Truck-103,Route-103,(675.0 0.0 205.5),(125.0 0.0 50.0),384.2766,383.152,-0.01334348,2.132103,38.28,39.936
Truck-1,Route-1,(425.0 0.0 105.5),(375.0 0.0 200.0),395.0296,409.904,0.1565237,2.442311,49.88,55.072
Truck-4,Route-4,(175.0 0.0 55.5),(625.0 0.0 150.0),405.7827,413.624,0.07412689,2.227921,39.768,68.832
Truck-102,Route-102,(675.0 0.0 -5.5),(625.0 0.0 200.0),398.614,408.952,0.1048335,2.318128,52.176,51.672
Truck-101,Route-101,(425.0 0.0 55.5),(625.0 0.0 200.0),402.1983,413.944,0.1149305,2.325388,30.952,78.104
Truck-104,Route-104,(175.0 0.0 55.5),(625.0 0.0 150.0),405.7827,419.696,0.1315278,2.346981,39.144,66.616
