Truck_id,Route_id,Origin,Destination,Completion_Time_alone,Completion_Time,Congestion_ratio,TravelTime_by_Distance,PickupSta_AT,DropSta_AT,,,C_max_prev,C_max_now,C_max,Congestion_ratio_AVG_prev,Congestion_ratio_AVG_now,Congestion_ratio_AVG
Truck-1,Route-1,(675.0 0.0 205.5),(125.0 0.0 100.0),362.7704,362.648,-0.001950059,2.320297,7.32,50.376,,,389.28,402.224,402.224,0.07282771,0.07697822,0.07490297
Truck-0,Route-0,(175.0 0.0 205.5),(125.0 0.0 50.0),373.5235,372.4,-0.01528048,2.193939,7.32,60.136
Truck-100,Route-100,(175.0 0.0 194.5),(125.0 0.0 100.0),355.6017,363.72,0.1460078,2.770435,16.984,41.864
Truck-4,Route-4,(675.0 0.0 105.5),(375.0 0.0 100.0),369.9391,377.464,0.1075917,2.498838,35.328,37.056
Truck-3,Route-3,(675.0 0.0 55.5),(625.0 0.0 200.0),373.5235,377.896,0.05947119,2.360485,7.32,65.616
Truck-104,Route-104,(425.0 0.0 194.5),(625.0 0.0 200.0),373.5235,374.512,0.01344503,2.257939,25.176,44.448
Truck-2,Route-2,(425.0 0.0 55.5),(375.0 0.0 200.0),373.5235,389.28,0.2143061,2.705455,31.336,52.936
Truck-102,Route-102,(425.0 0.0 55.5),(625.0 0.0 200.0),373.5235,379.136,0.07633642,2.39806,7.352,66.76
Truck-101,Route-101,(675.0 0.0 205.5),(375.0 0.0 200.0),369.9391,382.72,0.182743,2.668387,41.744,36.064
Truck-103,Route-103,(175.0 0.0 155.5),(625.0 0.0 50.0),405.7827,402.224,-0.03364119,2.004392,30.384,66.912
