Truck_id,Route_id,Origin,Destination,Completion_Time_alone,Completion_Time,Congestion_ratio,TravelTime_by_Distance,PickupSta_AT,DropSta_AT,,,C_max_prev,C_max_now,C_max,Congestion_ratio_AVG_prev,Congestion_ratio_AVG_now,Congestion_ratio_AVG
Truck-4,Route-4,(175.0 0.0 155.5),(125.0 0.0 200.0),341.2643,340.64,-0.01512925,2.709334,7.2,28.416,,,394.864,400.592,400.592,0.01535061,0.05697036,0.03616048
Truck-1,Route-1,(175.0 0.0 194.5),(375.0 0.0 150.0),352.0174,349.056,-0.05693031,2.336,16.544,27.664
Truck-2,Route-2,(675.0 0.0 194.5),(625.0 0.0 200.0),355.6017,359.64,0.07262905,2.593044,24.896,29.792
Truck-102,Route-102,(675.0 0.0 55.5),(625.0 0.0 200.0),348.433,353.224,0.09891982,2.801263,7.28,41.032
Truck-103,Route-103,(175.0 0.0 205.5),(375.0 0.0 0.0),352.0174,355.696,0.07071965,2.652191,7.28,43.584
Truck-0,Route-0,(675.0 0.0 55.5),(625.0 0.0 100.0),373.5235,376.376,0.03879767,2.314425,38.68,32.72
Truck-101,Route-101,(175.0 0.0 5.5),(125.0 0.0 50.0),380.6922,380.888,0.002426514,2.186162,42.952,33.04
Truck-3,Route-3,(175.0 0.0 105.5),(375.0 0.0 50.0),391.4453,394.864,0.03738589,2.20614,35.512,51.504
Truck-104,Route-104,(675.0 0.0 194.5),(375.0 0.0 200.0),387.8609,396.008,0.09272719,2.341658,50.904,40.264
Truck-100,Route-100,(675.0 0.0 105.5),(375.0 0.0 200.0),398.614,400.592,0.0200586,2.140255,38.224,57.456
