Truck_id,Route_id,Origin,Destination,Completion_Time_alone,Completion_Time,Congestion_ratio,TravelTime_by_Distance,PickupSta_AT,DropSta_AT,,,C_max_prev,C_max_now,C_max,Congestion_ratio_AVG_prev,Congestion_ratio_AVG_now,Congestion_ratio_AVG
Truck-4,Route-4,(175.0 0.0 155.5),(125.0 0.0 150.0),362.7704,369.36,0.1049789,2.568888,29.76,34.568,,,432.688,401.792,432.688,0.08590272,0.04674038,0.06632155
Truck-0,Route-0,(675.0 0.0 105.5),(375.0 0.0 50.0),373.5235,379.024,0.07481311,2.394666,34.312,39.672
Truck-2,Route-2,(675.0 0.0 55.5),(375.0 0.0 100.0),373.5235,383.24,0.1321554,2.522424,39.24,35.96
Truck-1,Route-1,(425.0 0.0 155.5),(625.0 0.0 0.0),391.4453,400.928,0.1036987,2.347163,29.856,63.072
Truck-3,Route-3,(675.0 0.0 5.5),(625.0 0.0 200.0),430.8731,432.688,0.01386748,2.041354,46.4,81.24
Truck-100,Route-100,(425.0 0.0 205.5),(375.0 0.0 150.0),341.2643,343.472,0.05350076,2.898132,6.976,31.472
Truck-104,Route-104,(175.0 0.0 5.5),(375.0 0.0 200.0),352.0174,356.088,0.07825556,2.670858,6.968,44.096
Truck-102,Route-102,(425.0 0.0 5.5),(125.0 0.0 200.0),369.9391,370.296,0.005102617,2.267613,34.616,30.648
Truck-101,Route-101,(675.0 0.0 -5.5),(625.0 0.0 50.0),373.5235,380.936,0.1008186,2.452606,35.696,40.144
Truck-103,Route-103,(675.0 0.0 155.5),(375.0 0.0 100.0),402.1983,401.792,-0.003975712,2.077388,45.848,50.912
