Truck_id,Route_id,Origin,Destination,Completion_Time_alone,Completion_Time,Congestion_ratio,TravelTime_by_Distance,PickupSta_AT,DropSta_AT,,,C_max_prev,C_max_now,C_max,Congestion_ratio_AVG_prev,Congestion_ratio_AVG_now,Congestion_ratio_AVG
Truck-0,Route-0,(425.0 0.0 105.5),(125.0 0.0 200.0),344.8487,344.6,-0.005544362,2.62353,7,32.544,,,393.536,405.808,405.808,0.1149089,0.1274889,0.1211989
Truck-2,Route-2,(175.0 0.0 205.5),(125.0 0.0 100.0),344.8487,347.8,0.0658063,2.811764,6.88,35.912
Truck-105,Route-105,(425.0 0.0 155.5),(125.0 0.0 200.0),341.2643,343.52,0.05466409,2.901333,6.976,31.56
Truck-5,Route-5,(675.0 0.0 55.5),(375.0 0.0 200.0),348.433,356.112,0.1585486,2.953263,6.88,44.152
Truck-9,Route-9,(175.0 0.0 155.5),(375.0 0.0 200.0),359.1861,358.632,-0.009361614,2.345279,6.88,46.704
Truck-100,Route-100,(675.0 0.0 205.5),(375.0 0.0 100.0),344.8487,350.8,0.1326979,2.988235,6.984,32.752
Truck-106,Route-106,(675.0 0.0 55.5),(375.0 0.0 200.0),348.433,351.304,0.05927716,2.70021,6.976,39.248
Truck-104,Route-104,(175.0 0.0 205.5),(375.0 0.0 0.0),352.0174,356.712,0.09025142,2.700572,6.976,44.664
Truck-3,Route-3,(425.0 0.0 -5.5),(625.0 0.0 150.0),366.3548,368.952,0.03914156,2.377655,36.32,27.552
Truck-6,Route-6,(675.0 0.0 105.5),(125.0 0.0 200.0),362.7704,377.848,0.2402019,2.883259,6.992,65.744
Truck-109,Route-109,(675.0 0.0 -5.5),(625.0 0.0 150.0),366.3548,373.168,0.1026789,2.523035,36,32.112
Truck-7,Route-7,(425.0 0.0 194.5),(125.0 0.0 0.0),380.6922,385.368,0.05794627,2.307244,16.456,63.896
Truck-4,Route-4,(425.0 0.0 55.5),(625.0 0.0 200.0),366.3548,388.352,0.3315093,3.04662,6.992,76.328
Truck-8,Route-8,(175.0 0.0 -5.5),(375.0 0.0 0.0),377.1078,389.52,0.1609712,2.557714,37.8,46.728
Truck-1,Route-1,(175.0 0.0 55.5),(625.0 0.0 200.0),384.2766,393.536,0.1098699,2.398359,6.992,81.48
Truck-102,Route-102,(675.0 0.0 105.5),(125.0 0.0 0.0),377.1078,389.456,0.1601412,2.555886,34.864,49.52
Truck-101,Route-101,(175.0 0.0 5.5),(125.0 0.0 50.0),380.6922,391.2,0.1302209,2.464865,42.368,43.808
Truck-103,Route-103,(175.0 0.0 155.5),(625.0 0.0 200.0),398.614,398.904,0.002941157,2.10434,6.976,86.864
Truck-107,Route-107,(425.0 0.0 55.5),(625.0 0.0 100.0),391.4453,400.856,0.1029112,2.345488,39.552,47.352
Truck-108,Route-108,(425.0 0.0 -5.5),(375.0 0.0 50.0),373.5235,405.808,0.4391053,3.206303,39.928,42.792
